DATE,DEXCAUS
2014-03-01,1.109
2014-03-02,1.109
2014-03-03,1.109
2014-03-04,1.1113
2014-03-05,1.105
2014-03-06,1.0965
2014-03-07,1.1088
2014-03-08,1.1104
2014-03-09,1.1104
2014-03-10,1.1104
2014-03-11,1.1085
2014-03-12,1.113
2014-03-13,1.1059
2014-03-14,1.1087
2014-03-15,1.1052
2014-03-16,1.1052
2014-03-17,1.1052
2014-03-18,1.1089
2014-03-19,1.1177
2014-03-20,1.1251
2014-03-21,1.1191
2014-03-22,1.1218
2014-03-23,1.1218
2014-03-24,1.1218
2014-03-25,1.1176
2014-03-26,1.1143
2014-03-27,1.1056
2014-03-28,1.1066
2014-03-29,1.1053
2014-03-30,1.1053
2014-03-31,1.1053
2014-04-01,1.1026
2014-04-02,1.103
2014-04-03,1.1035
2014-04-04,1.0978
2014-04-05,1.0971
2014-04-06,1.0971
2014-04-07,1.0971
2014-04-08,1.0919
2014-04-09,1.0902
2014-04-10,1.0912
2014-04-11,1.096
2014-04-12,1.0968
2014-04-13,1.0968
2014-04-14,1.0968
2014-04-15,1.098
2014-04-16,1.1027
2014-04-17,1.0997
2014-04-18,1.1024
2014-04-19,1.102
2014-04-20,1.102
2014-04-21,1.102
2014-04-22,1.1025
2014-04-23,1.1034
2014-04-24,1.1026
2014-04-25,1.1041
2014-04-26,1.1032
2014-04-27,1.1032
2014-04-28,1.1032
2014-04-29,1.0963
2014-04-30,1.0956
2014-05-01,1.0965
2014-05-02,1.0973
2014-05-03,1.0955
2014-05-04,1.0955
2014-05-05,1.0955
2014-05-06,1.089
2014-05-07,1.0895
2014-05-08,1.0856
2014-05-09,1.0899
2014-05-10,1.0886
2014-05-11,1.0886
2014-05-12,1.0886
2014-05-13,1.0892
2014-05-14,1.0887
2014-05-15,1.0887
2014-05-16,1.0883
2014-05-17,1.0861
2014-05-18,1.0861
2014-05-19,1.0861
2014-05-20,1.09
2014-05-21,1.0935
2014-05-22,1.0897
2014-05-23,1.087
2014-05-24,1.0869
2014-05-25,1.0869
2014-05-26,1.0869
2014-05-27,1.0869
2014-05-28,1.0867
2014-05-29,1.0837
2014-05-30,1.0867
2014-05-31,1.0894
2014-06-01,1.0894
2014-06-02,1.0894
2014-06-03,1.0915
2014-06-04,1.0937
2014-06-05,1.0935
2014-06-06,1.0936
2014-06-07,1.0908
2014-06-08,1.0908
2014-06-09,1.0908
2014-06-10,1.0914
2014-06-11,1.0867
2014-06-12,1.0851
2014-06-13,1.0868
2014-06-14,1.0849
2014-06-15,1.0849
2014-06-16,1.0849
2014-06-17,1.0851
2014-06-18,1.087
2014-06-19,1.0828
2014-06-20,1.0766
2014-06-21,1.0731
2014-06-22,1.0731
2014-06-23,1.0731
2014-06-24,1.0739
2014-06-25,1.0721
2014-06-26,1.0706
2014-06-27,1.0676
2014-06-28,1.0676
2014-06-29,1.0676
2014-06-30,1.0676
2014-07-01,1.0652
2014-07-02,1.0667
2014-07-03,1.0633
2014-07-04,1.0662
2014-07-05,1.0662
2014-07-06,1.0662
2014-07-07,1.0662
2014-07-08,1.0674
2014-07-09,1.0648
2014-07-10,1.0658
2014-07-11,1.072
2014-07-12,1.0721
2014-07-13,1.0721
2014-07-14,1.0721
2014-07-15,1.0766
2014-07-16,1.0749
2014-07-17,1.0753
2014-07-18,1.0737
2014-07-19,1.0736
2014-07-20,1.0736
2014-07-21,1.0736
2014-07-22,1.0744
2014-07-23,1.0739
2014-07-24,1.0741
2014-07-25,1.0814
2014-07-26,1.08
2014-07-27,1.08
2014-07-28,1.08
2014-07-29,1.0851
2014-07-30,1.0908
2014-07-31,1.0889
2014-08-01,1.0918
2014-08-02,1.0916
2014-08-03,1.0916
2014-08-04,1.0916
2014-08-05,1.0969
2014-08-06,1.0926
2014-08-07,1.0922
2014-08-08,1.0982
2014-08-09,1.0933
2014-08-10,1.0933
2014-08-11,1.0933
2014-08-12,1.0944
2014-08-13,1.0929
2014-08-14,1.091
2014-08-15,1.091
2014-08-16,1.0888
2014-08-17,1.0888
2014-08-18,1.0888
2014-08-19,1.0929
2014-08-20,1.0944
2014-08-21,1.0949
2014-08-22,1.0949
2014-08-23,1.098
2014-08-24,1.098
2014-08-25,1.098
2014-08-26,1.095
2014-08-27,1.089
2014-08-28,1.0857
2014-08-29,1.0858
2014-08-30,1.0923
2014-08-31,1.0923
2014-09-01,1.0923
2014-09-02,1.0923
2014-09-03,1.0872
2014-09-04,1.0862
2014-09-05,1.089
2014-09-06,1.0933
2014-09-07,1.0933
2014-09-08,1.0933
2014-09-09,1.101
2014-09-10,1.0954
2014-09-11,1.1032
2014-09-12,1.1075
2014-09-13,1.105
2014-09-14,1.105
2014-09-15,1.105
2014-09-16,1.0985
2014-09-17,1.0951
2014-09-18,1.0946
2014-09-19,1.0968
2014-09-20,1.1007
2014-09-21,1.1007
2014-09-22,1.1007
2014-09-23,1.1059
2014-09-24,1.1088
2014-09-25,1.1105
2014-09-26,1.1162
2014-09-27,1.1142
2014-09-28,1.1142
2014-09-29,1.1142
2014-09-30,1.1207
2014-10-01,1.1171
2014-10-02,1.115
2014-10-03,1.1254
2014-10-04,1.1174
2014-10-05,1.1174
2014-10-06,1.1174
2014-10-07,1.1182
2014-10-08,1.1181
2014-10-09,1.115
2014-10-10,1.1173
2014-10-11,1.1235
2014-10-12,1.1235
2014-10-13,1.1235
2014-10-14,1.1235
2014-10-15,1.1291
2014-10-16,1.1265
2014-10-17,1.1247
2014-10-18,1.1276
2014-10-19,1.1276
2014-10-20,1.1276
2014-10-21,1.1219
2014-10-22,1.1218
2014-10-23,1.1236
2014-10-24,1.1211
2014-10-25,1.1247
2014-10-26,1.1247
2014-10-27,1.1247
2014-10-28,1.1176
2014-10-29,1.1135
2014-10-30,1.1191
2014-10-31,1.1272
2014-11-01,1.1319
2014-11-02,1.1319
2014-11-03,1.1319
2014-11-04,1.1396
2014-11-05,1.1377
2014-11-06,1.1423
2014-11-07,1.136
2014-11-08,1.1344
2014-11-09,1.1344
2014-11-10,1.1344
2014-11-11,1.1284
2014-11-12,1.1284
2014-11-13,1.1349
2014-11-14,1.1294
2014-11-15,1.1308
2014-11-16,1.1308
2014-11-17,1.1308
2014-11-18,1.1305
2014-11-19,1.1349
2014-11-20,1.1311
2014-11-21,1.1237
2014-11-22,1.1279
2014-11-23,1.1279
2014-11-24,1.1279
2014-11-25,1.126
2014-11-26,1.1236
2014-11-27,1.1426
2014-11-28,1.1426
2014-11-29,1.1343
2014-11-30,1.1343
2014-12-01,1.1343
2014-12-02,1.1397
2014-12-03,1.1359
2014-12-04,1.1374
2014-12-05,1.1423
2014-12-06,1.1473
2014-12-07,1.1473
2014-12-08,1.1473
2014-12-09,1.1422
2014-12-10,1.1479
2014-12-11,1.1534
2014-12-12,1.1538
2014-12-13,1.1629
2014-12-14,1.1629
2014-12-15,1.1629
2014-12-16,1.1624
2014-12-17,1.1629
2014-12-18,1.1594
2014-12-19,1.1626
2014-12-20,1.1644
2014-12-21,1.1644
2014-12-22,1.1644
2014-12-23,1.1626
2014-12-24,1.1621
2014-12-25,1.1631
2014-12-26,1.1631
2014-12-27,1.1631
2014-12-28,1.1631
2014-12-29,1.1631
2014-12-30,1.1597
2014-12-31,1.1601
2015-01-01,1.1725
2015-01-02,1.1725
2015-01-03,1.1785
2015-01-04,1.1785
2015-01-05,1.1785
2015-01-06,1.1802
2015-01-07,1.1851
2015-01-08,1.1812
2015-01-09,1.1857
2015-01-10,1.1929
2015-01-11,1.1929
2015-01-12,1.1929
2015-01-13,1.1947
2015-01-14,1.1957
2015-01-15,1.1932
2015-01-16,1.1986
2015-01-17,1.2085
2015-01-18,1.2085
2015-01-19,1.2085
2015-01-20,1.2085
2015-01-21,1.2377
2015-01-22,1.237
2015-01-23,1.24
2015-01-24,1.2409
2015-01-25,1.2409
2015-01-26,1.2409
2015-01-27,1.2402
2015-01-28,1.2452
2015-01-29,1.2644
2015-01-30,1.2716
2015-01-31,1.2577
2015-02-01,1.2577
2015-02-02,1.2577
2015-02-03,1.2452
2015-02-04,1.255
2015-02-05,1.2419
2015-02-06,1.2524
2015-02-07,1.2448
2015-02-08,1.2448
2015-02-09,1.2448
2015-02-10,1.2528
2015-02-11,1.2635
2015-02-12,1.2464
2015-02-13,1.2449
2015-02-14,1.2401
2015-02-15,1.2401
2015-02-16,1.2401
2015-02-17,1.2401
2015-02-18,1.2456
2015-02-19,1.2484
2015-02-20,1.2503
2015-02-21,1.2577
2015-02-22,1.2577
2015-02-23,1.2577
2015-02-24,1.2601
2015-02-25,1.2418
2015-02-26,1.249
2015-02-27,1.2506
2015-02-28,1.2535
2015-03-01,1.2535
2015-03-02,1.2535
2015-03-03,1.245
2015-03-04,1.2439
2015-03-05,1.2482
2015-03-06,1.2615
2015-03-07,1.2598
2015-03-08,1.2598
2015-03-09,1.2598
2015-03-10,1.2633
2015-03-11,1.2763
2015-03-12,1.2692
2015-03-13,1.2803
2015-03-14,1.2763
2015-03-15,1.2763
2015-03-16,1.2763
2015-03-17,1.2769
2015-03-18,1.2771
2015-03-19,1.2743
2015-03-20,1.2593
2015-03-21,1.2515
2015-03-22,1.2515
2015-03-23,1.2515
2015-03-24,1.251
2015-03-25,1.2513
2015-03-26,1.2469
2015-03-27,1.2579
2015-03-28,1.2687
2015-03-29,1.2687
2015-03-30,1.2687
2015-03-31,1.2681
2015-04-01,1.261
2015-04-02,1.2584
2015-04-03,1.2465
2015-04-04,1.245
2015-04-05,1.245
2015-04-06,1.245
2015-04-07,1.2488
2015-04-08,1.2508
2015-04-09,1.258
2015-04-10,1.2596
2015-04-11,1.2603
2015-04-12,1.2603
2015-04-13,1.2603
2015-04-14,1.2476
2015-04-15,1.2378
2015-04-16,1.2206
2015-04-17,1.2225
2015-04-18,1.2203
2015-04-19,1.2203
2015-04-20,1.2203
2015-04-21,1.2274
2015-04-22,1.225
2015-04-23,1.2148
2015-04-24,1.2168
2015-04-25,1.2106
2015-04-26,1.2106
2015-04-27,1.2106
2015-04-28,1.2021
2015-04-29,1.1955
2015-04-30,1.2116
2015-05-01,1.2191
2015-05-02,1.2108
2015-05-03,1.2108
2015-05-04,1.2108
2015-05-05,1.2038
2015-05-06,1.2007
2015-05-07,1.2139
2015-05-08,1.2086
2015-05-09,1.2107
2015-05-10,1.2107
2015-05-11,1.2107
2015-05-12,1.1987
2015-05-13,1.195
2015-05-14,1.1991
2015-05-15,1.2009
2015-05-16,1.215
2015-05-17,1.215
2015-05-18,1.215
2015-05-19,1.2213
2015-05-20,1.2212
2015-05-21,1.2201
2015-05-22,1.2288
2015-05-23,1.2428
2015-05-24,1.2428
2015-05-25,1.2428
2015-05-26,1.2428
2015-05-27,1.2483
2015-05-28,1.2474
2015-05-29,1.2466
2015-05-30,1.2547
2015-05-31,1.2547
2015-06-01,1.2547
2015-06-02,1.2425
2015-06-03,1.2437
2015-06-04,1.2477
2015-06-05,1.2488
2015-06-06,1.2435
2015-06-07,1.2435
2015-06-08,1.2435
2015-06-09,1.2316
2015-06-10,1.2267
2015-06-11,1.2314
2015-06-12,1.2306
2015-06-13,1.2321
2015-06-14,1.2321
2015-06-15,1.2321
2015-06-16,1.2328
2015-06-17,1.2307
2015-06-18,1.2206
2015-06-19,1.2273
2015-06-20,1.2286
2015-06-21,1.2286
2015-06-22,1.2286
2015-06-23,1.2326
2015-06-24,1.2413
2015-06-25,1.2346
2015-06-26,1.2358
2015-06-27,1.238
2015-06-28,1.238
2015-06-29,1.238
2015-06-30,1.2473
2015-07-01,1.2559
2015-07-02,1.2566
2015-07-03,1.2623
2015-07-04,1.2623
2015-07-05,1.2623
2015-07-06,1.2623
2015-07-07,1.2742
2015-07-08,1.2724
2015-07-09,1.2727
2015-07-10,1.2713
2015-07-11,1.2762
2015-07-12,1.2762
2015-07-13,1.2762
2015-07-14,1.2746
2015-07-15,1.2935
2015-07-16,1.2938
2015-07-17,1.2997
2015-07-18,1.2982
2015-07-19,1.2982
2015-07-20,1.2982
2015-07-21,1.2958
2015-07-22,1.3023
2015-07-23,1.303
2015-07-24,1.3059
2015-07-25,1.3008
2015-07-26,1.3008
2015-07-27,1.3008
2015-07-28,1.2933
2015-07-29,1.2893
2015-07-30,1.3024
2015-07-31,1.3047
2015-08-01,1.3141
2015-08-02,1.3141
2015-08-03,1.3141
2015-08-04,1.3124
2015-08-05,1.3181
2015-08-06,1.3152
2015-08-07,1.3122
2015-08-08,1.3056
2015-08-09,1.3056
2015-08-10,1.3056
2015-08-11,1.3149
2015-08-12,1.2973
2015-08-13,1.3078
2015-08-14,1.3075
2015-08-15,1.309
2015-08-16,1.309
2015-08-17,1.309
2015-08-18,1.3075
2015-08-19,1.3165
2015-08-20,1.3075
2015-08-21,1.3146
2015-08-22,1.321
2015-08-23,1.321
2015-08-24,1.321
2015-08-25,1.3295
2015-08-26,1.3301
2015-08-27,1.3193
2015-08-28,1.3268
2015-08-29,1.3223
2015-08-30,1.3223
2015-08-31,1.3223
2015-09-01,1.318
2015-09-02,1.3308
2015-09-03,1.32
2015-09-04,1.3272
2015-09-05,1.3193
2015-09-06,1.3193
2015-09-07,1.3193
2015-09-08,1.3193
2015-09-09,1.3221
2015-09-10,1.3218
2015-09-11,1.3274
2015-09-12,1.3265
2015-09-13,1.3265
2015-09-14,1.3265
2015-09-15,1.3261
2015-09-16,1.318
2015-09-17,1.3186
2015-09-18,1.3146
2015-09-19,1.3249
2015-09-20,1.3249
2015-09-21,1.3249
2015-09-22,1.3276
2015-09-23,1.3313
2015-09-24,1.3348
2015-09-25,1.3322
2015-09-26,1.336
2015-09-27,1.336
2015-09-28,1.336
2015-09-29,1.3414
2015-09-30,1.3396
2015-10-01,1.324
2015-10-02,1.3213
2015-10-03,1.3084
2015-10-04,1.3084
2015-10-05,1.3084
2015-10-06,1.3056
2015-10-07,1.3038
2015-10-08,1.3017
2015-10-09,1.2945
2015-10-10,1.2984
2015-10-11,1.2984
2015-10-12,1.2984
2015-10-13,1.2984
2015-10-14,1.2983
2015-10-15,1.2901
2015-10-16,1.2932
2015-10-17,1.2999
2015-10-18,1.2999
2015-10-19,1.2999
2015-10-20,1.2974
2015-10-21,1.3117
2015-10-22,1.3087
2015-10-23,1.3171
2015-10-24,1.3134
2015-10-25,1.3134
2015-10-26,1.3134
2015-10-27,1.3242
2015-10-28,1.3149
2015-10-29,1.3169
2015-10-30,1.3082
2015-10-31,1.3093
2015-11-01,1.3093
2015-11-02,1.3093
2015-11-03,1.3107
2015-11-04,1.3164
2015-11-05,1.3162
2015-11-06,1.3307
2015-11-07,1.3274
2015-11-08,1.3274
2015-11-09,1.3274
2015-11-10,1.3258
2015-11-11,1.3309
2015-11-12,1.3309
2015-11-13,1.3332
2015-11-14,1.3352
2015-11-15,1.3352
2015-11-16,1.3352
2015-11-17,1.3324
2015-11-18,1.3351
2015-11-19,1.3266
2015-11-20,1.3337
2015-11-21,1.3358
2015-11-22,1.3358
2015-11-23,1.3358
2015-11-24,1.3308
2015-11-25,1.3298
2015-11-26,1.336
2015-11-27,1.336
2015-11-28,1.3332
2015-11-29,1.3332
2015-11-30,1.3332
2015-12-01,1.3372
2015-12-02,1.3357
2015-12-03,1.3393
2015-12-04,1.3364
2015-12-05,1.3508
2015-12-06,1.3508
2015-12-07,1.3508
2015-12-08,1.3594
2015-12-09,1.3595
2015-12-10,1.3598
2015-12-11,1.3695
2015-12-12,1.3732
2015-12-13,1.3732
2015-12-14,1.3732
2015-12-15,1.3729
2015-12-16,1.3805
2015-12-17,1.397
2015-12-18,1.3876
2015-12-19,1.3989
2015-12-20,1.3989
2015-12-21,1.3989
2015-12-22,1.3929
2015-12-23,1.386
2015-12-24,1.3847
2015-12-25,1.3893
2015-12-26,1.3893
2015-12-27,1.3893
2015-12-28,1.3893
2015-12-29,1.3848
2015-12-30,1.3883
2015-12-31,1.3839
2016-01-01,1.397
2016-01-02,1.397
2016-01-03,1.397
2016-01-04,1.397
2016-01-05,1.3991
2016-01-06,1.4084
2016-01-07,1.4061
2016-01-08,1.415
2016-01-09,1.4203
2016-01-10,1.4203
2016-01-11,1.4203
2016-01-12,1.4293
2016-01-13,1.4294
2016-01-14,1.4374
2016-01-15,1.4531
2016-01-16,1.4513
2016-01-17,1.4513
2016-01-18,1.4513
2016-01-19,1.4513
2016-01-20,1.4592
2016-01-21,1.4244
2016-01-22,1.4153
2016-01-23,1.4248
2016-01-24,1.4248
2016-01-25,1.4248
2016-01-26,1.4062
2016-01-27,1.404
2016-01-28,1.4077
2016-01-29,1.4074
2016-01-30,1.4005
2016-01-31,1.4005
2016-02-01,1.4005
2016-02-02,1.4039
2016-02-03,1.3843
2016-02-04,1.3724
2016-02-05,1.3875
2016-02-06,1.3921
2016-02-07,1.3921
2016-02-08,1.3921
2016-02-09,1.386
2016-02-10,1.3969
2016-02-11,1.3933
2016-02-12,1.3834
2016-02-13,1.3857
2016-02-14,1.3857
2016-02-15,1.3857
2016-02-16,1.3857
2016-02-17,1.3682
2016-02-18,1.3718
2016-02-19,1.3798
2016-02-20,1.3684
2016-02-21,1.3684
2016-02-22,1.3684
2016-02-23,1.3791
2016-02-24,1.3765
2016-02-25,1.3572
2016-02-26,1.3546
2016-02-27,1.3522
2016-02-28,1.3522
2016-02-29,1.3522
2016-03-01,1.3404
2016-03-02,1.3466
2016-03-03,1.3405
2016-03-04,1.3337
2016-03-05,1.33
2016-03-06,1.33
2016-03-07,1.33
2016-03-08,1.3388
2016-03-09,1.3233
2016-03-10,1.3372
2016-03-11,1.3211
2016-03-12,1.3291
2016-03-13,1.3291
2016-03-14,1.3291
2016-03-15,1.3355
2016-03-16,1.3364
2016-03-17,1.2982
2016-03-18,1.298
2016-03-19,1.3067
2016-03-20,1.3067
2016-03-21,1.3067
2016-03-22,1.3051
2016-03-23,1.3199
2016-03-24,1.327
2016-03-25,1.3264
2016-03-26,1.3184
2016-03-27,1.3184
2016-03-28,1.3184
2016-03-29,1.3153
2016-03-30,1.2962
2016-03-31,1.2969
2016-04-01,1.3047
2016-04-02,1.3037
2016-04-03,1.3037
2016-04-04,1.3037
2016-04-05,1.3175
2016-04-06,1.3073
2016-04-07,1.3163
2016-04-08,1.2994
2016-04-09,1.2912
2016-04-10,1.2912
2016-04-11,1.2912
2016-04-12,1.28
2016-04-13,1.2789
2016-04-14,1.2835
2016-04-15,1.2857
2016-04-16,1.2815
2016-04-17,1.2815
2016-04-18,1.2815
2016-04-19,1.2654
2016-04-20,1.2623
2016-04-21,1.2713
2016-04-22,1.2672
2016-04-23,1.2678
2016-04-24,1.2678
2016-04-25,1.2678
2016-04-26,1.2614
2016-04-27,1.2637
2016-04-28,1.2544
2016-04-29,1.2549
2016-04-30,1.2544
2016-05-01,1.2544
2016-05-02,1.2544
2016-05-03,1.2686
2016-05-04,1.2882
2016-05-05,1.2855
2016-05-06,1.292
2016-05-07,1.2994
2016-05-08,1.2994
2016-05-09,1.2994
2016-05-10,1.2957
2016-05-11,1.2834
2016-05-12,1.2857
2016-05-13,1.2939
2016-05-14,1.2886
2016-05-15,1.2886
2016-05-16,1.2886
2016-05-17,1.2884
2016-05-18,1.2924
2016-05-19,1.3114
2016-05-20,1.3136
2016-05-21,1.3155
2016-05-22,1.3155
2016-05-23,1.3155
2016-05-24,1.3117
2016-05-25,1.3089
2016-05-26,1.298
2016-05-27,1.3001
2016-05-28,1.3097
2016-05-29,1.3097
2016-05-30,1.3097
2016-05-31,1.3097
2016-06-01,1.3089
2016-06-02,1.308
2016-06-03,1.2947
2016-06-04,1.2856
2016-06-05,1.2856
2016-06-06,1.2856
2016-06-07,1.2788
2016-06-08,1.2694
2016-06-09,1.2728
2016-06-10,1.2734
2016-06-11,1.2791
2016-06-12,1.2791
2016-06-13,1.2791
2016-06-14,1.2833
2016-06-15,1.2912
2016-06-16,1.3039
2016-06-17,1.2875
2016-06-18,1.2807
2016-06-19,1.2807
2016-06-20,1.2807
2016-06-21,1.2817
2016-06-22,1.282
2016-06-23,1.2749
2016-06-24,1.2948
2016-06-25,1.3076
2016-06-26,1.3076
2016-06-27,1.3076
2016-06-28,1.3086
2016-06-29,1.299
2016-06-30,1.301
2016-07-01,1.2897
2016-07-02,1.295
2016-07-03,1.295
2016-07-04,1.295
2016-07-05,1.295
2016-07-06,1.3003
2016-07-07,1.2984
2016-07-08,1.3072
2016-07-09,1.3125
2016-07-10,1.3125
2016-07-11,1.3125
2016-07-12,1.3016
2016-07-13,1.2962
2016-07-14,1.2916
2016-07-15,1.2978
2016-07-16,1.2984
2016-07-17,1.2984
2016-07-18,1.2984
2016-07-19,1.3027
2016-07-20,1.3037
2016-07-21,1.3056
2016-07-22,1.3178
2016-07-23,1.3224
2016-07-24,1.3224
2016-07-25,1.3224
2016-07-26,1.3207
2016-07-27,1.3221
2016-07-28,1.317
2016-07-29,1.304
2016-07-30,1.3096
2016-07-31,1.3096
2016-08-01,1.3096
2016-08-02,1.3087
2016-08-03,1.3078
2016-08-04,1.3025
2016-08-05,1.3179
2016-08-06,1.3162
2016-08-07,1.3162
2016-08-08,1.3162
2016-08-09,1.3116
2016-08-10,1.3059
2016-08-11,1.3004
2016-08-12,1.2943
2016-08-13,1.2922
2016-08-14,1.2922
2016-08-15,1.2922
2016-08-16,1.2861
2016-08-17,1.2885
2016-08-18,1.2777
2016-08-19,1.2878
2016-08-20,1.2942
2016-08-21,1.2942
2016-08-22,1.2942
2016-08-23,1.2904
2016-08-24,1.2939
2016-08-25,1.2934
2016-08-26,1.2944
2016-08-27,1.3018
2016-08-28,1.3018
2016-08-29,1.3018
2016-08-30,1.3075
2016-08-31,1.3122
2016-09-01,1.3107
2016-09-02,1.2998
2016-09-03,1.2843
2016-09-04,1.2843
2016-09-05,1.2843
2016-09-06,1.2843
2016-09-07,1.2895
2016-09-08,1.291
2016-09-09,1.3034
2016-09-10,1.3076
2016-09-11,1.3076
2016-09-12,1.3076
2016-09-13,1.3167
2016-09-14,1.3187
2016-09-15,1.3145
2016-09-16,1.3212
2016-09-17,1.318
2016-09-18,1.318
2016-09-19,1.318
2016-09-20,1.3228
2016-09-21,1.3186
2016-09-22,1.3036
2016-09-23,1.3163
2016-09-24,1.3196
2016-09-25,1.3196
2016-09-26,1.3196
2016-09-27,1.3247
2016-09-28,1.3237
2016-09-29,1.3101
2016-09-30,1.3115
2016-10-01,1.3138
2016-10-02,1.3138
2016-10-03,1.3138
2016-10-04,1.3171
2016-10-05,1.3177
2016-10-06,1.3209
2016-10-07,1.3306
2016-10-08,1.3235
2016-10-09,1.3235
2016-10-10,1.3235
2016-10-11,1.3235
2016-10-12,1.3277
2016-10-13,1.3219
2016-10-14,1.3169
2016-10-15,1.3135
2016-10-16,1.3135
2016-10-17,1.3135
2016-10-18,1.3105
2016-10-19,1.3105
2016-10-20,1.3197
2016-10-21,1.3324
2016-10-22,1.3387
2016-10-23,1.3387
2016-10-24,1.3387
2016-10-25,1.3333
2016-10-26,1.3361
2016-10-27,1.3385
2016-10-28,1.3383
2016-10-29,1.3403
2016-10-30,1.3403
2016-10-31,1.3403
2016-11-01,1.3377
2016-11-02,1.3387
2016-11-03,1.3384
2016-11-04,1.3413
2016-11-05,1.338
2016-11-06,1.338
2016-11-07,1.338
2016-11-08,1.3335
2016-11-09,1.3406
2016-11-10,1.3474
2016-11-11,1.3581
2016-11-12,1.3581
2016-11-13,1.3581
2016-11-14,1.3581
2016-11-15,1.3468
2016-11-16,1.3415
2016-11-17,1.3429
2016-11-18,1.3518
2016-11-19,1.3432
2016-11-20,1.3432
2016-11-21,1.3432
2016-11-22,1.3444
2016-11-23,1.3467
2016-11-24,1.3512
2016-11-25,1.3512
2016-11-26,1.3401
2016-11-27,1.3401
2016-11-28,1.3401
2016-11-29,1.3435
2016-11-30,1.3425
2016-12-01,1.333
2016-12-02,1.3298
2016-12-03,1.3271
2016-12-04,1.3271
2016-12-05,1.3271
2016-12-06,1.3279
2016-12-07,1.3251
2016-12-08,1.322
2016-12-09,1.3162
2016-12-10,1.3137
2016-12-11,1.3137
2016-12-12,1.3137
2016-12-13,1.3119
2016-12-14,1.3123
2016-12-15,1.3397
2016-12-16,1.3339
2016-12-17,1.3395
2016-12-18,1.3395
2016-12-19,1.3395
2016-12-20,1.3376
2016-12-21,1.3401
2016-12-22,1.347
2016-12-23,1.3533
2016-12-24,1.3553
2016-12-25,1.3553
2016-12-26,1.3553
2016-12-27,1.3553
2016-12-28,1.3555
2016-12-29,1.3488
2016-12-30,1.3426
2016-12-31,1.3437
2017-01-01,1.3437
2017-01-02,1.3437
2017-01-03,1.3437
2017-01-04,1.3293
2017-01-05,1.3216
2017-01-06,1.3216
2017-01-07,1.322
2017-01-08,1.322
2017-01-09,1.322
2017-01-10,1.3208
2017-01-11,1.3219
2017-01-12,1.313
2017-01-13,1.3134
2017-01-14,1.306
2017-01-15,1.306
2017-01-16,1.306
2017-01-17,1.306
2017-01-18,1.3175
2017-01-19,1.3327
2017-01-20,1.3283
2017-01-21,1.3283
2017-01-22,1.3283
2017-01-23,1.3283
2017-01-24,1.3152
2017-01-25,1.3074
2017-01-26,1.3104
2017-01-27,1.3108
2017-01-28,1.3092
2017-01-29,1.3092
2017-01-30,1.3092
2017-01-31,1.303
2017-02-01,1.3088
2017-02-02,1.3018
2017-02-03,1.3003
2017-02-04,1.3116
2017-02-05,1.3116
2017-02-06,1.3116
2017-02-07,1.3166
2017-02-08,1.3156
2017-02-09,1.3139
2017-02-10,1.3073
2017-02-11,1.3072
2017-02-12,1.3072
2017-02-13,1.3072
2017-02-14,1.3092
2017-02-15,1.3082
2017-02-16,1.3056
2017-02-17,1.3114
2017-02-18,1.3149
2017-02-19,1.3149
2017-02-20,1.3149
2017-02-21,1.3149
2017-02-22,1.3188
2017-02-23,1.3109
2017-02-24,1.3106
2017-02-25,1.31
2017-02-26,1.31
2017-02-27,1.31
2017-02-28,1.3247
2017-03-01,1.3345
2017-03-02,1.3384
2017-03-03,1.3419
2017-03-04,1.341
2017-03-05,1.341
2017-03-06,1.341
2017-03-07,1.3413
2017-03-08,1.3479
2017-03-09,1.3504
2017-03-10,1.3468
2017-03-11,1.3453
2017-03-12,1.3453
2017-03-13,1.3453
2017-03-14,1.3462
2017-03-15,1.3451
2017-03-16,1.3316
2017-03-17,1.3366
2017-03-18,1.3357
2017-03-19,1.3357
2017-03-20,1.3357
2017-03-21,1.3321
2017-03-22,1.3347
2017-03-23,1.3332
2017-03-24,1.3373
2017-03-25,1.3367
2017-03-26,1.3367
2017-03-27,1.3367
2017-03-28,1.3363
2017-03-29,1.3372
2017-03-30,1.3278
2017-03-31,1.3321
2017-04-01,1.3388
2017-04-02,1.3388
2017-04-03,1.3388
2017-04-04,1.3413
2017-04-05,1.341
2017-04-06,1.3409
2017-04-07,1.3396
2017-04-08,1.3347
2017-04-09,1.3347
2017-04-10,1.3347
2017-04-11,1.3333
2017-04-12,1.3302
2017-04-13,1.3266
2017-04-14,1.3316
2017-04-15,1.3277
2017-04-16,1.3277
2017-04-17,1.3277
2017-04-18,1.3381
2017-04-19,1.3467
2017-04-20,1.3479
2017-04-21,1.3502
2017-04-22,1.3517
2017-04-23,1.3517
2017-04-24,1.3517
2017-04-25,1.3614
2017-04-26,1.3591
2017-04-27,1.3664
2017-04-28,1.3669
2017-04-29,1.3653
2017-04-30,1.3653
2017-05-01,1.3653
2017-05-02,1.3742
2017-05-03,1.3705
2017-05-04,1.3745
2017-05-05,1.3699
2017-05-06,1.3712
2017-05-07,1.3712
2017-05-08,1.3712
2017-05-09,1.3715
2017-05-10,1.3652
2017-05-11,1.3693
2017-05-12,1.3717
2017-05-13,1.3648
2017-05-14,1.3648
2017-05-15,1.3648
2017-05-16,1.359
2017-05-17,1.3594
2017-05-18,1.3604
2017-05-19,1.3537
2017-05-20,1.3503
2017-05-21,1.3503
2017-05-22,1.3503
2017-05-23,1.3492
2017-05-24,1.3454
2017-05-25,1.3457
2017-05-26,1.3454
2017-05-27,1.3462
2017-05-28,1.3462
2017-05-29,1.3462
2017-05-30,1.3462
2017-05-31,1.3498
2017-06-01,1.3484
2017-06-02,1.35
2017-06-03,1.3484
2017-06-04,1.3484
2017-06-05,1.3484
2017-06-06,1.3451
2017-06-07,1.3514
2017-06-08,1.3494
2017-06-09,1.3434
2017-06-10,1.3447
2017-06-11,1.3447
2017-06-12,1.3447
2017-06-13,1.3226
2017-06-14,1.3201
2017-06-15,1.3286
2017-06-16,1.3235
2017-06-17,1.3202
2017-06-18,1.3202
2017-06-19,1.3202
2017-06-20,1.3268
2017-06-21,1.3323
2017-06-22,1.3236
2017-06-23,1.3263
2017-06-24,1.3228
2017-06-25,1.3228
2017-06-26,1.3228
2017-06-27,1.3176
2017-06-28,1.3043
2017-06-29,1.301
2017-06-30,1.2982
2017-07-01,1.3
2017-07-02,1.3
2017-07-03,1.3
2017-07-04,1.2998
2017-07-05,1.2998
2017-07-06,1.2933
2017-07-07,1.287
2017-07-08,1.2883
2017-07-09,1.2883
2017-07-10,1.2883
2017-07-11,1.2921
2017-07-12,1.2768
2017-07-13,1.2739
2017-07-14,1.2655
2017-07-15,1.2673
2017-07-16,1.2673
2017-07-17,1.2673
2017-07-18,1.2663
2017-07-19,1.2586
2017-07-20,1.2582
2017-07-21,1.2545
2017-07-22,1.2519
2017-07-23,1.2519
2017-07-24,1.2519
2017-07-25,1.2512
2017-07-26,1.2506
2017-07-27,1.2529
2017-07-28,1.2436
2017-07-29,1.249
2017-07-30,1.249
2017-07-31,1.249
2017-08-01,1.254
2017-08-02,1.2544
2017-08-03,1.2563
2017-08-04,1.2639
2017-08-05,1.2684
2017-08-06,1.2684
2017-08-07,1.2684
2017-08-08,1.2658
2017-08-09,1.2711
2017-08-10,1.2705
2017-08-11,1.2689
2017-08-12,1.2698
2017-08-13,1.2698
2017-08-14,1.2698
2017-08-15,1.2745
2017-08-16,1.2708
2017-08-17,1.265
2017-08-18,1.2585
2017-08-19,1.2587
2017-08-20,1.2587
2017-08-21,1.2587
2017-08-22,1.2559
2017-08-23,1.2558
2017-08-24,1.2528
2017-08-25,1.2494
2017-08-26,1.2492
2017-08-27,1.2492
2017-08-28,1.2492
2017-08-29,1.2517
2017-08-30,1.2608
2017-08-31,1.2515
2017-09-01,1.2372
2017-09-02,1.2355
2017-09-03,1.2355
2017-09-04,1.2355
2017-09-05,1.2355
2017-09-06,1.221
2017-09-07,1.2132
2017-09-08,1.2131
2017-09-09,1.2136
2017-09-10,1.2136
2017-09-11,1.2136
2017-09-12,1.2154
2017-09-13,1.2192
2017-09-14,1.2207
2017-09-15,1.2183
2017-09-16,1.2231
2017-09-17,1.2231
2017-09-18,1.2231
2017-09-19,1.2262
2017-09-20,1.2267
2017-09-21,1.2328
2017-09-22,1.2305
2017-09-23,1.2347
2017-09-24,1.2347
2017-09-25,1.2347
2017-09-26,1.2379
2017-09-27,1.2402
2017-09-28,1.2473
2017-09-29,1.2509
2017-09-30,1.2507
2017-10-01,1.2507
2017-10-02,1.2507
2017-10-03,1.2498
2017-10-04,1.2479
2017-10-05,1.2548
2017-10-06,1.2543
2017-10-07,1.2495
2017-10-08,1.2495
2017-10-09,1.2495
2017-10-10,1.2495
2017-10-11,1.2511
2017-10-12,1.247
2017-10-13,1.2494
2017-10-14,1.2531
2017-10-15,1.2531
2017-10-16,1.2531
2017-10-17,1.2567
2017-10-18,1.2473
2017-10-19,1.2487
2017-10-20,1.2618
2017-10-21,1.2644
2017-10-22,1.2644
2017-10-23,1.2644
2017-10-24,1.266
2017-10-25,1.2799
2017-10-26,1.2821
2017-10-27,1.2871
2017-10-28,1.2835
2017-10-29,1.2835
2017-10-30,1.2835
2017-10-31,1.2894
2017-11-01,1.289
2017-11-02,1.2808
2017-11-03,1.2769
2017-11-04,1.274
2017-11-05,1.274
2017-11-06,1.274
2017-11-07,1.2791
2017-11-08,1.2727
2017-11-09,1.2693
2017-11-10,1.2735
2017-11-11,1.2735
2017-11-12,1.2735
2017-11-13,1.2735
2017-11-14,1.2731
2017-11-15,1.2783
2017-11-16,1.2736
2017-11-17,1.2785
2017-11-18,1.2795
2017-11-19,1.2795
2017-11-20,1.2795
2017-11-21,1.2768
2017-11-22,1.2728
2017-11-23,1.2705
2017-11-24,1.2705
2017-11-25,1.2745
2017-11-26,1.2745
2017-11-27,1.2745
2017-11-28,1.2804
2017-11-29,1.285
2017-11-30,1.2884
2017-12-01,1.2705
2017-12-02,1.2696
2017-12-03,1.2696
2017-12-04,1.2696
2017-12-05,1.269
2017-12-06,1.2788
2017-12-07,1.2832
2017-12-08,1.2867
2017-12-09,1.2845
2017-12-10,1.2845
2017-12-11,1.2845
2017-12-12,1.2884
2017-12-13,1.2872
2017-12-14,1.2849
2017-12-15,1.2846
2017-12-16,1.2856
2017-12-17,1.2856
2017-12-18,1.2856
2017-12-19,1.29
2017-12-20,1.2846
2017-12-21,1.2717
2017-12-22,1.2748
2017-12-23,1.2685
2017-12-24,1.2685
2017-12-25,1.2685
2017-12-26,1.2685
2017-12-27,1.2645
2017-12-28,1.2586
2017-12-29,1.2517
2017-12-30,1.2507
2017-12-31,1.2507
2018-01-01,1.2507
2018-01-02,1.2507
2018-01-03,1.2534
2018-01-04,1.2522
2018-01-05,1.2396
2018-01-06,1.2424
2018-01-07,1.2424
2018-01-08,1.2424
2018-01-09,1.2457
2018-01-10,1.2485
2018-01-11,1.2526
2018-01-12,1.2517
2018-01-13,1.2422
2018-01-14,1.2422
2018-01-15,1.2422
2018-01-16,1.2422
2018-01-17,1.2443
2018-01-18,1.2442
2018-01-19,1.2456
2018-01-20,1.246
2018-01-21,1.246
2018-01-22,1.246
2018-01-23,1.2455
2018-01-24,1.2357
2018-01-25,1.2315
2018-01-26,1.232
2018-01-27,1.2339
2018-01-28,1.2339
2018-01-29,1.2339
2018-01-30,1.234
2018-01-31,1.2293
2018-02-01,1.228
2018-02-02,1.2393
2018-02-03,1.2483
2018-02-04,1.2483
2018-02-05,1.2483
2018-02-06,1.2537
2018-02-07,1.2545
2018-02-08,1.2603
2018-02-09,1.2599
2018-02-10,1.2612
2018-02-11,1.2612
2018-02-12,1.2612
2018-02-13,1.26
2018-02-14,1.2564
2018-02-15,1.2517
2018-02-16,1.2532
2018-02-17,1.2624
2018-02-18,1.2624
2018-02-19,1.2624
2018-02-20,1.2624
2018-02-21,1.2678
2018-02-22,1.2705
2018-02-23,1.2659
2018-02-24,1.2691
2018-02-25,1.2691
2018-02-26,1.2691
2018-02-27,1.2748
2018-02-28,1.2806
2018-03-01,1.284
2018-03-02,1.2882
2018-03-03,1.2982
2018-03-04,1.2982
2018-03-05,1.2982
2018-03-06,1.2892
2018-03-07,1.2993
2018-03-08,1.2936
2018-03-09,1.2822
2018-03-10,1.2835
2018-03-11,1.2835
2018-03-12,1.2835
2018-03-13,1.2925
2018-03-14,1.2946
2018-03-15,1.3053
2018-03-16,1.3096
2018-03-17,1.3089
2018-03-18,1.3089
2018-03-19,1.3089
2018-03-20,1.3083
2018-03-21,1.2957
2018-03-22,1.293
2018-03-23,1.287
2018-03-24,1.2866
2018-03-25,1.2866
2018-03-26,1.2866
2018-03-27,1.2841
2018-03-28,1.2886
2018-03-29,1.2901
2018-03-30,1.2891
2018-03-31,1.2918
2018-04-01,1.2918
2018-04-02,1.2918
2018-04-03,1.28
2018-04-04,1.2801
2018-04-05,1.2777
2018-04-06,1.2763
2018-04-07,1.27
2018-04-08,1.27
2018-04-09,1.27
2018-04-10,1.2609
2018-04-11,1.2581
2018-04-12,1.2583
2018-04-13,1.2604
2018-04-14,1.258
2018-04-15,1.258
2018-04-16,1.258
2018-04-17,1.2548
2018-04-18,1.2636
2018-04-19,1.2638
2018-04-20,1.274
2018-04-21,1.2845
2018-04-22,1.2845
2018-04-23,1.2845
2018-04-24,1.2823
2018-04-25,1.2871
2018-04-26,1.2867
2018-04-27,1.2862
2018-04-28,1.2818
2018-04-29,1.2818
2018-04-30,1.2818
2018-05-01,1.2873
2018-05-02,1.2848
2018-05-03,1.2878
2018-05-04,1.2848
2018-05-05,1.285
2018-05-06,1.285
2018-05-07,1.285
2018-05-08,1.2967
2018-05-09,1.2852
2018-05-10,1.2787
2018-05-11,1.2781
2018-05-12,1.2761
2018-05-13,1.2761
2018-05-14,1.2761
2018-05-15,1.2868
2018-05-16,1.2828
2018-05-17,1.2815
2018-05-18,1.2892
2018-05-19,1.2835
2018-05-20,1.2835
2018-05-21,1.2835
2018-05-22,1.2775
2018-05-23,1.2882
2018-05-24,1.2907
2018-05-25,1.2972
2018-05-26,1.3027
2018-05-27,1.3027
2018-05-28,1.3027
2018-05-29,1.3027
2018-05-30,1.2842
2018-05-31,1.297
2018-06-01,1.2948
2018-06-02,1.2922
2018-06-03,1.2922
2018-06-04,1.2922
2018-06-05,1.3008
2018-06-06,1.2907
2018-06-07,1.2988
2018-06-08,1.2956
2018-06-09,1.298
2018-06-10,1.298
2018-06-11,1.298
2018-06-12,1.2987
2018-06-13,1.2963
2018-06-14,1.307
2018-06-15,1.3167
2018-06-16,1.3229
2018-06-17,1.3229
2018-06-18,1.3229
2018-06-19,1.3263
2018-06-20,1.3291
2018-06-21,1.3319
2018-06-22,1.3318
2018-06-23,1.3313
2018-06-24,1.3313
2018-06-25,1.3313
2018-06-26,1.3293
2018-06-27,1.33
2018-06-28,1.3253
2018-06-29,1.314
2018-06-30,1.3213
2018-07-01,1.3213
2018-07-02,1.3213
2018-07-03,1.315
2018-07-04,1.3121
2018-07-05,1.3121
2018-07-06,1.309
2018-07-07,1.3111
2018-07-08,1.3111
2018-07-09,1.3111
2018-07-10,1.312
2018-07-11,1.3127
2018-07-12,1.3158
2018-07-13,1.3168
2018-07-14,1.3131
2018-07-15,1.3131
2018-07-16,1.3131
2018-07-17,1.3198
2018-07-18,1.3203
2018-07-19,1.3271
2018-07-20,1.3155
2018-07-21,1.315
2018-07-22,1.315
2018-07-23,1.315
2018-07-24,1.3165
2018-07-25,1.3104
2018-07-26,1.308
2018-07-27,1.3057
2018-07-28,1.3013
2018-07-29,1.3013
2018-07-30,1.3013
2018-07-31,1.3017
2018-08-01,1.3006
2018-08-02,1.3004
2018-08-03,1.2975
2018-08-04,1.2997
2018-08-05,1.2997
2018-08-06,1.2997
2018-08-07,1.3017
2018-08-08,1.3061
2018-08-09,1.3046
2018-08-10,1.3126
2018-08-11,1.3138
2018-08-12,1.3138
2018-08-13,1.3138
2018-08-14,1.3107
2018-08-15,1.3155
2018-08-16,1.3144
2018-08-17,1.308
2018-08-18,1.3085
2018-08-19,1.3085
2018-08-20,1.3085
2018-08-21,1.3048
2018-08-22,1.3014
2018-08-23,1.3057
2018-08-24,1.3022
2018-08-25,1.2966
2018-08-26,1.2966
2018-08-27,1.2966
2018-08-28,1.2925
2018-08-29,1.2941
2018-08-30,1.2991
2018-08-31,1.3072
2018-09-01,1.3182
2018-09-02,1.3182
2018-09-03,1.3182
2018-09-04,1.3182
2018-09-05,1.3191
2018-09-06,1.3212
2018-09-07,1.317
2018-09-08,1.3159
2018-09-09,1.3159
2018-09-10,1.3159
2018-09-11,1.3131
2018-09-12,1.3005
2018-09-13,1.3005
2018-09-14,1.3029
2018-09-15,1.3017
2018-09-16,1.3017
2018-09-17,1.3017
2018-09-18,1.2977
2018-09-19,1.2939
2018-09-20,1.2918
2018-09-21,1.2912
2018-09-22,1.2934
2018-09-23,1.2934
2018-09-24,1.2934
2018-09-25,1.2944
2018-09-26,1.2963
2018-09-27,1.3036
2018-09-28,1.2922
2018-09-29,1.2799
2018-09-30,1.2799
2018-10-01,1.2799
2018-10-02,1.2815
2018-10-03,1.2826
2018-10-04,1.2903
2018-10-05,1.2948
2018-10-06,1.2959
2018-10-07,1.2959
2018-10-08,1.2959
2018-10-09,1.2959
2018-10-10,1.2985
2018-10-11,1.3037
2018-10-12,1.3023
2018-10-13,1.2966
2018-10-14,1.2966
2018-10-15,1.2966
2018-10-16,1.2935
2018-10-17,1.2985
2018-10-18,1.3059
2018-10-19,1.3101
2018-10-20,1.3104
2018-10-21,1.3104
2018-10-22,1.3104
2018-10-23,1.3101
2018-10-24,1.2994
2018-10-25,1.3066
2018-10-26,1.31
2018-10-27,1.3129
2018-10-28,1.3129
2018-10-29,1.3129
2018-10-30,1.3133
2018-10-31,1.3129
2018-11-01,1.3108
2018-11-02,1.3108
2018-11-03,1.3098
2018-11-04,1.3098
2018-11-05,1.3098
2018-11-06,1.3132
2018-11-07,1.3108
2018-11-08,1.3115
2018-11-09,1.323
2018-11-10,1.3223
2018-11-11,1.3223
2018-11-12,1.3223
2018-11-13,1.3223
2018-11-14,1.3237
2018-11-15,1.3193
2018-11-16,1.3174
2018-11-17,1.3187
2018-11-18,1.3187
2018-11-19,1.3187
2018-11-20,1.3245
2018-11-21,1.3274
2018-11-22,1.3226
2018-11-23,1.3226
2018-11-24,1.3237
2018-11-25,1.3237
2018-11-26,1.3237
2018-11-27,1.3313
2018-11-28,1.3328
2018-11-29,1.3278
2018-11-30,1.3282
2018-12-01,1.319
2018-12-02,1.319
2018-12-03,1.319
2018-12-04,1.3202
2018-12-05,1.3417
2018-12-06,1.3417
2018-12-07,1.3302
2018-12-08,1.3385
2018-12-09,1.3385
2018-12-10,1.3385
2018-12-11,1.3408
2018-12-12,1.3336
2018-12-13,1.3349
2018-12-14,1.3387
2018-12-15,1.339
2018-12-16,1.339
2018-12-17,1.339
2018-12-18,1.3466
2018-12-19,1.3434
2018-12-20,1.3515
2018-12-21,1.357
2018-12-22,1.3576
2018-12-23,1.3576
2018-12-24,1.3576
2018-12-25,1.3576
2018-12-26,1.3576
2018-12-27,1.365
2018-12-28,1.3629
2018-12-29,1.3644
2018-12-30,1.3644
2018-12-31,1.3644
2019-01-01,1.3591
2019-01-02,1.3591
2019-01-03,1.3484
2019-01-04,1.3399
2019-01-05,1.3297
2019-01-06,1.3297
2019-01-07,1.3297
2019-01-08,1.3307
2019-01-09,1.3212
2019-01-10,1.3232
2019-01-11,1.3256
2019-01-12,1.3272
2019-01-13,1.3272
2019-01-14,1.3272
2019-01-15,1.3272
2019-01-16,1.3243
2019-01-17,1.3296
2019-01-18,1.3262
2019-01-19,1.3333
2019-01-20,1.3333
2019-01-21,1.3333
2019-01-22,1.3333
2019-01-23,1.3362
2019-01-24,1.3342
2019-01-25,1.3259
2019-01-26,1.3269
2019-01-27,1.3269
2019-01-28,1.3269
2019-01-29,1.3264
2019-01-30,1.3189
2019-01-31,1.314
2019-02-01,1.3095
2019-02-02,1.3127
2019-02-03,1.3127
2019-02-04,1.3127
2019-02-05,1.3132
2019-02-06,1.3192
2019-02-07,1.3296
2019-02-08,1.3277
2019-02-09,1.3296
2019-02-10,1.3296
2019-02-11,1.3296
2019-02-12,1.3244
2019-02-13,1.3222
2019-02-14,1.3307
2019-02-15,1.3272
2019-02-16,1.3248
2019-02-17,1.3248
2019-02-18,1.3248
2019-02-19,1.3248
2019-02-20,1.3192
2019-02-21,1.3192
2019-02-22,1.3188
2019-02-23,1.3183
2019-02-24,1.3183
2019-02-25,1.3183
2019-02-26,1.3175
2019-02-27,1.3145
2019-02-28,1.3166
2019-03-01,1.3277
2019-03-02,1.3329
2019-03-03,1.3329
2019-03-04,1.3329
2019-03-05,1.3352
2019-03-06,1.3445
2019-03-07,1.342
2019-03-08,1.3426
2019-03-09,1.3418
2019-03-10,1.3418
2019-03-11,1.3418
2019-03-12,1.338
2019-03-13,1.3318
2019-03-14,1.3316
2019-03-15,1.3337
2019-03-16,1.3342
2019-03-17,1.3342
2019-03-18,1.3342
2019-03-19,1.3294
2019-03-20,1.3327
2019-03-21,1.3369
2019-03-22,1.3406
2019-03-23,1.3418
2019-03-24,1.3418
2019-03-25,1.3418
2019-03-26,1.3389
2019-03-27,1.3434
2019-03-28,1.3424
2019-03-29,1.336
2019-03-30,1.3344
2019-03-31,1.3344
2019-04-01,1.3344
2019-04-02,1.3357
2019-04-03,1.3315
2019-04-04,1.3357
2019-04-05,1.3387
2019-04-06,1.3316
2019-04-07,1.3316
2019-04-08,1.3316
2019-04-09,1.332
2019-04-10,1.3322
2019-04-11,1.3379
2019-04-12,1.3332
2019-04-13,1.3372
2019-04-14,1.3372
2019-04-15,1.3372
2019-04-16,1.335
2019-04-17,1.3345
2019-04-18,1.3372
2019-04-19,1.3386
2019-04-20,1.3352
2019-04-21,1.3352
2019-04-22,1.3352
2019-04-23,1.342
2019-04-24,1.3465
2019-04-25,1.3494
2019-04-26,1.3459
2019-04-27,1.3448
2019-04-28,1.3448
2019-04-29,1.3448
2019-04-30,1.3427
2019-05-01,1.3417
2019-05-02,1.3468
2019-05-03,1.3425
2019-05-04,1.3446
2019-05-05,1.3446
2019-05-06,1.3446
2019-05-07,1.3472
2019-05-08,1.3458
2019-05-09,1.349
2019-05-10,1.3428
2019-05-11,1.3467
2019-05-12,1.3467
2019-05-13,1.3467
2019-05-14,1.3466
2019-05-15,1.3432
2019-05-16,1.3433
2019-05-17,1.3477
2019-05-18,1.3432
2019-05-19,1.3432
2019-05-20,1.3432
2019-05-21,1.3425
2019-05-22,1.3417
2019-05-23,1.3471
2019-05-24,1.3454
2019-05-25,1.3473
2019-05-26,1.3473
2019-05-27,1.3473
2019-05-28,1.3473
2019-05-29,1.3533
2019-05-30,1.3508
2019-05-31,1.3523
2019-06-01,1.3471
2019-06-02,1.3471
2019-06-03,1.3471
2019-06-04,1.3417
2019-06-05,1.3409
2019-06-06,1.3374
2019-06-07,1.3287
2019-06-08,1.3259
2019-06-09,1.3259
2019-06-10,1.3259
2019-06-11,1.3291
2019-06-12,1.3298
2019-06-13,1.333
2019-06-14,1.3382
2019-06-15,1.3398
2019-06-16,1.3398
2019-06-17,1.3398
2019-06-18,1.3396
2019-06-19,1.3362
2019-06-20,1.3208
2019-06-21,1.3217
2019-06-22,1.3196
2019-06-23,1.3196
2019-06-24,1.3196
2019-06-25,1.3164
2019-06-26,1.3109
2019-06-27,1.3115
2019-06-28,1.3091
2019-06-29,1.3124
2019-06-30,1.3124
2019-07-01,1.3124
2019-07-02,1.3117
2019-07-03,1.307
2019-07-04,1.3108
2019-07-05,1.3108
2019-07-06,1.3088
2019-07-07,1.3088
2019-07-08,1.3088
2019-07-09,1.3123
2019-07-10,1.3099
2019-07-11,1.3071
2019-07-12,1.3042
2019-07-13,1.3036
2019-07-14,1.3036
2019-07-15,1.3036
2019-07-16,1.3043
2019-07-17,1.3041
2019-07-18,1.309
2019-07-19,1.3081
2019-07-20,1.3115
2019-07-21,1.3115
2019-07-22,1.3115
2019-07-23,1.3138
2019-07-24,1.3134
2019-07-25,1.3145
2019-07-26,1.3187
2019-07-27,1.3151
2019-07-28,1.3151
2019-07-29,1.3151
2019-07-30,1.3169
2019-07-31,1.3143
2019-08-01,1.3202
2019-08-02,1.3217
2019-08-03,1.3196
2019-08-04,1.3196
2019-08-05,1.3196
2019-08-06,1.3252
2019-08-07,1.333
2019-08-08,1.3241
2019-08-09,1.3226
2019-08-10,1.3232
2019-08-11,1.3232
2019-08-12,1.3232
2019-08-13,1.3221
2019-08-14,1.332
2019-08-15,1.3322
2019-08-16,1.328
2019-08-17,1.3306
2019-08-18,1.3306
2019-08-19,1.3306
2019-08-20,1.3331
2019-08-21,1.3275
2019-08-22,1.3295
2019-08-23,1.3319
2019-08-24,1.3282
2019-08-25,1.3282
2019-08-26,1.3282
2019-08-27,1.3274
2019-08-28,1.3299
2019-08-29,1.3299
2019-08-30,1.329
2019-08-31,1.3332
2019-09-01,1.3332
2019-09-02,1.3332
2019-09-03,1.3332
2019-09-04,1.3248
2019-09-05,1.3238
2019-09-06,1.317
2019-09-07,1.314
2019-09-08,1.314
2019-09-09,1.314
2019-09-10,1.3141
2019-09-11,1.3199
2019-09-12,1.3209
2019-09-13,1.3268
2019-09-14,1.324
2019-09-15,1.324
2019-09-16,1.324
2019-09-17,1.3249
2019-09-18,1.3283
2019-09-19,1.3258
2019-09-20,1.3268
2019-09-21,1.3271
2019-09-22,1.3271
2019-09-23,1.3271
2019-09-24,1.3253
2019-09-25,1.3279
2019-09-26,1.3271
2019-09-27,1.325
2019-09-28,1.3243
2019-09-29,1.3243
2019-09-30,1.3243
2019-10-01,1.3235
2019-10-02,1.3313
2019-10-03,1.3323
2019-10-04,1.3332
2019-10-05,1.3305
2019-10-06,1.3305
2019-10-07,1.3305
2019-10-08,1.3332
2019-10-09,1.3327
2019-10-10,1.3274
2019-10-11,1.3181
2019-10-12,1.3199
2019-10-13,1.3199
2019-10-14,1.3199
2019-10-15,1.3199
2019-10-16,1.3191
2019-10-17,1.3136
2019-10-18,1.3134
2019-10-19,1.31
2019-10-20,1.31
2019-10-21,1.31
2019-10-22,1.3086
2019-10-23,1.3089
2019-10-24,1.3078
2019-10-25,1.3064
2019-10-26,1.3063
2019-10-27,1.3063
2019-10-28,1.3063
2019-10-29,1.3078
2019-10-30,1.3179
2019-10-31,1.3144
2019-11-01,1.3145
2019-11-02,1.3145
2019-11-03,1.3145
2019-11-04,1.3145
2019-11-05,1.3176
2019-11-06,1.3187
2019-11-07,1.3177
2019-11-08,1.3218
2019-11-09,1.3227
2019-11-10,1.3227
2019-11-11,1.3227
2019-11-12,1.3227
2019-11-13,1.3239
2019-11-14,1.3251
2019-11-15,1.3228
2019-11-16,1.321
2019-11-17,1.321
2019-11-18,1.321
2019-11-19,1.3233
2019-11-20,1.3317
2019-11-21,1.3277
2019-11-22,1.3293
2019-11-23,1.3312
2019-11-24,1.3312
2019-11-25,1.3312
2019-11-26,1.3285
2019-11-27,1.3284
2019-11-28,1.3291
2019-11-29,1.3291
2019-11-30,1.3298
2019-12-01,1.3298
2019-12-02,1.3298
2019-12-03,1.3298
2019-12-04,1.3212
2019-12-05,1.3177
2019-12-06,1.3255
2019-12-07,1.3228
2019-12-08,1.3228
2019-12-09,1.3228
2019-12-10,1.3231
2019-12-11,1.3202
2019-12-12,1.3185
2019-12-13,1.3196
2019-12-14,1.3158
2019-12-15,1.3158
2019-12-16,1.3158
2019-12-17,1.3155
2019-12-18,1.3117
2019-12-19,1.3122
2019-12-20,1.317
2019-12-21,1.3167
2019-12-22,1.3167
2019-12-23,1.3167
2019-12-24,1.316
2019-12-25,1.3124
2019-12-26,1.3124
2019-12-27,1.3073
2019-12-28,1.3058
2019-12-29,1.3058
2019-12-30,1.3058
2019-12-31,1.2962
2020-01-01,1.2998
2020-01-02,1.2998
2020-01-03,1.2985
2020-01-04,1.2964
2020-01-05,1.2964
2020-01-06,1.2964
2020-01-07,1.3016
2020-01-08,1.3026
2020-01-09,1.309
2020-01-10,1.3051
2020-01-11,1.3049
2020-01-12,1.3049
2020-01-13,1.3049
2020-01-14,1.3056
2020-01-15,1.304
2020-01-16,1.3042
2020-01-17,1.3074
2020-01-18,1.3068
2020-01-19,1.3068
2020-01-20,1.3068
2020-01-21,1.3068
2020-01-22,1.3135
2020-01-23,1.3144
2020-01-24,1.3146
2020-01-25,1.3176
2020-01-26,1.3176
2020-01-27,1.3176
2020-01-28,1.3174
2020-01-29,1.3201
2020-01-30,1.3216
2020-01-31,1.322
2020-02-01,1.3295
2020-02-02,1.3295
2020-02-03,1.3295
2020-02-04,1.3266
2020-02-05,1.3294
2020-02-06,1.3292
2020-02-07,1.3304
2020-02-08,1.3323
2020-02-09,1.3323
2020-02-10,1.3323
2020-02-11,1.3299
2020-02-12,1.3243
2020-02-13,1.3255
2020-02-14,1.3251
2020-02-15,1.3256
2020-02-16,1.3256
2020-02-17,1.3256
2020-02-18,1.3256
2020-02-19,1.3232
2020-02-20,1.3259
2020-02-21,1.3217
2020-02-22,1.3282
2020-02-23,1.3282
2020-02-24,1.3282
2020-02-25,1.3285
2020-02-26,1.3321
2020-02-27,1.3356
2020-02-28,1.3411
2020-02-29,1.3334
2020-03-01,1.3334
2020-03-02,1.3334
2020-03-03,1.3352
2020-03-04,1.3425
2020-03-05,1.3403
2020-03-06,1.342
2020-03-07,1.3527
2020-03-08,1.3527
2020-03-09,1.3527
2020-03-10,1.3775
2020-03-11,1.3748
2020-03-12,1.3869
2020-03-13,1.3991
2020-03-14,1.3974
2020-03-15,1.3974
2020-03-16,1.3974
2020-03-17,1.4188
2020-03-18,1.4529
2020-03-19,1.4463
2020-03-20,1.4363
2020-03-21,1.4539
2020-03-22,1.4539
2020-03-23,1.4539
2020-03-24,1.448
2020-03-25,1.4333
2020-03-26,1.4045
2020-03-27,1.4075
2020-03-28,1.4169
2020-03-29,1.4169
2020-03-30,1.4169
2020-03-31,1.4123
2020-04-01,1.4222
2020-04-02,1.411
2020-04-03,1.4132
2020-04-04,1.4125
2020-04-05,1.4125
2020-04-06,1.4125
2020-04-07,1.3971
2020-04-08,1.4015
2020-04-09,1.398
2020-04-10,1.3967
2020-04-11,1.3953
2020-04-12,1.3953
2020-04-13,1.3953
2020-04-14,1.3903
2020-04-15,1.4105
2020-04-16,1.4141
2020-04-17,1.4026
2020-04-18,1.4067
2020-04-19,1.4067
2020-04-20,1.4067
2020-04-21,1.4199
2020-04-22,1.4132
2020-04-23,1.4028
2020-04-24,1.4098
2020-04-25,1.4042
2020-04-26,1.4042
2020-04-27,1.4042
2020-04-28,1.3992
2020-04-29,1.3936
2020-04-30,1.3911
2020-05-01,1.4102
2020-05-02,1.4088
2020-05-03,1.4088
2020-05-04,1.4088
2020-05-05,1.4025
2020-05-06,1.4143
2020-05-07,1.3972
2020-05-08,1.391
2020-05-09,1.4024
2020-05-10,1.4024
2020-05-11,1.4024
2020-05-12,1.4009
2020-05-13,1.4089
2020-05-14,1.4086
2020-05-15,1.409
2020-05-16,1.3966
2020-05-17,1.3966
2020-05-18,1.3966
2020-05-19,1.3879
2020-05-20,1.3911
2020-05-21,1.3946
2020-05-22,1.4021
2020-05-23,1.3821
2020-05-24,1.3821
2020-05-25,1.3821
2020-05-26,1.3821
2020-05-27,1.3786
2020-05-28,1.3763
2020-05-29,1.3809
2020-05-30,1.3603
2020-05-31,1.3603
2020-06-01,1.3603
2020-06-02,1.3515
2020-06-03,1.3489
2020-06-04,1.3513
2020-06-05,1.342
2020-06-06,1.3379
2020-06-07,1.3379
2020-06-08,1.3379
2020-06-09,1.3433
2020-06-10,1.3388
2020-06-11,1.3559
2020-06-12,1.3587
2020-06-13,1.3618
2020-06-14,1.3618
2020-06-15,1.3618
2020-06-16,1.3562
2020-06-17,1.357
2020-06-18,1.3593
2020-06-19,1.3601
2020-06-20,1.3544
2020-06-21,1.3544
2020-06-22,1.3544
2020-06-23,1.3509
2020-06-24,1.3601
2020-06-25,1.366
2020-06-26,1.3695
2020-06-27,1.3686
2020-06-28,1.3686
2020-06-29,1.3686
2020-06-30,1.3614
2020-07-01,1.3579
2020-07-02,1.3591
2020-07-03,1.3546
2020-07-04,1.3546
2020-07-05,1.3546
2020-07-06,1.3546
2020-07-07,1.3587
2020-07-08,1.3539
2020-07-09,1.3577
2020-07-10,1.3591
2020-07-11,1.3568
2020-07-12,1.3568
2020-07-13,1.3568
2020-07-14,1.3606
2020-07-15,1.3521
2020-07-16,1.3539
2020-07-17,1.3572
2020-07-18,1.3531
2020-07-19,1.3531
2020-07-20,1.3531
2020-07-21,1.3443
2020-07-22,1.3407
2020-07-23,1.337
2020-07-24,1.3425
2020-07-25,1.3383
2020-07-26,1.3383
2020-07-27,1.3383
2020-07-28,1.3364
2020-07-29,1.337
2020-07-30,1.344
2020-07-31,1.3384
2020-08-01,1.3408
2020-08-02,1.3408
2020-08-03,1.3408
2020-08-04,1.3366
2020-08-05,1.3254
2020-08-06,1.3285
2020-08-07,1.3393
2020-08-08,1.335
2020-08-09,1.335
2020-08-10,1.335
2020-08-11,1.3296
2020-08-12,1.325
2020-08-13,1.3214
2020-08-14,1.325
2020-08-15,1.3202
2020-08-16,1.3202
2020-08-17,1.3202
2020-08-18,1.3181
2020-08-19,1.3173
2020-08-20,1.3177
2020-08-21,1.3201
2020-08-22,1.322
2020-08-23,1.322
2020-08-24,1.322
2020-08-25,1.3191
2020-08-26,1.3145
2020-08-27,1.3111
2020-08-28,1.3106
2020-08-29,1.3034
2020-08-30,1.3034
2020-08-31,1.3034
2020-09-01,1.3043
2020-09-02,1.3061
2020-09-03,1.3131
2020-09-04,1.3095
2020-09-05,1.3194
2020-09-06,1.3194
2020-09-07,1.3194
2020-09-08,1.3194
2020-09-09,1.3163
2020-09-10,1.3162
2020-09-11,1.3183
2020-09-12,1.3172
2020-09-13,1.3172
2020-09-14,1.3172
2020-09-15,1.3199
2020-09-16,1.3164
2020-09-17,1.3204
2020-09-18,1.3179
2020-09-19,1.3299
2020-09-20,1.3299
2020-09-21,1.3299
2020-09-22,1.3313
2020-09-23,1.3373
2020-09-24,1.337
2020-09-25,1.3409
2020-09-26,1.3377
2020-09-27,1.3377
2020-09-28,1.3377
2020-09-29,1.3411
2020-09-30,1.3323
2020-10-01,1.3289
2020-10-02,1.332
2020-10-03,1.3269
2020-10-04,1.3269
2020-10-05,1.3269
2020-10-06,1.3275
2020-10-07,1.3283
2020-10-08,1.3222
2020-10-09,1.312
2020-10-10,1.3138
2020-10-11,1.3138
2020-10-12,1.3138
2020-10-13,1.3138
2020-10-14,1.3147
2020-10-15,1.3243
2020-10-16,1.3194
2020-10-17,1.3155
2020-10-18,1.3155
2020-10-19,1.3155
2020-10-20,1.312
2020-10-21,1.313
2020-10-22,1.3132
2020-10-23,1.3147
2020-10-24,1.3214
2020-10-25,1.3214
2020-10-26,1.3214
2020-10-27,1.3156
2020-10-28,1.3321
2020-10-29,1.3365
2020-10-30,1.3332
2020-10-31,1.3255
2020-11-01,1.3255
2020-11-02,1.3255
2020-11-03,1.3132
2020-11-04,1.3113
2020-11-05,1.3045
2020-11-06,1.3029
2020-11-07,1.2978
2020-11-08,1.2978
2020-11-09,1.2978
2020-11-10,1.2998
2020-11-11,1.3107
2020-11-12,1.3107
2020-11-13,1.3164
2020-11-14,1.3072
2020-11-15,1.3072
2020-11-16,1.3072
2020-11-17,1.3107
2020-11-18,1.3049
2020-11-19,1.3083
2020-11-20,1.3075
2020-11-21,1.3097
2020-11-22,1.3097
2020-11-23,1.3097
2020-11-24,1.3027
2020-11-25,1.2994
2020-11-26,1.2982
2020-11-27,1.2982
2020-11-28,1.2982
2020-11-29,1.2982
2020-11-30,1.2982
2020-12-01,1.2958
2020-12-02,1.2934
2020-12-03,1.2875
2020-12-04,1.2797
2020-12-05,1.2796
2020-12-06,1.2796
2020-12-07,1.2796
2020-12-08,1.2808
2020-12-09,1.2791
2020-12-10,1.2727
2020-12-11,1.2767
2020-12-12,1.2787
2020-12-13,1.2787
2020-12-14,1.2787
2020-12-15,1.273
2020-12-16,1.2755
2020-12-17,1.2715
2020-12-18,1.2776
2020-12-19,1.2836
2020-12-20,1.2836
2020-12-21,1.2836
2020-12-22,1.2918
2020-12-23,1.2841
2020-12-24,1.2871
2020-12-25,1.2871
2020-12-26,1.2871
2020-12-27,1.2871
2020-12-28,1.2871
2020-12-29,1.2794
2020-12-30,1.2764
2020-12-31,1.2753
2021-01-01,1.2781
2021-01-02,1.2781
2021-01-03,1.2781
2021-01-04,1.2781
2021-01-05,1.27
2021-01-06,1.2685
2021-01-07,1.272
2021-01-08,1.2698
2021-01-09,1.2768
2021-01-10,1.2768
2021-01-11,1.2768
2021-01-12,1.2745
2021-01-13,1.271
2021-01-14,1.2633
2021-01-15,1.2709
2021-01-16,1.2721
2021-01-17,1.2721
2021-01-18,1.2721
2021-01-19,1.2721
2021-01-20,1.2634
2021-01-21,1.2634
2021-01-22,1.2711
2021-01-23,1.2747
2021-01-24,1.2747
2021-01-25,1.2747
2021-01-26,1.2711
2021-01-27,1.2782
2021-01-28,1.2812
2021-01-29,1.2776
2021-01-30,1.2826
2021-01-31,1.2826
2021-02-01,1.2826
2021-02-02,1.2815
2021-02-03,1.2765
2021-02-04,1.283
2021-02-05,1.2781
2021-02-06,1.2755
2021-02-07,1.2755
2021-02-08,1.2755
2021-02-09,1.2713
2021-02-10,1.2678
2021-02-11,1.2689
2021-02-12,1.2694
2021-02-13,1.2694
2021-02-14,1.2694
2021-02-15,1.2694
2021-02-16,1.2694
2021-02-17,1.2712
2021-02-18,1.2706
2021-02-19,1.2596
2021-02-20,1.2606
2021-02-21,1.2606
2021-02-22,1.2606
2021-02-23,1.261
2021-02-24,1.2537
2021-02-25,1.2528
2021-02-26,1.2698
2021-02-27,1.2652
2021-02-28,1.2652
2021-03-01,1.2652
2021-03-02,1.2612
2021-03-03,1.2611
2021-03-04,1.2584
2021-03-05,1.2666
2021-03-06,1.2672
2021-03-07,1.2672
2021-03-08,1.2672
2021-03-09,1.2652
2021-03-10,1.2641
2021-03-11,1.2558
2021-03-12,1.2471
2021-03-13,1.249
2021-03-14,1.249
2021-03-15,1.249
2021-03-16,1.2451
2021-03-17,1.2475
2021-03-18,1.2434
2021-03-19,1.2511
2021-03-20,1.2528
2021-03-21,1.2528
2021-03-22,1.2528
2021-03-23,1.2548
2021-03-24,1.2551
2021-03-25,1.2613
2021-03-26,1.2577
2021-03-27,1.2592
2021-03-28,1.2592
2021-03-29,1.2592
2021-03-30,1.2626
2021-03-31,1.2571
2021-04-01,1.2569
2021-04-02,1.2566
2021-04-03,1.2512
2021-04-04,1.2512
2021-04-05,1.2512
2021-04-06,1.254
2021-04-07,1.2614
2021-04-08,1.2576
2021-04-09,1.254
2021-04-10,1.2556
2021-04-11,1.2556
2021-04-12,1.2556
2021-04-13,1.2541
2021-04-14,1.2515
2021-04-15,1.2539
2021-04-16,1.2498
2021-04-17,1.2534
2021-04-18,1.2534
2021-04-19,1.2534
2021-04-20,1.2574
2021-04-21,1.2484
2021-04-22,1.249
2021-04-23,1.2495
2021-04-24,1.2399
2021-04-25,1.2399
2021-04-26,1.2399
2021-04-27,1.2396
2021-04-28,1.2354
2021-04-29,1.2295
2021-04-30,1.2291
2021-05-01,1.2275
2021-05-02,1.2275
2021-05-03,1.2275
2021-05-04,1.232
2021-05-05,1.2262
2021-05-06,1.2192
2021-05-07,1.2137
2021-05-08,1.2085
2021-05-09,1.2085
2021-05-10,1.2085
2021-05-11,1.2092
2021-05-12,1.2104
2021-05-13,1.2147
2021-05-14,1.2114
2021-05-15,1.2073
2021-05-16,1.2073
2021-05-17,1.2073
2021-05-18,1.2061
2021-05-19,1.2089
2021-05-20,1.2049
2021-05-21,1.2072
2021-05-22,1.2082
2021-05-23,1.2082
2021-05-24,1.2082
2021-05-25,1.2069
2021-05-26,1.2111
2021-05-27,1.2075
2021-05-28,1.2087
2021-05-29,1.2031
2021-05-30,1.2031
2021-05-31,1.2031
2021-06-01,1.2031
2021-06-02,1.2047
2021-06-03,1.2116
2021-06-04,1.2088
2021-06-05,1.2062
2021-06-06,1.2062
2021-06-07,1.2062
2021-06-08,1.2101
2021-06-09,1.2102
2021-06-10,1.2095
2021-06-11,1.2162
2021-06-12,1.2131
2021-06-13,1.2131
2021-06-14,1.2131
2021-06-15,1.2202
2021-06-16,1.2165
2021-06-17,1.2353
2021-06-18,1.2437
2021-06-19,1.237
2021-06-20,1.237
2021-06-21,1.237
2021-06-22,1.2364
2021-06-23,1.2286
2021-06-24,1.2337
2021-06-25,1.2293
2021-06-26,1.2325
2021-06-27,1.2325
2021-06-28,1.2325
2021-06-29,1.2378
2021-06-30,1.2404
2021-07-01,1.2405
2021-07-02,1.2346
2021-07-03,1.2466
2021-07-04,1.2466
2021-07-05,1.2466
2021-07-06,1.2466
2021-07-07,1.2506
2021-07-08,1.2533
2021-07-09,1.2476
2021-07-10,1.2455
2021-07-11,1.2455
2021-07-12,1.2455
2021-07-13,1.2511
2021-07-14,1.2521
2021-07-15,1.2575
2021-07-16,1.2586
2021-07-17,1.2752
2021-07-18,1.2752
2021-07-19,1.2752
2021-07-20,1.2724
2021-07-21,1.2538
2021-07-22,1.2578
2021-07-23,1.258
2021-07-24,1.254
2021-07-25,1.254
2021-07-26,1.254
2021-07-27,1.2579
2021-07-28,1.2563
2021-07-29,1.2439
2021-07-30,1.2466
2021-07-31,1.2501
2021-08-01,1.2501
2021-08-02,1.2501
2021-08-03,1.255
2021-08-04,1.2551
2021-08-05,1.2487
2021-08-06,1.2563
2021-08-07,1.2571
2021-08-08,1.2571
2021-08-09,1.2571
2021-08-10,1.2531
2021-08-11,1.2513
2021-08-12,1.2518
2021-08-13,1.2512
2021-08-14,1.257
2021-08-15,1.257
2021-08-16,1.257
2021-08-17,1.2622
2021-08-18,1.2638
2021-08-19,1.279
2021-08-20,1.2853
2021-08-21,1.2666
2021-08-22,1.2666
2021-08-23,1.2666
2021-08-24,1.2615
2021-08-25,1.2624
2021-08-26,1.2654
2021-08-27,1.2613
2021-08-28,1.2606
2021-08-29,1.2606
2021-08-30,1.2606
2021-08-31,1.2629
2021-09-01,1.2615
2021-09-02,1.2559
2021-09-03,1.2524
2021-09-04,1.2622
2021-09-05,1.2622
2021-09-06,1.2622
2021-09-07,1.2622
2021-09-08,1.2681
2021-09-09,1.2648
2021-09-10,1.2636
2021-09-11,1.2643
2021-09-12,1.2643
2021-09-13,1.2643
2021-09-14,1.2663
2021-09-15,1.2653
2021-09-16,1.2679
2021-09-17,1.2738
2021-09-18,1.2818
2021-09-19,1.2818
2021-09-20,1.2818
2021-09-21,1.2789
2021-09-22,1.2733
2021-09-23,1.2662
2021-09-24,1.2672
2021-09-25,1.2643
2021-09-26,1.2643
2021-09-27,1.2643
2021-09-28,1.2692
2021-09-29,1.275
2021-09-30,1.2673
2021-10-01,1.2657
2021-10-02,1.2571
2021-10-03,1.2571
2021-10-04,1.2571
2021-10-05,1.2562
2021-10-06,1.2612
2021-10-07,1.2546
2021-10-08,1.2477
2021-10-09,1.2439
2021-10-10,1.2439
2021-10-11,1.2439
2021-10-12,1.2439
2021-10-13,1.2448
2021-10-14,1.2362
2021-10-15,1.2387
2021-10-16,1.2362
2021-10-17,1.2362
2021-10-18,1.2362
2021-10-19,1.2354
2021-10-20,1.2328
2021-10-21,1.2339
2021-10-22,1.2385
2021-10-23,1.2373
2021-10-24,1.2373
2021-10-25,1.2373
2021-10-26,1.2388
2021-10-27,1.2337
2021-10-28,1.2348
2021-10-29,1.2397
2021-10-30,1.2355
2021-10-31,1.2355
2021-11-01,1.2355
2021-11-02,1.242
2021-11-03,1.2416
2021-11-04,1.2462
2021-11-05,1.2439
2021-11-06,1.2441
2021-11-07,1.2441
2021-11-08,1.2441
2021-11-09,1.2457
2021-11-10,1.2447
2021-11-11,1.2558
2021-11-12,1.2558
2021-11-13,1.2515
2021-11-14,1.2515
2021-11-15,1.2515
2021-11-16,1.2562
2021-11-17,1.2594
2021-11-18,1.2629
2021-11-19,1.2631
2021-11-20,1.2684
2021-11-21,1.2684
2021-11-22,1.2684
2021-11-23,1.2712
2021-11-24,1.2657
2021-11-25,1.2756
2021-11-26,1.2756
2021-11-27,1.2792
2021-11-28,1.2792
2021-11-29,1.2792
2021-11-30,1.2812
2021-12-01,1.2778
2021-12-02,1.2814
2021-12-03,1.2833
2021-12-04,1.2785
2021-12-05,1.2785
2021-12-06,1.2785
2021-12-07,1.2651
2021-12-08,1.2653
2021-12-09,1.2698
2021-12-10,1.2706
2021-12-11,1.2795
2021-12-12,1.2795
2021-12-13,1.2795
2021-12-14,1.2858
2021-12-15,1.2916
2021-12-16,1.2772
2021-12-17,1.283
2021-12-18,1.2941
2021-12-19,1.2941
2021-12-20,1.2941
2021-12-21,1.2927
2021-12-22,1.2844
2021-12-23,1.2809
2021-12-24,1.2797
2021-12-25,1.2797
2021-12-26,1.2797
2021-12-27,1.2797
2021-12-28,1.2814
2021-12-29,1.281
2021-12-30,1.2777
2021-12-31,1.2757
2022-01-01,1.2757
2022-01-02,1.2757
2022-01-03,1.2757
2022-01-04,1.2697
2022-01-05,1.27
2022-01-06,1.2725
2022-01-07,1.2643
2022-01-08,1.2679
2022-01-09,1.2679
2022-01-10,1.2679
2022-01-11,1.2598
2022-01-12,1.2501
2022-01-13,1.2482
2022-01-14,1.2549
2022-01-15,1.2535
2022-01-16,1.2535
2022-01-17,1.2535
2022-01-18,1.2535
2022-01-19,1.2499
2022-01-20,1.2462
2022-01-21,1.2542
2022-01-22,1.2688
2022-01-23,1.2688
2022-01-24,1.2688
2022-01-25,1.2637
2022-01-26,1.2597
2022-01-27,1.2709
2022-01-28,1.2753
2022-01-29,1.2694
2022-01-30,1.2694
2022-01-31,1.2694
2022-02-01,1.2688
2022-02-02,1.2689
2022-02-03,1.2679
2022-02-04,1.2759
2022-02-05,1.2685
2022-02-06,1.2685
2022-02-07,1.2685
2022-02-08,1.2709
2022-02-09,1.2675
2022-02-10,1.2647
2022-02-11,1.2678
2022-02-12,1.2732
2022-02-13,1.2732
2022-02-14,1.2732
2022-02-15,1.2742
2022-02-16,1.2687
2022-02-17,1.2696
2022-02-18,1.2748
2022-02-19,1.2736
2022-02-20,1.2736
2022-02-21,1.2736
2022-02-22,1.2736
2022-02-23,1.2717
2022-02-24,1.284
2022-02-25,1.274
2022-02-26,1.2662
2022-02-27,1.2662
2022-02-28,1.2662
2022-03-01,1.2709
2022-03-02,1.2657
2022-03-03,1.2675
2022-03-04,1.276
2022-03-05,1.2772
2022-03-06,1.2772
2022-03-07,1.2772
2022-03-08,1.2893
2022-03-09,1.2812
2022-03-10,1.2772
2022-03-11,1.2723
2022-03-12,1.2774
2022-03-13,1.2774
2022-03-14,1.2774
2022-03-15,1.2806
2022-03-16,1.2742
2022-03-17,1.2637
2022-03-18,1.2633
2022-03-19,1.258
2022-03-20,1.258
2022-03-21,1.258
2022-03-22,1.2604
2022-03-23,1.2555
2022-03-24,1.2532
2022-03-25,1.2512
2022-03-26,1.255
2022-03-27,1.255
2022-03-28,1.255
2022-03-29,1.2513
2022-03-30,1.2495
2022-03-31,1.2482
2022-04-01,1.2507
2022-04-02,1.2491
2022-04-03,1.2491
2022-04-04,1.2491
2022-04-05,1.2452
2022-04-06,1.2502
2022-04-07,1.2592
2022-04-08,1.2577
2022-04-09,1.2622
2022-04-10,1.2622
2022-04-11,1.2622
2022-04-12,1.2609
2022-04-13,1.2595
2022-04-14,1.2628
2022-04-15,1.2613
2022-04-16,1.262
2022-04-17,1.262
2022-04-18,1.262
2022-04-19,1.2618
2022-04-20,1.249
2022-04-21,1.2526
2022-04-22,1.2716
2022-04-23,1.2775
2022-04-24,1.2775
2022-04-25,1.2775
2022-04-26,1.2796
2022-04-27,1.283
2022-04-28,1.2831
2022-04-29,1.2802
2022-04-30,1.2884
2022-05-01,1.2884
2022-05-02,1.2884
2022-05-03,1.2837
2022-05-04,1.2817
2022-05-05,1.2849
2022-05-06,1.289
2022-05-07,1.2962
2022-05-08,1.2962
2022-05-09,1.2962
2022-05-10,1.303
2022-05-11,1.2943
2022-05-12,1.3055
2022-05-13,1.2929
2022-05-14,1.2883
2022-05-15,1.2883
2022-05-16,1.2883
2022-05-17,1.2839
2022-05-18,1.2838
2022-05-19,1.2821
2022-05-20,1.2837
2022-05-21,1.2784
2022-05-22,1.2784
2022-05-23,1.2784
2022-05-24,1.284
2022-05-25,1.2837
2022-05-26,1.2788
2022-05-27,1.274
2022-05-28,1.2639
2022-05-29,1.2639
2022-05-30,1.2639
2022-05-31,1.2639
2022-06-01,1.267
2022-06-02,1.2587
2022-06-03,1.2581
2022-06-04,1.257
2022-06-05,1.257
2022-06-06,1.257
2022-06-07,1.255
2022-06-08,1.2524
2022-06-09,1.2651
2022-06-10,1.2782
2022-06-11,1.2851
2022-06-12,1.2851
2022-06-13,1.2851
2022-06-14,1.2933
2022-06-15,1.297
2022-06-16,1.2925
2022-06-17,1.3054
2022-06-18,1.2927
2022-06-19,1.2927
2022-06-20,1.2927
2022-06-21,1.2927
2022-06-22,1.2932
2022-06-23,1.2979
2022-06-24,1.2919
2022-06-25,1.287
2022-06-26,1.287
2022-06-27,1.287
2022-06-28,1.2882
2022-06-29,1.2861
2022-06-30,1.2871
2022-07-01,1.2915
2022-07-02,1.3064
2022-07-03,1.3064
2022-07-04,1.3064
2022-07-05,1.3064
2022-07-06,1.3052
2022-07-07,1.2988
2022-07-08,1.2947
2022-07-09,1.2979
2022-07-10,1.2979
2022-07-11,1.2979
2022-07-12,1.3003
2022-07-13,1.2956
2022-07-14,1.31
2022-07-15,1.3041
2022-07-16,1.2919
2022-07-17,1.2919
2022-07-18,1.2919
2022-07-19,1.2887
2022-07-20,1.2875
2022-07-21,1.2885
2022-07-22,1.2861
2022-07-23,1.2845
2022-07-24,1.2845
2022-07-25,1.2845
2022-07-26,1.2891
2022-07-27,1.2881
2022-07-28,1.2835
2022-07-29,1.2801
2022-07-30,1.283
2022-07-31,1.283
2022-08-01,1.283
2022-08-02,1.2855
2022-08-03,1.2869
2022-08-04,1.2852
2022-08-05,1.2942
2022-08-06,1.2854
2022-08-07,1.2854
2022-08-08,1.2854
2022-08-09,1.288
2022-08-10,1.2773
2022-08-11,1.2744
2022-08-12,1.2783
2022-08-13,1.2891
2022-08-14,1.2891
2022-08-15,1.2891
2022-08-16,1.2874
2022-08-17,1.2932
2022-08-18,1.2945
2022-08-19,1.2994
2022-08-20,1.3038
2022-08-21,1.3038
2022-08-22,1.3038
2022-08-23,1.2945
2022-08-24,1.2969
2022-08-25,1.2944
2022-08-26,1.3006
2022-08-27,1.3001
2022-08-28,1.3001
2022-08-29,1.3001
2022-08-30,1.309
2022-08-31,1.3091
2022-09-01,1.316
2022-09-02,1.3089
2022-09-03,1.3122
2022-09-04,1.3122
2022-09-05,1.3122
2022-09-06,1.3122
2022-09-07,1.3166
2022-09-08,1.3118
2022-09-09,1.3036
2022-09-10,1.2976
2022-09-11,1.2976
2022-09-12,1.2976
2022-09-13,1.3123
2022-09-14,1.3156
2022-09-15,1.3204
2022-09-16,1.3273
2022-09-17,1.3287
2022-09-18,1.3287
2022-09-19,1.3287
2022-09-20,1.3339
2022-09-21,1.3397
2022-09-22,1.3499
2022-09-23,1.3581
2022-09-24,1.3745
2022-09-25,1.3745
2022-09-26,1.3745
2022-09-27,1.3738
2022-09-28,1.3648
2022-09-29,1.37
2022-09-30,1.3752
2022-10-01,1.3651
2022-10-02,1.3651
2022-10-03,1.3651
2022-10-04,1.3551
2022-10-05,1.3662
2022-10-06,1.3732
2022-10-07,1.3692
2022-10-08,1.3737
2022-10-09,1.3737
2022-10-10,1.3737
2022-10-11,1.3737
2022-10-12,1.3797
2022-10-13,1.3744
2022-10-14,1.3873
2022-10-15,1.3723
2022-10-16,1.3723
2022-10-17,1.3723
2022-10-18,1.379
2022-10-19,1.3783
2022-10-20,1.3715
2022-10-21,1.3673
2022-10-22,1.3704
2022-10-23,1.3704
2022-10-24,1.3704
2022-10-25,1.3616
2022-10-26,1.3551
2022-10-27,1.3532
2022-10-28,1.3622
2022-10-29,1.3639
2022-10-30,1.3639
2022-10-31,1.3639
2022-11-01,1.3639
2022-11-02,1.3628
2022-11-03,1.3729
2022-11-04,1.3528
2022-11-05,1.3497
2022-11-06,1.3497
2022-11-07,1.3497
2022-11-08,1.3389
2022-11-09,1.3453
2022-11-10,1.3362
2022-11-11,1.3295
2022-11-12,1.3295
2022-11-13,1.3295
2022-11-14,1.3295
2022-11-15,1.328
2022-11-16,1.3343
2022-11-17,1.3343
2022-11-18,1.3379
2022-11-19,1.3483
2022-11-20,1.3483
2022-11-21,1.3483
2022-11-22,1.3401
2022-11-23,1.3416
2022-11-24,1.337
2022-11-25,1.337
2022-11-26,1.3433
2022-11-27,1.3433
2022-11-28,1.3433
2022-11-29,1.3636
2022-11-30,1.3538
2022-12-01,1.3427
2022-12-02,1.3448
2022-12-03,1.3571
2022-12-04,1.3571
2022-12-05,1.3571
2022-12-06,1.3652
2022-12-07,1.364
2022-12-08,1.3574
2022-12-09,1.3604
2022-12-10,1.3654
2022-12-11,1.3654
2022-12-12,1.3654
2022-12-13,1.353
2022-12-14,1.3567
2022-12-15,1.3649
2022-12-16,1.369
2022-12-17,1.3638
2022-12-18,1.3638
2022-12-19,1.3638
2022-12-20,1.3618
2022-12-21,1.3622
2022-12-22,1.3653
2022-12-23,1.3587
2022-12-24,1.3504
2022-12-25,1.3504
2022-12-26,1.3504
2022-12-27,1.3504
2022-12-28,1.3588
2022-12-29,1.3546
2022-12-30,1.3532
2022-12-31,1.3664
2023-01-01,1.3664
2023-01-02,1.3664
2023-01-03,1.3664
2023-01-04,1.3492
2023-01-05,1.3579
2023-01-06,1.3452
2023-01-07,1.3372
2023-01-08,1.3372
2023-01-09,1.3372
2023-01-10,1.3433
2023-01-11,1.3422
2023-01-12,1.338
2023-01-13,1.3413
2023-01-14,1.338
2023-01-15,1.338
2023-01-16,1.338
2023-01-17,1.338
2023-01-18,1.3436
2023-01-19,1.3494
2023-01-20,1.3416
2023-01-21,1.3384
2023-01-22,1.3384
2023-01-23,1.3384
2023-01-24,1.3369
2023-01-25,1.3413
2023-01-26,1.3348
2023-01-27,1.3314
2023-01-28,1.335
2023-01-29,1.335
2023-01-30,1.335
2023-01-31,1.3333
2023-02-01,1.3335
2023-02-02,1.3317
2023-02-03,1.3395
2023-02-04,1.3442
2023-02-05,1.3442
2023-02-06,1.3442
2023-02-07,1.344
2023-02-08,1.343
2023-02-09,1.3428
2023-02-10,1.3363
2023-02-11,1.3348
2023-02-12,1.3348
2023-02-13,1.3348
2023-02-14,1.3367
2023-02-15,1.3401
2023-02-16,1.3451
2023-02-17,1.3487
2023-02-18,1.3515
2023-02-19,1.3515
2023-02-20,1.3515
2023-02-21,1.3515
2023-02-22,1.354
2023-02-23,1.3567
2023-02-24,1.3618
2023-02-25,1.3574
2023-02-26,1.3574
2023-02-27,1.3574
2023-02-28,1.3616
2023-03-01,1.3597
2023-03-02,1.3616
2023-03-03,1.3609
2023-03-04,1.3606
2023-03-05,1.3606
2023-03-06,1.3606
2023-03-07,1.3736
2023-03-08,1.3784
2023-03-09,1.3777
2023-03-10,1.3804
2023-03-11,1.3687
2023-03-12,1.3687
2023-03-13,1.3687
2023-03-14,1.3676
2023-03-15,1.3799
2023-03-16,1.3761
2023-03-17,1.3753
2023-03-18,1.3686
2023-03-19,1.3686
2023-03-20,1.3686
2023-03-21,1.3732
2023-03-22,1.3722
2023-03-23,1.3658
2023-03-24,1.3763
2023-03-25,1.3686
2023-03-26,1.3686
2023-03-27,1.3686
2023-03-28,1.3615
2023-03-29,1.3575
2023-03-30,1.3536
2023-03-31,1.3525
2023-04-01,1.3435
2023-04-02,1.3435
2023-04-03,1.3435
2023-04-04,1.3454
2023-04-05,1.3453
2023-04-06,1.3472
2023-04-07,1.3513
2023-04-08,1.3534
2023-04-09,1.3534
2023-04-10,1.3534
2023-04-11,1.348
2023-04-12,1.345
2023-04-13,1.3344
2023-04-14,1.3379
2023-04-15,1.3403
2023-04-16,1.3403
2023-04-17,1.3403
2023-04-18,1.3391
2023-04-19,1.3454
2023-04-20,1.3459
2023-04-21,1.3534
2023-04-22,1.3543
2023-04-23,1.3543
2023-04-24,1.3543
2023-04-25,1.3627
2023-04-26,1.3601
2023-04-27,1.3611
2023-04-28,1.3552
2023-04-29,1.3541
2023-04-30,1.3541
2023-05-01,1.3541
2023-05-02,1.3627
2023-05-03,1.361
2023-05-04,1.357
2023-05-05,1.3419
2023-05-06,1.3356
2023-05-07,1.3356
2023-05-08,1.3356
2023-05-09,1.3399
2023-05-10,1.3374
2023-05-11,1.3487
2023-05-12,1.354
2023-05-13,1.3482
2023-05-14,1.3482
2023-05-15,1.3482
2023-05-16,1.3456
2023-05-17,1.3483
2023-05-18,1.3502
2023-05-19,1.3508
2023-05-20,1.3508
2023-05-21,1.3508
2023-05-22,1.3508
2023-05-23,1.3485
2023-05-24,1.3589
2023-05-25,1.3636
2023-05-26,1.3625
2023-05-27,1.3593
2023-05-28,1.3593
2023-05-29,1.3593
2023-05-30,1.3593
2023-05-31,1.3588
2023-06-01,1.3441
2023-06-02,1.3438
2023-06-03,1.3419
2023-06-04,1.3419
2023-06-05,1.3419
2023-06-06,1.3403
2023-06-07,1.3363
2023-06-08,1.338
2023-06-09,1.3342
2023-06-10,1.3377
2023-06-11,1.3377
2023-06-12,1.3377
2023-06-13,1.3298
2023-06-14,1.3283
2023-06-15,1.3237
2023-06-16,1.3194
2023-06-17,1.3246
2023-06-18,1.3246
2023-06-19,1.3246
2023-06-20,1.3246
2023-06-21,1.3179
2023-06-22,1.3164
2023-06-23,1.3196
2023-06-24,1.3145
2023-06-25,1.3145
2023-06-26,1.3145
2023-06-27,1.3175
2023-06-28,1.3249
2023-06-29,1.3246
2023-06-30,1.3232
2023-07-01,1.3243
2023-07-02,1.3243
2023-07-03,1.3243
2023-07-04,1.3271
2023-07-05,1.3271
2023-07-06,1.3353
2023-07-07,1.3284
2023-07-08,1.3281
2023-07-09,1.3281
2023-07-10,1.3281
2023-07-11,1.3249
2023-07-12,1.3179
2023-07-13,1.3126
2023-07-14,1.3204
2023-07-15,1.3173
2023-07-16,1.3173
2023-07-17,1.3173
2023-07-18,1.3175
2023-07-19,1.3158
2023-07-20,1.3182
2023-07-21,1.3217
2023-07-22,1.3154
2023-07-23,1.3154
2023-07-24,1.3154
2023-07-25,1.3179
2023-07-26,1.3218
2023-07-27,1.3194
2023-07-28,1.3225
2023-07-29,1.316
2023-07-30,1.316
2023-07-31,1.316
2023-08-01,1.3289
2023-08-02,1.3334
2023-08-03,1.334
2023-08-04,1.3337
2023-08-05,1.3372
2023-08-06,1.3372
2023-08-07,1.3372
2023-08-08,1.3454
2023-08-09,1.3442
2023-08-10,1.3401
2023-08-11,1.3437
2023-08-12,1.3451
2023-08-13,1.3451
2023-08-14,1.3451
2023-08-15,1.3472
2023-08-16,1.3516
2023-08-17,1.3522
2023-08-18,1.3557
2023-08-19,1.3563
2023-08-20,1.3563
2023-08-21,1.3563
2023-08-22,1.3547
2023-08-23,1.3542
2023-08-24,1.3562
2023-08-25,1.3626
2023-08-26,1.3596
2023-08-27,1.3596
2023-08-28,1.3596
2023-08-29,1.3589
2023-08-30,1.3515
2023-08-31,1.3539
2023-09-01,1.3582
2023-09-02,1.3607
2023-09-03,1.3607
2023-09-04,1.3607
2023-09-05,1.3607
2023-09-06,1.3655
2023-09-07,1.3678
2023-09-08,1.3621
2023-09-09,1.3581
2023-09-10,1.3581
2023-09-11,1.3581
2023-09-12,1.3553
2023-09-13,1.3533
2023-09-14,1.3513
2023-09-15,1.3504
2023-09-16,1.3482
2023-09-17,1.3482
2023-09-18,1.3482
2023-09-19,1.3431
2023-09-20,1.3424
2023-09-21,1.3484
2023-09-22,1.3467
2023-09-23,1.3473
2023-09-24,1.3473
2023-09-25,1.3473
2023-09-26,1.3509
2023-09-27,1.3512
2023-09-28,1.3474
2023-09-29,1.3535
2023-09-30,1.3666
2023-10-01,1.3666
2023-10-02,1.3666
2023-10-03,1.372
2023-10-04,1.3739
2023-10-05,1.3736
2023-10-06,1.3657
2023-10-07,1.3579
2023-10-08,1.3579
2023-10-09,1.3579
2023-10-10,1.3579
2023-10-11,1.3617
2023-10-12,1.3656
2023-10-13,1.365
2023-10-14,1.3615
2023-10-15,1.3615
2023-10-16,1.3615
2023-10-17,1.3622
2023-10-18,1.3696
2023-10-19,1.3716
2023-10-20,1.3692
2023-10-21,1.3676
2023-10-22,1.3676
2023-10-23,1.3676
2023-10-24,1.3744
2023-10-25,1.3772
2023-10-26,1.383
2023-10-27,1.3866
2023-10-28,1.3829
2023-10-29,1.3829
2023-10-30,1.3829
2023-10-31,1.3878
2023-11-01,1.3879
2023-11-02,1.3788
2023-11-03,1.3671
2023-11-04,1.3662
2023-11-05,1.3662
2023-11-06,1.3662
2023-11-07,1.3769
2023-11-08,1.3798
2023-11-09,1.3766
2023-11-10,1.3781
2023-11-11,1.3781
2023-11-12,1.3781
2023-11-13,1.3781
2023-11-14,1.3711
2023-11-15,1.3665
2023-11-16,1.3774
2023-11-17,1.374
2023-11-18,1.372
2023-11-19,1.372
2023-11-20,1.372
2023-11-21,1.369
2023-11-22,1.3733
2023-11-23,1.3608
2023-11-24,1.3608
2023-11-25,1.3633
2023-11-26,1.3633
2023-11-27,1.3633
2023-11-28,1.3562
2023-11-29,1.3596
2023-11-30,1.3587
2023-12-01,1.3495
2023-12-02,1.3537
2023-12-03,1.3537
2023-12-04,1.3537
2023-12-05,1.3577
2023-12-06,1.358
2023-12-07,1.3594
2023-12-08,1.3595
2023-12-09,1.3568
2023-12-10,1.3568
2023-12-11,1.3568
2023-12-12,1.3611
2023-12-13,1.357
2023-12-14,1.3404
2023-12-15,1.3374
2023-12-16,1.3391
2023-12-17,1.3391
2023-12-18,1.3391
2023-12-19,1.334
2023-12-20,1.3322
2023-12-21,1.3294
2023-12-22,1.3259
2023-12-23,1.3208
2023-12-24,1.3208
2023-12-25,1.3208
2023-12-26,1.3208
2023-12-27,1.3201
2023-12-28,1.3202
2023-12-29,1.3202
2023-12-30,1.331
2023-12-31,1.331
2024-01-01,1.331
2024-01-02,1.331
2024-01-03,1.3358
2024-01-04,1.3355
2024-01-05,1.3331
2024-01-06,1.3361
2024-01-07,1.3361
2024-01-08,1.3361
2024-01-09,1.3384
2024-01-10,1.3379
2024-01-11,1.3439
2024-01-12,1.3399
2024-01-13,1.3472
2024-01-14,1.3472
2024-01-15,1.3472
2024-01-16,1.3472
2024-01-17,1.3523
2024-01-18,1.3503
2024-01-19,1.3467
2024-01-20,1.3454
2024-01-21,1.3454
2024-01-22,1.3454
2024-01-23,1.3486
2024-01-24,1.3479
2024-01-25,1.3489
2024-01-26,1.3456
2024-01-27,1.3439
2024-01-28,1.3439
2024-01-29,1.3439
2024-01-30,1.3409
2024-01-31,1.3384
2024-02-01,1.338
2024-02-02,1.3458
2024-02-03,1.3533
2024-02-04,1.3533
2024-02-05,1.3533
2024-02-06,1.3499
2024-02-07,1.347
2024-02-08,1.3463
2024-02-09,1.3478
2024-02-10,1.3437
2024-02-11,1.3437
2024-02-12,1.3437
2024-02-13,1.3563
2024-02-14,1.355
2024-02-15,1.3493
2024-02-16,1.3483
2024-02-17,1.3517
2024-02-18,1.3517
2024-02-19,1.3517
2024-02-20,1.3517
2024-02-21,1.3504
2024-02-22,1.3496
2024-02-23,1.3502
2024-02-24,1.3513
2024-02-25,1.3513
2024-02-26,1.3513
2024-02-27,1.3522
2024-02-28,1.357
2024-02-29,1.3568
2024-03-01,1.3553
2024-03-02,1.3563
2024-03-03,1.3563
2024-03-04,1.3563
2024-03-05,1.3579
2024-03-06,1.3509
2024-03-07,1.3466
2024-03-08,1.3468
2024-03-09,1.3485
2024-03-10,1.3485
2024-03-11,1.3485
2024-03-12,1.3495
2024-03-13,1.347
2024-03-14,1.3516
2024-03-15,1.353
2024-03-16,1.354
2024-03-17,1.354
2024-03-18,1.354
2024-03-19,1.3578
2024-03-20,1.3562
2024-03-21,1.3536
2024-03-22,1.3594
2024-03-23,1.3579
2024-03-24,1.3579
2024-03-25,1.3579
2024-03-26,1.3568
2024-03-27,1.3586
2024-03-28,1.353
2024-03-29,1.354
2024-03-30,1.3579
2024-03-31,1.3579
2024-04-01,1.3579
2024-04-02,1.357
2024-04-03,1.3521
2024-04-04,1.3493
2024-04-05,1.358
2024-04-06,1.3583
2024-04-07,1.3583
2024-04-08,1.3583
2024-04-09,1.3583
2024-04-10,1.3688
2024-04-11,1.3705
2024-04-12,1.3756
2024-04-13,1.3751
2024-04-14,1.3751
2024-04-15,1.3751
2024-04-16,1.3824
2024-04-17,1.3804
2024-04-18,1.3755
2024-04-19,1.3742
2024-04-20,1.3721
2024-04-21,1.3721
2024-04-22,1.3721
2024-04-23,1.3676
2024-04-24,1.3721
2024-04-25,1.3691
2024-04-26,1.3678
2024-04-27,1.3649
2024-04-28,1.3649
2024-04-29,1.3649
2024-04-30,1.3748
2024-05-01,1.376
2024-05-02,1.3696
2024-05-03,1.3683
2024-05-04,1.3655
2024-05-05,1.3655
2024-05-06,1.3655
2024-05-07,1.3712
2024-05-08,1.3719
2024-05-09,1.369
2024-05-10,1.3663
2024-05-11,1.3675
2024-05-12,1.3675
2024-05-13,1.3675
2024-05-14,1.365
2024-05-15,1.3612
2024-05-16,1.3606
2024-05-17,1.3615
2024-05-18,1.3611
2024-05-19,1.3611
2024-05-20,1.3611
2024-05-21,1.3644
2024-05-22,1.3667
2024-05-23,1.3696
2024-05-24,1.3665
2024-05-25,1.363
2024-05-26,1.363
2024-05-27,1.363
2024-05-28,1.363
2024-05-29,1.3702
2024-05-30,1.3668
2024-05-31,1.3646
2024-06-01,1.3626
2024-06-02,1.3626
2024-06-03,1.3626
2024-06-04,1.3684
2024-06-05,1.3705
2024-06-06,1.3684
2024-06-07,1.3747
2024-06-08,1.3755
2024-06-09,1.3755
2024-06-10,1.3755
2024-06-11,1.3764
2024-06-12,1.369
2024-06-13,1.3746
2024-06-14,1.3735
2024-06-15,1.3752
2024-06-16,1.3752
2024-06-17,1.3752
2024-06-18,1.3723
2024-06-19,1.3703
2024-06-20,1.3703
2024-06-21,1.3698
2024-06-22,1.3658
2024-06-23,1.3658
2024-06-24,1.3658
2024-06-25,1.3658
2024-06-26,1.3697
2024-06-27,1.3693
2024-06-28,1.3684
2024-06-29,1.3742
2024-06-30,1.3742
2024-07-01,1.3742
2024-07-02,1.3691
2024-07-03,1.3624
2024-07-04,1.3631
2024-07-05,1.3631
2024-07-06,1.3637
2024-07-07,1.3637
2024-07-08,1.3637
2024-07-09,1.3636
2024-07-10,1.3608
2024-07-11,1.3619
2024-07-12,1.3627
2024-07-13,1.3662
2024-07-14,1.3662
2024-07-15,1.3662
2024-07-16,1.3686
2024-07-17,1.3683
2024-07-18,1.3695
2024-07-19,1.3723
2024-07-20,1.3756
2024-07-21,1.3756
2024-07-22,1.3756
2024-07-23,1.3763
2024-07-24,1.3783
2024-07-25,1.3809
2024-07-26,1.3832
2024-07-27,1.3853
2024-07-28,1.3853
2024-07-29,1.3853
2024-07-30,1.3848
2024-07-31,1.3806
2024-08-01,1.3845
2024-08-02,1.3846
2024-08-03,1.382
2024-08-04,1.382
2024-08-05,1.382
2024-08-06,1.3791
2024-08-07,1.3729
2024-08-08,1.3742
2024-08-09,1.3725
2024-08-10,1.3741
2024-08-11,1.3741
2024-08-12,1.3741
2024-08-13,1.3723
2024-08-14,1.3696
2024-08-15,1.3701
2024-08-16,1.3705
2024-08-17,1.3659
2024-08-18,1.3659
2024-08-19,1.3659
2024-08-20,1.3631
2024-08-21,1.3583
2024-08-22,1.3605
2024-08-23,1.3514
2024-08-24,1.3485
2024-08-25,1.3485
2024-08-26,1.3485
2024-08-27,1.3454
2024-08-28,1.3462
2024-08-29,1.346
2024-08-30,1.3493
2024-08-31,1.3543
2024-09-01,1.3543
2024-09-02,1.3543
2024-09-03,1.3543
2024-09-04,1.3519
2024-09-05,1.3515
2024-09-06,1.3561
2024-09-07,1.356
2024-09-08,1.356
2024-09-09,1.356
2024-09-10,1.3607
2024-09-11,1.3595
2024-09-12,1.3595
2024-09-13,1.3581
2024-09-14,1.3599
2024-09-15,1.3599
2024-09-16,1.3599
2024-09-17,1.3598
2024-09-18,1.3607
2024-09-19,1.356
2024-09-20,1.3565
2024-09-21,1.3502
2024-09-22,1.3502
2024-09-23,1.3502
2024-09-24,1.347
2024-09-25,1.3466
2024-09-26,1.3466
2024-09-27,1.3504
2024-09-28,1.3511
2024-09-29,1.3511
2024-09-30,1.3511
2024-10-01,1.3492
2024-10-02,1.3485
2024-10-03,1.3533
2024-10-04,1.3578
2024-10-05,1.3608
2024-10-06,1.3608
2024-10-07,1.3608
2024-10-08,1.3662
2024-10-09,1.3682
2024-10-10,1.3752
2024-10-11,1.3768
2024-10-12,1.3803
2024-10-13,1.3803
2024-10-14,1.3803
2024-10-15,1.3803
2024-10-16,1.3772
2024-10-17,1.3791
2024-10-18,1.3804
2024-10-19,1.3847
2024-10-20,1.3847
2024-10-21,1.3847
2024-10-22,1.383
2024-10-23,1.3838
2024-10-24,1.3858
2024-10-25,1.3882
2024-10-26,1.3903
2024-10-27,1.3903
2024-10-28,1.3903
2024-10-29,1.3909
2024-10-30,1.3911
2024-10-31,1.3939
2024-11-01,1.3925
2024-11-02,1.3898
2024-11-03,1.3898
2024-11-04,1.3898
2024-11-05,1.385
2024-11-06,1.3929
2024-11-07,1.3866
2024-11-08,1.3921
2024-11-09,1.3956
2024-11-10,1.3956
2024-11-11,1.3956
2024-11-12,1.3956
2024-11-13,1.3985
2024-11-14,1.4025
2024-11-15,1.4076
2024-11-16,1.4028
2024-11-17,1.4028
2024-11-18,1.4028
2024-11-19,1.3981
2024-11-20,1.3995
2024-11-21,1.396
2024-11-22,1.3985
2024-11-23,1.4003
2024-11-24,1.4003
2024-11-25,1.4003
2024-11-26,1.4058
2024-11-27,1.4028
2024-11-28,1.4014
2024-11-29,1.4014
2024-11-30,1.4069
2024-12-01,1.4069
2024-12-02,1.4069
2024-12-03,1.4065
2024-12-04,1.4069
2024-12-05,1.4035
2024-12-06,1.4144
2024-12-07,1.412
2024-12-08,1.412
2024-12-09,1.412
2024-12-10,1.416
2024-12-11,1.4126
2024-12-12,1.4179
2024-12-13,1.424
2024-12-14,1.423
2024-12-15,1.423
2024-12-16,1.423
2024-12-17,1.4312
2024-12-18,1.4335
2024-12-19,1.4366
2024-12-20,1.4354
2024-12-21,1.439
2024-12-22,1.439
2024-12-23,1.439
2024-12-24,1.4383
2024-12-25,1.4404
2024-12-26,1.4404
2024-12-27,1.4433
2024-12-28,1.4374
2024-12-29,1.4374
2024-12-30,1.4374
2024-12-31,1.44
2025-01-01,1.4422
2025-01-02,1.4422
2025-01-03,1.4455
2025-01-04,1.4359
2025-01-05,1.4359
2025-01-06,1.4359
2025-01-07,1.4341
2025-01-08,1.4375
2025-01-09,1.4394
2025-01-10,1.4437
2025-01-11,1.4411
2025-01-12,1.4411
2025-01-13,1.4411
2025-01-14,1.4369
2025-01-15,1.434
2025-01-16,1.4377
2025-01-17,1.442
2025-01-18,1.4328
2025-01-19,1.4328
2025-01-20,1.4328
2025-01-21,1.4328
2025-01-22,1.4361
2025-01-23,1.4359
2025-01-24,1.4331
2025-01-25,1.4388
2025-01-26,1.4388
2025-01-27,1.4388
2025-01-28,1.4392
2025-01-29,1.4432
2025-01-30,1.4411
2025-01-31,1.4459
2025-02-01,1.4601
2025-02-02,1.4601
2025-02-03,1.4601
2025-02-04,1.4318
2025-02-05,1.428
2025-02-06,1.4314
2025-02-07,1.4311
2025-02-08,1.4317
2025-02-09,1.4317
2025-02-10,1.4317
2025-02-11,1.4308
2025-02-12,1.4288
2025-02-13,1.423
2025-02-14,1.417
2025-02-15,1.4189
2025-02-16,1.4189
2025-02-17,1.4189
2025-02-18,1.4189
2025-02-19,1.4235
2025-02-20,1.4195
2025-02-21,1.4196
2025-02-22,1.4224
2025-02-23,1.4224
2025-02-24,1.4224
2025-02-25,1.43
2025-02-26,1.4346
2025-02-27,1.4419
2025-02-28,1.4433
