DATE,DEXSZUS
2014-03-01,0.881
2014-03-02,0.881
2014-03-03,0.881
2014-03-04,0.8869
2014-03-05,0.8872
2014-03-06,0.881
2014-03-07,0.8785
2014-03-08,0.8781
2014-03-09,0.8781
2014-03-10,0.8781
2014-03-11,0.8783
2014-03-12,0.8743
2014-03-13,0.8726
2014-03-14,0.8712
2014-03-15,0.8726
2014-03-16,0.8726
2014-03-17,0.8726
2014-03-18,0.8743
2014-03-19,0.8747
2014-03-20,0.8833
2014-03-21,0.8836
2014-03-22,0.884
2014-03-23,0.884
2014-03-24,0.884
2014-03-25,0.8862
2014-03-26,0.8854
2014-03-27,0.8859
2014-03-28,0.8869
2014-03-29,0.884
2014-03-30,0.884
2014-03-31,0.884
2014-04-01,0.8825
2014-04-02,0.887
2014-04-03,0.8921
2014-04-04,0.8918
2014-04-05,0.8876
2014-04-06,0.8876
2014-04-07,0.8876
2014-04-08,0.8836
2014-04-09,0.8816
2014-04-10,0.8758
2014-04-11,0.8748
2014-04-12,0.8784
2014-04-13,0.8784
2014-04-14,0.8784
2014-04-15,0.8805
2014-04-16,0.8813
2014-04-17,0.8812
2014-04-18,0.8832
2014-04-19,0.8851
2014-04-20,0.8851
2014-04-21,0.8851
2014-04-22,0.8851
2014-04-23,0.8828
2014-04-24,0.8817
2014-04-25,0.8809
2014-04-26,0.8807
2014-04-27,0.8807
2014-04-28,0.8807
2014-04-29,0.8845
2014-04-30,0.88
2014-05-01,0.8797
2014-05-02,0.8789
2014-05-03,0.8774
2014-05-04,0.8774
2014-05-05,0.8774
2014-05-06,0.8744
2014-05-07,0.8758
2014-05-08,0.8784
2014-05-09,0.886
2014-05-10,0.8876
2014-05-11,0.8876
2014-05-12,0.8876
2014-05-13,0.8894
2014-05-14,0.8894
2014-05-15,0.8898
2014-05-16,0.891
2014-05-17,0.8916
2014-05-18,0.8916
2014-05-19,0.8916
2014-05-20,0.8916
2014-05-21,0.8951
2014-05-22,0.8948
2014-05-23,0.8958
2014-05-24,0.8977
2014-05-25,0.8977
2014-05-26,0.8977
2014-05-27,0.8977
2014-05-28,0.8982
2014-05-29,0.897
2014-05-30,0.8944
2014-05-31,0.898
2014-06-01,0.898
2014-06-02,0.898
2014-06-03,0.8964
2014-06-04,0.8956
2014-06-05,0.8944
2014-06-06,0.8938
2014-06-07,0.8974
2014-06-08,0.8974
2014-06-09,0.8974
2014-06-10,0.8996
2014-06-11,0.8998
2014-06-12,0.8982
2014-06-13,0.9008
2014-06-14,0.8969
2014-06-15,0.8969
2014-06-16,0.8969
2014-06-17,0.8998
2014-06-18,0.8976
2014-06-19,0.8932
2014-06-20,0.896
2014-06-21,0.8948
2014-06-22,0.8948
2014-06-23,0.8948
2014-06-24,0.8955
2014-06-25,0.8918
2014-06-26,0.8933
2014-06-27,0.8919
2014-06-28,0.8868
2014-06-29,0.8868
2014-06-30,0.8868
2014-07-01,0.8871
2014-07-02,0.8886
2014-07-03,0.8934
2014-07-04,0.8934
2014-07-05,0.8934
2014-07-06,0.8934
2014-07-07,0.8934
2014-07-08,0.8924
2014-07-09,0.8918
2014-07-10,0.8926
2014-07-11,0.8926
2014-07-12,0.8918
2014-07-13,0.8918
2014-07-14,0.8918
2014-07-15,0.8953
2014-07-16,0.8984
2014-07-17,0.8973
2014-07-18,0.8989
2014-07-19,0.898
2014-07-20,0.898
2014-07-21,0.898
2014-07-22,0.9022
2014-07-23,0.9024
2014-07-24,0.9024
2014-07-25,0.9045
2014-07-26,0.9037
2014-07-27,0.9037
2014-07-28,0.9037
2014-07-29,0.9068
2014-07-30,0.9096
2014-07-31,0.9086
2014-08-01,0.9048
2014-08-02,0.9068
2014-08-03,0.9068
2014-08-04,0.9068
2014-08-05,0.9102
2014-08-06,0.9095
2014-08-07,0.9086
2014-08-08,0.905
2014-08-09,0.9063
2014-08-10,0.9063
2014-08-11,0.9063
2014-08-12,0.9082
2014-08-13,0.9079
2014-08-14,0.9056
2014-08-15,0.9026
2014-08-16,0.9066
2014-08-17,0.9066
2014-08-18,0.9066
2014-08-19,0.9089
2014-08-20,0.9116
2014-08-21,0.9112
2014-08-22,0.9142
2014-08-23,0.9144
2014-08-24,0.9144
2014-08-25,0.9144
2014-08-26,0.9167
2014-08-27,0.9148
2014-08-28,0.915
2014-08-29,0.9174
2014-08-30,0.9196
2014-08-31,0.9196
2014-09-01,0.9196
2014-09-02,0.9196
2014-09-03,0.9186
2014-09-04,0.9327
2014-09-05,0.9306
2014-09-06,0.9317
2014-09-07,0.9317
2014-09-08,0.9317
2014-09-09,0.9348
2014-09-10,0.9382
2014-09-11,0.9349
2014-09-12,0.9337
2014-09-13,0.9344
2014-09-14,0.9344
2014-09-15,0.9344
2014-09-16,0.9314
2014-09-17,0.9346
2014-09-18,0.9344
2014-09-19,0.9404
2014-09-20,0.941
2014-09-21,0.941
2014-09-22,0.941
2014-09-23,0.9386
2014-09-24,0.9446
2014-09-25,0.9467
2014-09-26,0.9513
2014-09-27,0.9498
2014-09-28,0.9498
2014-09-29,0.9498
2014-09-30,0.9554
2014-10-01,0.9566
2014-10-02,0.9532
2014-10-03,0.967
2014-10-04,0.9626
2014-10-05,0.9626
2014-10-06,0.9626
2014-10-07,0.9606
2014-10-08,0.9564
2014-10-09,0.9545
2014-10-10,0.9568
2014-10-11,0.9536
2014-10-12,0.9536
2014-10-13,0.9536
2014-10-14,0.9536
2014-10-15,0.9444
2014-10-16,0.9425
2014-10-17,0.9468
2014-10-18,0.9438
2014-10-19,0.9438
2014-10-20,0.9438
2014-10-21,0.9482
2014-10-22,0.953
2014-10-23,0.9535
2014-10-24,0.9514
2014-10-25,0.9484
2014-10-26,0.9484
2014-10-27,0.9484
2014-10-28,0.9463
2014-10-29,0.9452
2014-10-30,0.9552
2014-10-31,0.9623
2014-11-01,0.9655
2014-11-02,0.9655
2014-11-03,0.9655
2014-11-04,0.9596
2014-11-05,0.964
2014-11-06,0.9702
2014-11-07,0.9684
2014-11-08,0.9678
2014-11-09,0.9678
2014-11-10,0.9678
2014-11-11,0.965
2014-11-12,0.965
2014-11-13,0.9634
2014-11-14,0.9616
2014-11-15,0.9653
2014-11-16,0.9653
2014-11-17,0.9653
2014-11-18,0.9583
2014-11-19,0.9572
2014-11-20,0.9596
2014-11-21,0.9696
2014-11-22,0.9676
2014-11-23,0.9676
2014-11-24,0.9676
2014-11-25,0.9645
2014-11-26,0.9614
2014-11-27,0.9658
2014-11-28,0.9658
2014-11-29,0.9631
2014-11-30,0.9631
2014-12-01,0.9631
2014-12-02,0.972
2014-12-03,0.9779
2014-12-04,0.9674
2014-12-05,0.9772
2014-12-06,0.9778
2014-12-07,0.9778
2014-12-08,0.9778
2014-12-09,0.968
2014-12-10,0.968
2014-12-11,0.9688
2014-12-12,0.962
2014-12-13,0.9632
2014-12-14,0.9632
2014-12-15,0.9632
2014-12-16,0.9604
2014-12-17,0.9679
2014-12-18,0.9794
2014-12-19,0.9832
2014-12-20,0.982
2014-12-21,0.982
2014-12-22,0.982
2014-12-23,0.9872
2014-12-24,0.9865
2014-12-25,0.9878
2014-12-26,0.9878
2014-12-27,0.9878
2014-12-28,0.9878
2014-12-29,0.9878
2014-12-30,0.988
2014-12-31,0.9934
2015-01-01,1.0004
2015-01-02,1.0004
2015-01-03,1.0079
2015-01-04,1.0079
2015-01-05,1.0079
2015-01-06,1.0062
2015-01-07,1.016
2015-01-08,1.0169
2015-01-09,1.0151
2015-01-10,1.015
2015-01-11,1.015
2015-01-12,1.015
2015-01-13,1.0195
2015-01-14,1.0172
2015-01-15,0.893
2015-01-16,0.8488
2015-01-17,0.8751
2015-01-18,0.8751
2015-01-19,0.8751
2015-01-20,0.8751
2015-01-21,0.8596
2015-01-22,0.8678
2015-01-23,0.876
2015-01-24,0.8988
2015-01-25,0.8988
2015-01-26,0.8988
2015-01-27,0.9042
2015-01-28,0.9055
2015-01-29,0.9226
2015-01-30,0.921
2015-01-31,0.9262
2015-02-01,0.9262
2015-02-02,0.9262
2015-02-03,0.9234
2015-02-04,0.9238
2015-02-05,0.9248
2015-02-06,0.9228
2015-02-07,0.9258
2015-02-08,0.9258
2015-02-09,0.9258
2015-02-10,0.9263
2015-02-11,0.9288
2015-02-12,0.9283
2015-02-13,0.9308
2015-02-14,0.9346
2015-02-15,0.9346
2015-02-16,0.9346
2015-02-17,0.9346
2015-02-18,0.9446
2015-02-19,0.9472
2015-02-20,0.9419
2015-02-21,0.9494
2015-02-22,0.9494
2015-02-23,0.9494
2015-02-24,0.9516
2015-02-25,0.9496
2015-02-26,0.954
2015-02-27,0.9513
2015-02-28,0.9553
2015-03-01,0.9553
2015-03-02,0.9553
2015-03-03,0.959
2015-03-04,0.964
2015-03-05,0.9736
2015-03-06,0.9846
2015-03-07,0.9873
2015-03-08,0.9873
2015-03-09,0.9873
2015-03-10,0.9996
2015-03-11,1.0074
2015-03-12,1.0034
2015-03-13,1.0047
2015-03-14,1.0074
2015-03-15,1.0074
2015-03-16,1.0074
2015-03-17,1.004
2015-03-18,0.9952
2015-03-19,0.9921
2015-03-20,0.9766
2015-03-21,0.9668
2015-03-22,0.9668
2015-03-23,0.9668
2015-03-24,0.9586
2015-03-25,0.9574
2015-03-26,0.9614
2015-03-27,0.9586
2015-03-28,0.9678
2015-03-29,0.9678
2015-03-30,0.9678
2015-03-31,0.9712
2015-04-01,0.9671
2015-04-02,0.9578
2015-04-03,0.9504
2015-04-04,0.9524
2015-04-05,0.9524
2015-04-06,0.9524
2015-04-07,0.964
2015-04-08,0.9634
2015-04-09,0.9754
2015-04-10,0.9807
2015-04-11,0.978
2015-04-12,0.978
2015-04-13,0.978
2015-04-14,0.9712
2015-04-15,0.9721
2015-04-16,0.9584
2015-04-17,0.9528
2015-04-18,0.9543
2015-04-19,0.9543
2015-04-20,0.9543
2015-04-21,0.9528
2015-04-22,0.9662
2015-04-23,0.955
2015-04-24,0.9533
2015-04-25,0.9534
2015-04-26,0.9534
2015-04-27,0.9534
2015-04-28,0.9538
2015-04-29,0.9358
2015-04-30,0.941
2015-05-01,0.934
2015-05-02,0.9357
2015-05-03,0.9357
2015-05-04,0.9357
2015-05-05,0.9262
2015-05-06,0.915
2015-05-07,0.9196
2015-05-08,0.9274
2015-05-09,0.9344
2015-05-10,0.9344
2015-05-11,0.9344
2015-05-12,0.9266
2015-05-13,0.9162
2015-05-14,0.9146
2015-05-15,0.9174
2015-05-16,0.923
2015-05-17,0.923
2015-05-18,0.923
2015-05-19,0.9367
2015-05-20,0.9395
2015-05-21,0.9346
2015-05-22,0.9428
2015-05-23,0.9503
2015-05-24,0.9503
2015-05-25,0.9503
2015-05-26,0.9503
2015-05-27,0.9508
2015-05-28,0.9458
2015-05-29,0.9404
2015-05-30,0.9467
2015-05-31,0.9467
2015-06-01,0.9467
2015-06-02,0.9343
2015-06-03,0.9336
2015-06-04,0.9342
2015-06-05,0.9436
2015-06-06,0.9332
2015-06-07,0.9332
2015-06-08,0.9332
2015-06-09,0.9295
2015-06-10,0.9292
2015-06-11,0.9364
2015-06-12,0.926
2015-06-13,0.9351
2015-06-14,0.9351
2015-06-15,0.9351
2015-06-16,0.9325
2015-06-17,0.9272
2015-06-18,0.9196
2015-06-19,0.9206
2015-06-20,0.9188
2015-06-21,0.9188
2015-06-22,0.9188
2015-06-23,0.9336
2015-06-24,0.936
2015-06-25,0.9375
2015-06-26,0.9351
2015-06-27,0.928
2015-06-28,0.928
2015-06-29,0.928
2015-06-30,0.9346
2015-07-01,0.9456
2015-07-02,0.9436
2015-07-03,0.9432
2015-07-04,0.9432
2015-07-05,0.9432
2015-07-06,0.9432
2015-07-07,0.9482
2015-07-08,0.9458
2015-07-09,0.9495
2015-07-10,0.9411
2015-07-11,0.9492
2015-07-12,0.9492
2015-07-13,0.9492
2015-07-14,0.9459
2015-07-15,0.9521
2015-07-16,0.9562
2015-07-17,0.9608
2015-07-18,0.963
2015-07-19,0.963
2015-07-20,0.963
2015-07-21,0.959
2015-07-22,0.9613
2015-07-23,0.9581
2015-07-24,0.962
2015-07-25,0.9597
2015-07-26,0.9597
2015-07-27,0.9597
2015-07-28,0.9638
2015-07-29,0.963
2015-07-30,0.9696
2015-07-31,0.9636
2015-08-01,0.9682
2015-08-02,0.9682
2015-08-03,0.9682
2015-08-04,0.9732
2015-08-05,0.981
2015-08-06,0.9808
2015-08-07,0.9824
2015-08-08,0.9848
2015-08-09,0.9848
2015-08-10,0.9848
2015-08-11,0.9869
2015-08-12,0.9691
2015-08-13,0.976
2015-08-14,0.978
2015-08-15,0.977
2015-08-16,0.977
2015-08-17,0.977
2015-08-18,0.9764
2015-08-19,0.9702
2015-08-20,0.9621
2015-08-21,0.9488
2015-08-22,0.9347
2015-08-23,0.9347
2015-08-24,0.9347
2015-08-25,0.9488
2015-08-26,0.9472
2015-08-27,0.9631
2015-08-28,0.9622
2015-08-29,0.9681
2015-08-30,0.9681
2015-08-31,0.9681
2015-09-01,0.9622
2015-09-02,0.969
2015-09-03,0.9764
2015-09-04,0.9754
2015-09-05,0.978
2015-09-06,0.978
2015-09-07,0.978
2015-09-08,0.978
2015-09-09,0.9767
2015-09-10,0.9735
2015-09-11,0.9735
2015-09-12,0.9687
2015-09-13,0.9687
2015-09-14,0.9687
2015-09-15,0.9755
2015-09-16,0.9688
2015-09-17,0.971
2015-09-18,0.9614
2015-09-19,0.9702
2015-09-20,0.9702
2015-09-21,0.9702
2015-09-22,0.9733
2015-09-23,0.978
2015-09-24,0.973
2015-09-25,0.976
2015-09-26,0.9735
2015-09-27,0.9735
2015-09-28,0.9735
2015-09-29,0.971
2015-09-30,0.9773
2015-10-01,0.9744
2015-10-02,0.9684
2015-10-03,0.9746
2015-10-04,0.9746
2015-10-05,0.9746
2015-10-06,0.9678
2015-10-07,0.9716
2015-10-08,0.9674
2015-10-09,0.9615
2015-10-10,0.9594
2015-10-11,0.9594
2015-10-12,0.9594
2015-10-13,0.9594
2015-10-14,0.9517
2015-10-15,0.9489
2015-10-16,0.9536
2015-10-17,0.956
2015-10-18,0.956
2015-10-19,0.956
2015-10-20,0.954
2015-10-21,0.957
2015-10-22,0.971
2015-10-23,0.9769
2015-10-24,0.9815
2015-10-25,0.9815
2015-10-26,0.9815
2015-10-27,0.9848
2015-10-28,0.9848
2015-10-29,0.9915
2015-10-30,0.9858
2015-10-31,0.9853
2015-11-01,0.9853
2015-11-02,0.9853
2015-11-03,0.9922
2015-11-04,0.9933
2015-11-05,0.9964
2015-11-06,1.0048
2015-11-07,1.0017
2015-11-08,1.0017
2015-11-09,1.0017
2015-11-10,1.0076
2015-11-11,1.0014
2015-11-12,1.0014
2015-11-13,1.0088
2015-11-14,1.0079
2015-11-15,1.0079
2015-11-16,1.0079
2015-11-17,1.0169
2015-11-18,1.0198
2015-11-19,1.014
2015-11-20,1.0183
2015-11-21,1.0205
2015-11-22,1.0205
2015-11-23,1.0205
2015-11-24,1.0161
2015-11-25,1.022
2015-11-26,1.0305
2015-11-27,1.0305
2015-11-28,1.0282
2015-11-29,1.0282
2015-11-30,1.0282
2015-12-01,1.0296
2015-12-02,1.0274
2015-12-03,0.9996
2015-12-04,0.9986
2015-12-05,1.0026
2015-12-06,1.0026
2015-12-07,1.0026
2015-12-08,0.994
2015-12-09,0.9866
2015-12-10,0.9888
2015-12-11,0.9828
2015-12-12,0.9823
2015-12-13,0.9823
2015-12-14,0.9823
2015-12-15,0.9921
2015-12-16,0.9852
2015-12-17,0.9987
2015-12-18,0.994
2015-12-19,0.9912
2015-12-20,0.9912
2015-12-21,0.9912
2015-12-22,0.9866
2015-12-23,0.9938
2015-12-24,0.9872
2015-12-25,0.9878
2015-12-26,0.9878
2015-12-27,0.9878
2015-12-28,0.9878
2015-12-29,0.9924
2015-12-30,0.989
2015-12-31,1.0017
2016-01-01,1.0042
2016-01-02,1.0042
2016-01-03,1.0042
2016-01-04,1.0042
2016-01-05,1.0096
2016-01-06,1.0084
2016-01-07,1.0018
2016-01-08,0.9972
2016-01-09,1.0
2016-01-10,1.0
2016-01-11,1.0
2016-01-12,1.003
2016-01-13,1.0064
2016-01-14,1.0072
2016-01-15,0.9984
2016-01-16,1.0032
2016-01-17,1.0032
2016-01-18,1.0032
2016-01-19,1.0032
2016-01-20,1.0032
2016-01-21,1.0112
2016-01-22,1.0148
2016-01-23,1.0148
2016-01-24,1.0148
2016-01-25,1.0148
2016-01-26,1.0189
2016-01-27,1.0176
2016-01-28,1.0134
2016-01-29,1.0226
2016-01-30,1.0202
2016-01-31,1.0202
2016-02-01,1.0202
2016-02-02,1.0181
2016-02-03,1.007
2016-02-04,0.9926
2016-02-05,0.9938
2016-02-06,0.9885
2016-02-07,0.9885
2016-02-08,0.9885
2016-02-09,0.972
2016-02-10,0.9779
2016-02-11,0.9706
2016-02-12,0.9768
2016-02-13,0.9884
2016-02-14,0.9884
2016-02-15,0.9884
2016-02-16,0.9884
2016-02-17,0.9926
2016-02-18,0.994
2016-02-19,0.9893
2016-02-20,0.9986
2016-02-21,0.9986
2016-02-22,0.9986
2016-02-23,0.992
2016-02-24,0.986
2016-02-25,0.9894
2016-02-26,0.9967
2016-02-27,0.996
2016-02-28,0.996
2016-02-29,0.996
2016-03-01,0.9994
2016-03-02,0.9981
2016-03-03,0.992
2016-03-04,0.9926
2016-03-05,0.9969
2016-03-06,0.9969
2016-03-07,0.9969
2016-03-08,0.9939
2016-03-09,0.9957
2016-03-10,0.9857
2016-03-11,0.9813
2016-03-12,0.986
2016-03-13,0.986
2016-03-14,0.986
2016-03-15,0.9852
2016-03-16,0.9879
2016-03-17,0.968
2016-03-18,0.9682
2016-03-19,0.9678
2016-03-20,0.9678
2016-03-21,0.9678
2016-03-22,0.9705
2016-03-23,0.9731
2016-03-24,0.9766
2016-03-25,0.978
2016-03-26,0.9732
2016-03-27,0.9732
2016-03-28,0.9732
2016-03-29,0.9744
2016-03-30,0.9636
2016-03-31,0.9583
2016-04-01,0.9588
2016-04-02,0.9597
2016-04-03,0.9597
2016-04-04,0.9597
2016-04-05,0.9572
2016-04-06,0.9537
2016-04-07,0.9552
2016-04-08,0.9536
2016-04-09,0.9538
2016-04-10,0.9538
2016-04-11,0.9538
2016-04-12,0.9546
2016-04-13,0.9651
2016-04-14,0.9667
2016-04-15,0.967
2016-04-16,0.9636
2016-04-17,0.9636
2016-04-18,0.9636
2016-04-19,0.9599
2016-04-20,0.9671
2016-04-21,0.9722
2016-04-22,0.9774
2016-04-23,0.9742
2016-04-24,0.9742
2016-04-25,0.9742
2016-04-26,0.9713
2016-04-27,0.971
2016-04-28,0.9687
2016-04-29,0.9598
2016-04-30,0.9556
2016-05-01,0.9556
2016-05-02,0.9556
2016-05-03,0.9541
2016-05-04,0.9574
2016-05-05,0.9686
2016-05-06,0.9697
2016-05-07,0.9698
2016-05-08,0.9698
2016-05-09,0.9698
2016-05-10,0.9746
2016-05-11,0.9699
2016-05-12,0.9693
2016-05-13,0.9756
2016-05-14,0.9772
2016-05-15,0.9772
2016-05-16,0.9772
2016-05-17,0.9761
2016-05-18,0.9822
2016-05-19,0.9894
2016-05-20,0.992
2016-05-21,0.9919
2016-05-22,0.9919
2016-05-23,0.9919
2016-05-24,0.993
2016-05-25,0.9908
2016-05-26,0.9898
2016-05-27,0.9916
2016-05-28,0.9934
2016-05-29,0.9934
2016-05-30,0.9934
2016-05-31,0.9934
2016-06-01,0.9892
2016-06-02,0.9902
2016-06-03,0.9781
2016-06-04,0.972
2016-06-05,0.972
2016-06-06,0.972
2016-06-07,0.9663
2016-06-08,0.9594
2016-06-09,0.9639
2016-06-10,0.9632
2016-06-11,0.9662
2016-06-12,0.9662
2016-06-13,0.9662
2016-06-14,0.964
2016-06-15,0.9647
2016-06-16,0.9662
2016-06-17,0.961
2016-06-18,0.9616
2016-06-19,0.9616
2016-06-20,0.9616
2016-06-21,0.9596
2016-06-22,0.9584
2016-06-23,0.9566
2016-06-24,0.9702
2016-06-25,0.9787
2016-06-26,0.9787
2016-06-27,0.9787
2016-06-28,0.9812
2016-06-29,0.9794
2016-06-30,0.9792
2016-07-01,0.973
2016-07-02,0.9768
2016-07-03,0.9768
2016-07-04,0.9768
2016-07-05,0.9768
2016-07-06,0.9778
2016-07-07,0.9781
2016-07-08,0.9843
2016-07-09,0.983
2016-07-10,0.983
2016-07-11,0.983
2016-07-12,0.9869
2016-07-13,0.9834
2016-07-14,0.9806
2016-07-15,0.9834
2016-07-16,0.9822
2016-07-17,0.9822
2016-07-18,0.9822
2016-07-19,0.985
2016-07-20,0.9872
2016-07-21,0.9869
2016-07-22,0.9888
2016-07-23,0.9869
2016-07-24,0.9869
2016-07-25,0.9869
2016-07-26,0.9924
2016-07-27,0.9936
2016-07-28,0.9806
2016-07-29,0.969
2016-07-30,0.9671
2016-07-31,0.9671
2016-08-01,0.9671
2016-08-02,0.9643
2016-08-03,0.9716
2016-08-04,0.9738
2016-08-05,0.9796
2016-08-06,0.9838
2016-08-07,0.9838
2016-08-08,0.9838
2016-08-09,0.9826
2016-08-10,0.9759
2016-08-11,0.9722
2016-08-12,0.9738
2016-08-13,0.9714
2016-08-14,0.9714
2016-08-15,0.9714
2016-08-16,0.9622
2016-08-17,0.964
2016-08-18,0.9576
2016-08-19,0.9594
2016-08-20,0.9625
2016-08-21,0.9625
2016-08-22,0.9625
2016-08-23,0.9622
2016-08-24,0.9673
2016-08-25,0.9684
2016-08-26,0.9718
2016-08-27,0.978
2016-08-28,0.978
2016-08-29,0.978
2016-08-30,0.9822
2016-08-31,0.983
2016-09-01,0.9792
2016-09-02,0.9804
2016-09-03,0.9718
2016-09-04,0.9718
2016-09-05,0.9718
2016-09-06,0.9718
2016-09-07,0.9702
2016-09-08,0.9726
2016-09-09,0.977
2016-09-10,0.9736
2016-09-11,0.9736
2016-09-12,0.9736
2016-09-13,0.974
2016-09-14,0.9708
2016-09-15,0.9714
2016-09-16,0.9794
2016-09-17,0.9798
2016-09-18,0.9798
2016-09-19,0.9798
2016-09-20,0.9781
2016-09-21,0.9758
2016-09-22,0.9678
2016-09-23,0.9702
2016-09-24,0.9668
2016-09-25,0.9668
2016-09-26,0.9668
2016-09-27,0.9718
2016-09-28,0.9724
2016-09-29,0.9655
2016-09-30,0.9694
2016-10-01,0.974
2016-10-02,0.974
2016-10-03,0.974
2016-10-04,0.978
2016-10-05,0.977
2016-10-06,0.9798
2016-10-07,0.9806
2016-10-08,0.9878
2016-10-09,0.9878
2016-10-10,0.9878
2016-10-11,0.9878
2016-10-12,0.9902
2016-10-13,0.987
2016-10-14,0.9902
2016-10-15,0.988
2016-10-16,0.988
2016-10-17,0.988
2016-10-18,0.9886
2016-10-19,0.9894
2016-10-20,0.9916
2016-10-21,0.9951
2016-10-22,0.992
2016-10-23,0.992
2016-10-24,0.992
2016-10-25,0.994
2016-10-26,0.9927
2016-10-27,0.994
2016-10-28,0.9932
2016-10-29,0.989
2016-10-30,0.989
2016-10-31,0.989
2016-11-01,0.979
2016-11-02,0.9701
2016-11-03,0.9746
2016-11-04,0.9682
2016-11-05,0.9758
2016-11-06,0.9758
2016-11-07,0.9758
2016-11-08,0.9757
2016-11-09,0.9812
2016-11-10,0.9878
2016-11-11,0.9978
2016-11-12,0.9978
2016-11-13,0.9978
2016-11-14,0.9978
2016-11-15,1.0015
2016-11-16,1.0019
2016-11-17,1.0048
2016-11-18,1.0094
2016-11-19,1.0112
2016-11-20,1.0112
2016-11-21,1.0112
2016-11-22,1.01
2016-11-23,1.0156
2016-11-24,1.0136
2016-11-25,1.0136
2016-11-26,1.0158
2016-11-27,1.0158
2016-11-28,1.0158
2016-11-29,1.0132
2016-11-30,1.0187
2016-12-01,1.0126
2016-12-02,1.011
2016-12-03,1.0103
2016-12-04,1.0103
2016-12-05,1.0103
2016-12-06,1.0093
2016-12-07,1.0065
2016-12-08,1.0154
2016-12-09,1.0184
2016-12-10,1.0157
2016-12-11,1.0157
2016-12-12,1.0157
2016-12-13,1.0118
2016-12-14,1.0099
2016-12-15,1.0334
2016-12-16,1.0258
2016-12-17,1.0226
2016-12-18,1.0226
2016-12-19,1.0226
2016-12-20,1.0282
2016-12-21,1.0262
2016-12-22,1.0246
2016-12-23,1.0268
2016-12-24,1.0284
2016-12-25,1.0284
2016-12-26,1.0284
2016-12-27,1.0284
2016-12-28,1.0313
2016-12-29,1.023
2016-12-30,1.016
2016-12-31,1.0266
2017-01-01,1.0266
2017-01-02,1.0266
2017-01-03,1.0266
2017-01-04,1.0228
2017-01-05,1.0107
2017-01-06,1.015
2017-01-07,1.0148
2017-01-08,1.0148
2017-01-09,1.0148
2017-01-10,1.0158
2017-01-11,1.0203
2017-01-12,1.0066
2017-01-13,1.0098
2017-01-14,1.0028
2017-01-15,1.0028
2017-01-16,1.0028
2017-01-17,1.0028
2017-01-18,1.0028
2017-01-19,1.0094
2017-01-20,0.999
2017-01-21,0.999
2017-01-22,0.999
2017-01-23,0.999
2017-01-24,0.9998
2017-01-25,0.9996
2017-01-26,1.0011
2017-01-27,0.9992
2017-01-28,0.9976
2017-01-29,0.9976
2017-01-30,0.9976
2017-01-31,0.9888
2017-02-01,0.993
2017-02-02,0.9894
2017-02-03,0.991
2017-02-04,0.9934
2017-02-05,0.9934
2017-02-06,0.9934
2017-02-07,0.997
2017-02-08,0.9934
2017-02-09,1.0013
2017-02-10,1.0028
2017-02-11,1.0054
2017-02-12,1.0054
2017-02-13,1.0054
2017-02-14,1.0072
2017-02-15,1.0062
2017-02-16,0.9992
2017-02-17,1.0022
2017-02-18,1.0083
2017-02-19,1.0083
2017-02-20,1.0083
2017-02-21,1.0083
2017-02-22,1.0109
2017-02-23,1.0062
2017-02-24,1.0055
2017-02-25,1.0051
2017-02-26,1.0051
2017-02-27,1.0051
2017-02-28,1.0022
2017-03-01,1.0072
2017-03-02,1.012
2017-03-03,1.0118
2017-03-04,1.0114
2017-03-05,1.0114
2017-03-06,1.0114
2017-03-07,1.013
2017-03-08,1.0146
2017-03-09,1.0131
2017-03-10,1.0104
2017-03-11,1.0068
2017-03-12,1.0068
2017-03-13,1.0068
2017-03-14,1.0078
2017-03-15,1.008
2017-03-16,0.9953
2017-03-17,0.9978
2017-03-18,0.9966
2017-03-19,0.9966
2017-03-20,0.9966
2017-03-21,0.9936
2017-03-22,0.99
2017-03-23,0.9924
2017-03-24,0.991
2017-03-25,0.983
2017-03-26,0.983
2017-03-27,0.983
2017-03-28,0.985
2017-03-29,0.9966
2017-03-30,0.9969
2017-03-31,0.9998
2017-04-01,1.0029
2017-04-02,1.0029
2017-04-03,1.0029
2017-04-04,1.0022
2017-04-05,1.005
2017-04-06,1.0046
2017-04-07,1.0066
2017-04-08,1.0077
2017-04-09,1.0077
2017-04-10,1.0077
2017-04-11,1.0072
2017-04-12,1.0054
2017-04-13,1.0047
2017-04-14,1.0038
2017-04-15,1.0022
2017-04-16,1.0022
2017-04-17,1.0022
2017-04-18,0.9978
2017-04-19,0.9986
2017-04-20,0.996
2017-04-21,0.9987
2017-04-22,0.9964
2017-04-23,0.9964
2017-04-24,0.9964
2017-04-25,0.9925
2017-04-26,0.9957
2017-04-27,0.9948
2017-04-28,0.9944
2017-04-29,0.9955
2017-04-30,0.9955
2017-05-01,0.9955
2017-05-02,0.9913
2017-05-03,0.9913
2017-05-04,0.989
2017-05-05,0.9876
2017-05-06,0.9979
2017-05-07,0.9979
2017-05-08,0.9979
2017-05-09,1.0074
2017-05-10,1.0088
2017-05-11,1.0061
2017-05-12,1.0008
2017-05-13,0.9964
2017-05-14,0.9964
2017-05-15,0.9964
2017-05-16,0.9878
2017-05-17,0.9808
2017-05-18,0.9763
2017-05-19,0.9754
2017-05-20,0.9736
2017-05-21,0.9736
2017-05-22,0.9736
2017-05-23,0.974
2017-05-24,0.9769
2017-05-25,0.972
2017-05-26,0.9753
2017-05-27,0.9744
2017-05-28,0.9744
2017-05-29,0.9744
2017-05-30,0.9744
2017-05-31,0.9684
2017-06-01,0.9712
2017-06-02,0.9642
2017-06-03,0.9657
2017-06-04,0.9657
2017-06-05,0.9657
2017-06-06,0.9628
2017-06-07,0.9657
2017-06-08,0.9675
2017-06-09,0.97
2017-06-10,0.9688
2017-06-11,0.9688
2017-06-12,0.9688
2017-06-13,0.9692
2017-06-14,0.9662
2017-06-15,0.9749
2017-06-16,0.9739
2017-06-17,0.9745
2017-06-18,0.9745
2017-06-19,0.9745
2017-06-20,0.9759
2017-06-21,0.9744
2017-06-22,0.9728
2017-06-23,0.9692
2017-06-24,0.9706
2017-06-25,0.9706
2017-06-26,0.9706
2017-06-27,0.9638
2017-06-28,0.9608
2017-06-29,0.9569
2017-06-30,0.9586
2017-07-01,0.9632
2017-07-02,0.9632
2017-07-03,0.9632
2017-07-04,0.9652
2017-07-05,0.9652
2017-07-06,0.9634
2017-07-07,0.9644
2017-07-08,0.9658
2017-07-09,0.9658
2017-07-10,0.9658
2017-07-11,0.9672
2017-07-12,0.9648
2017-07-13,0.9685
2017-07-14,0.9654
2017-07-15,0.9627
2017-07-16,0.9627
2017-07-17,0.9627
2017-07-18,0.9526
2017-07-19,0.9548
2017-07-20,0.9507
2017-07-21,0.9468
2017-07-22,0.9456
2017-07-23,0.9456
2017-07-24,0.9456
2017-07-25,0.9496
2017-07-26,0.958
2017-07-27,0.9656
2017-07-28,0.9685
2017-07-29,0.965
2017-07-30,0.965
2017-07-31,0.965
2017-08-01,0.9655
2017-08-02,0.9684
2017-08-03,0.969
2017-08-04,0.9721
2017-08-05,0.9728
2017-08-06,0.9728
2017-08-07,0.9728
2017-08-08,0.9766
2017-08-09,0.9649
2017-08-10,0.9647
2017-08-11,0.962
2017-08-12,0.9714
2017-08-13,0.9714
2017-08-14,0.9714
2017-08-15,0.9718
2017-08-16,0.9744
2017-08-17,0.9633
2017-08-18,0.9642
2017-08-19,0.9629
2017-08-20,0.9629
2017-08-21,0.9629
2017-08-22,0.9668
2017-08-23,0.9667
2017-08-24,0.9646
2017-08-25,0.9574
2017-08-26,0.9554
2017-08-27,0.9554
2017-08-28,0.9554
2017-08-29,0.948
2017-08-30,0.9583
2017-08-31,0.961
2017-09-01,0.9626
2017-09-02,0.9577
2017-09-03,0.9577
2017-09-04,0.9577
2017-09-05,0.9577
2017-09-06,0.9537
2017-09-07,0.9498
2017-09-08,0.9456
2017-09-09,0.9533
2017-09-10,0.9533
2017-09-11,0.9533
2017-09-12,0.9596
2017-09-13,0.9639
2017-09-14,0.966
2017-09-15,0.9594
2017-09-16,0.963
2017-09-17,0.963
2017-09-18,0.963
2017-09-19,0.9628
2017-09-20,0.9617
2017-09-21,0.9692
2017-09-22,0.9694
2017-09-23,0.9682
2017-09-24,0.9682
2017-09-25,0.9682
2017-09-26,0.9706
2017-09-27,0.9745
2017-09-28,0.971
2017-09-29,0.9688
2017-09-30,0.9737
2017-10-01,0.9737
2017-10-02,0.9737
2017-10-03,0.9734
2017-10-04,0.9756
2017-10-05,0.9792
2017-10-06,0.9777
2017-10-07,0.9744
2017-10-08,0.9744
2017-10-09,0.9744
2017-10-10,0.9744
2017-10-11,0.9732
2017-10-12,0.976
2017-10-13,0.9745
2017-10-14,0.9735
2017-10-15,0.9735
2017-10-16,0.9735
2017-10-17,0.9804
2017-10-18,0.9817
2017-10-19,0.9751
2017-10-20,0.9844
2017-10-21,0.9862
2017-10-22,0.9862
2017-10-23,0.9862
2017-10-24,0.989
2017-10-25,0.9888
2017-10-26,0.995
2017-10-27,0.999
2017-10-28,0.9969
2017-10-29,0.9969
2017-10-30,0.9969
2017-10-31,0.9968
2017-11-01,1.0014
2017-11-02,0.9977
2017-11-03,1.0002
2017-11-04,0.999
2017-11-05,0.999
2017-11-06,0.999
2017-11-07,0.9996
2017-11-08,0.9997
2017-11-09,0.9958
2017-11-10,0.9975
2017-11-11,0.9975
2017-11-12,0.9975
2017-11-13,0.9975
2017-11-14,0.9914
2017-11-15,0.9902
2017-11-16,0.9926
2017-11-17,0.9882
2017-11-18,0.9923
2017-11-19,0.9923
2017-11-20,0.9923
2017-11-21,0.9916
2017-11-22,0.9838
2017-11-23,0.9788
2017-11-24,0.9788
2017-11-25,0.9804
2017-11-26,0.9804
2017-11-27,0.9804
2017-11-28,0.9831
2017-11-29,0.9837
2017-11-30,0.9838
2017-12-01,0.9762
2017-12-02,0.9858
2017-12-03,0.9858
2017-12-04,0.9858
2017-12-05,0.9868
2017-12-06,0.9904
2017-12-07,0.9921
2017-12-08,0.9928
2017-12-09,0.99
2017-12-10,0.99
2017-12-11,0.99
2017-12-12,0.9926
2017-12-13,0.9894
2017-12-14,0.99
2017-12-15,0.9903
2017-12-16,0.9856
2017-12-17,0.9856
2017-12-18,0.9856
2017-12-19,0.9857
2017-12-20,0.9859
2017-12-21,0.989
2017-12-22,0.9898
2017-12-23,0.9891
2017-12-24,0.9891
2017-12-25,0.9891
2017-12-26,0.9891
2017-12-27,0.987
2017-12-28,0.9774
2017-12-29,0.9738
2017-12-30,0.9718
2017-12-31,0.9718
2018-01-01,0.9718
2018-01-02,0.9718
2018-01-03,0.9762
2018-01-04,0.9753
2018-01-05,0.9752
2018-01-06,0.9762
2018-01-07,0.9762
2018-01-08,0.9762
2018-01-09,0.9832
2018-01-10,0.978
2018-01-11,0.9748
2018-01-12,0.9713
2018-01-13,0.9618
2018-01-14,0.9618
2018-01-15,0.9618
2018-01-16,0.9618
2018-01-17,0.9616
2018-01-18,0.9586
2018-01-19,0.9612
2018-01-20,0.9636
2018-01-21,0.9636
2018-01-22,0.9636
2018-01-23,0.9598
2018-01-24,0.9452
2018-01-25,0.9357
2018-01-26,0.9342
2018-01-27,0.938
2018-01-28,0.938
2018-01-29,0.938
2018-01-30,0.9355
2018-01-31,0.9321
2018-02-01,0.9288
2018-02-02,0.932
2018-02-03,0.9366
2018-02-04,0.9366
2018-02-05,0.9366
2018-02-06,0.9368
2018-02-07,0.9438
2018-02-08,0.9386
2018-02-09,0.9393
2018-02-10,0.9392
2018-02-11,0.9392
2018-02-12,0.9392
2018-02-13,0.9335
2018-02-14,0.9319
2018-02-15,0.9232
2018-02-16,0.9258
2018-02-17,0.9354
2018-02-18,0.9354
2018-02-19,0.9354
2018-02-20,0.9354
2018-02-21,0.9375
2018-02-22,0.9345
2018-02-23,0.9356
2018-02-24,0.9388
2018-02-25,0.9388
2018-02-26,0.9388
2018-02-27,0.9398
2018-02-28,0.943
2018-03-01,0.9461
2018-03-02,0.9378
2018-03-03,0.9397
2018-03-04,0.9397
2018-03-05,0.9397
2018-03-06,0.9385
2018-03-07,0.9426
2018-03-08,0.9499
2018-03-09,0.9493
2018-03-10,0.9489
2018-03-11,0.9489
2018-03-12,0.9489
2018-03-13,0.9437
2018-03-14,0.9461
2018-03-15,0.9502
2018-03-16,0.9532
2018-03-17,0.9509
2018-03-18,0.9509
2018-03-19,0.9509
2018-03-20,0.9549
2018-03-21,0.954
2018-03-22,0.9491
2018-03-23,0.9465
2018-03-24,0.9442
2018-03-25,0.9442
2018-03-26,0.9442
2018-03-27,0.9474
2018-03-28,0.9538
2018-03-29,0.956
2018-03-30,0.9532
2018-03-31,0.9558
2018-04-01,0.9558
2018-04-02,0.9558
2018-04-03,0.959
2018-04-04,0.9595
2018-04-05,0.9633
2018-04-06,0.9602
2018-04-07,0.9574
2018-04-08,0.9574
2018-04-09,0.9574
2018-04-10,0.9574
2018-04-11,0.9578
2018-04-12,0.9625
2018-04-13,0.9631
2018-04-14,0.9596
2018-04-15,0.9596
2018-04-16,0.9596
2018-04-17,0.9666
2018-04-18,0.967
2018-04-19,0.9714
2018-04-20,0.9744
2018-04-21,0.9776
2018-04-22,0.9776
2018-04-23,0.9776
2018-04-24,0.9804
2018-04-25,0.9828
2018-04-26,0.988
2018-04-27,0.9884
2018-04-28,0.9911
2018-04-29,0.9911
2018-04-30,0.9911
2018-05-01,0.9954
2018-05-02,0.9975
2018-05-03,0.9978
2018-05-04,1.0005
2018-05-05,1.0023
2018-05-06,1.0023
2018-05-07,1.0023
2018-05-08,1.0016
2018-05-09,1.0042
2018-05-10,1.0036
2018-05-11,0.9996
2018-05-12,0.9976
2018-05-13,0.9976
2018-05-14,0.9976
2018-05-15,0.9998
2018-05-16,1.0004
2018-05-17,1.0014
2018-05-18,0.997
2018-05-19,0.9978
2018-05-20,0.9978
2018-05-21,0.9978
2018-05-22,0.9924
2018-05-23,0.9952
2018-05-24,0.9916
2018-05-25,0.9912
2018-05-26,0.9924
2018-05-27,0.9924
2018-05-28,0.9924
2018-05-29,0.9924
2018-05-30,0.989
2018-05-31,0.9844
2018-06-01,0.9867
2018-06-02,0.9884
2018-06-03,0.9884
2018-06-04,0.9884
2018-06-05,0.986
2018-06-06,0.9844
2018-06-07,0.9822
2018-06-08,0.986
2018-06-09,0.9848
2018-06-10,0.9848
2018-06-11,0.9848
2018-06-12,0.9841
2018-06-13,0.9844
2018-06-14,0.9942
2018-06-15,0.9962
2018-06-16,0.9952
2018-06-17,0.9952
2018-06-18,0.9952
2018-06-19,0.9951
2018-06-20,0.9956
2018-06-21,0.9921
2018-06-22,0.9902
2018-06-23,0.9874
2018-06-24,0.9874
2018-06-25,0.9874
2018-06-26,0.9901
2018-06-27,0.9962
2018-06-28,0.9979
2018-06-29,0.9922
2018-06-30,0.9946
2018-07-01,0.9946
2018-07-02,0.9946
2018-07-03,0.9922
2018-07-04,0.9924
2018-07-05,0.9924
2018-07-06,0.9901
2018-07-07,0.992
2018-07-08,0.992
2018-07-09,0.992
2018-07-10,0.9926
2018-07-11,0.9932
2018-07-12,1.0009
2018-07-13,1.0028
2018-07-14,0.9974
2018-07-15,0.9974
2018-07-16,0.9974
2018-07-17,0.9992
2018-07-18,0.9994
2018-07-19,1.0016
2018-07-20,0.9944
2018-07-21,0.9927
2018-07-22,0.9927
2018-07-23,0.9927
2018-07-24,0.9944
2018-07-25,0.9942
2018-07-26,0.9938
2018-07-27,0.994
2018-07-28,0.9885
2018-07-29,0.9885
2018-07-30,0.9885
2018-07-31,0.9895
2018-08-01,0.9923
2018-08-02,0.9943
2018-08-03,0.9926
2018-08-04,0.9963
2018-08-05,0.9963
2018-08-06,0.9963
2018-08-07,0.9944
2018-08-08,0.9943
2018-08-09,0.9906
2018-08-10,0.9954
2018-08-11,0.9934
2018-08-12,0.9934
2018-08-13,0.9934
2018-08-14,0.993
2018-08-15,0.9942
2018-08-16,0.9962
2018-08-17,0.9948
2018-08-18,0.9943
2018-08-19,0.9943
2018-08-20,0.9943
2018-08-21,0.9876
2018-08-22,0.9836
2018-08-23,0.9848
2018-08-24,0.9824
2018-08-25,0.9802
2018-08-26,0.9802
2018-08-27,0.9802
2018-08-28,0.9752
2018-08-29,0.9732
2018-08-30,0.9709
2018-08-31,0.9698
2018-09-01,0.9753
2018-09-02,0.9753
2018-09-03,0.9753
2018-09-04,0.9753
2018-09-05,0.9716
2018-09-06,0.9682
2018-09-07,0.9684
2018-09-08,0.974
2018-09-09,0.974
2018-09-10,0.974
2018-09-11,0.9737
2018-09-12,0.9704
2018-09-13,0.968
2018-09-14,0.9665
2018-09-15,0.962
2018-09-16,0.962
2018-09-17,0.962
2018-09-18,0.962
2018-09-19,0.967
2018-09-20,0.9624
2018-09-21,0.9593
2018-09-22,0.962
2018-09-23,0.962
2018-09-24,0.962
2018-09-25,0.9646
2018-09-26,0.9681
2018-09-27,0.9776
2018-09-28,0.9758
2018-09-29,0.984
2018-09-30,0.984
2018-10-01,0.984
2018-10-02,0.9844
2018-10-03,0.9894
2018-10-04,0.9925
2018-10-05,0.9922
2018-10-06,0.9928
2018-10-07,0.9928
2018-10-08,0.9928
2018-10-09,0.9928
2018-10-10,0.9908
2018-10-11,0.992
2018-10-12,0.9916
2018-10-13,0.9868
2018-10-14,0.9868
2018-10-15,0.9868
2018-10-16,0.9894
2018-10-17,0.9926
2018-10-18,0.994
2018-10-19,0.9968
2018-10-20,0.9963
2018-10-21,0.9963
2018-10-22,0.9963
2018-10-23,0.9943
2018-10-24,0.9982
2018-10-25,1.0009
2018-10-26,0.998
2018-10-27,1.0006
2018-10-28,1.0006
2018-10-29,1.0006
2018-10-30,1.0046
2018-10-31,1.0057
2018-11-01,1.0033
2018-11-02,1.0036
2018-11-03,1.0055
2018-11-04,1.0055
2018-11-05,1.0055
2018-11-06,1.0042
2018-11-07,0.9998
2018-11-08,1.0033
2018-11-09,1.0062
2018-11-10,1.0083
2018-11-11,1.0083
2018-11-12,1.0083
2018-11-13,1.0083
2018-11-14,1.0067
2018-11-15,1.0058
2018-11-16,1.0012
2018-11-17,0.9938
2018-11-18,0.9938
2018-11-19,0.9938
2018-11-20,0.9944
2018-11-21,0.9952
2018-11-22,0.9976
2018-11-23,0.9976
2018-11-24,0.9984
2018-11-25,0.9984
2018-11-26,0.9984
2018-11-27,0.9998
2018-11-28,0.9994
2018-11-29,0.9966
2018-11-30,0.9987
2018-12-01,0.9975
2018-12-02,0.9975
2018-12-03,0.9975
2018-12-04,0.9975
2018-12-05,0.9926
2018-12-06,0.9926
2018-12-07,0.9914
2018-12-08,0.9896
2018-12-09,0.9896
2018-12-10,0.9896
2018-12-11,0.9931
2018-12-12,0.992
2018-12-13,0.9938
2018-12-14,0.997
2018-12-15,0.9934
2018-12-16,0.9934
2018-12-17,0.9934
2018-12-18,0.993
2018-12-19,0.9918
2018-12-20,0.9918
2018-12-21,0.9914
2018-12-22,0.9908
2018-12-23,0.9908
2018-12-24,0.9908
2018-12-25,0.9908
2018-12-26,0.9908
2018-12-27,0.9902
2018-12-28,0.9838
2018-12-29,0.9832
2018-12-30,0.9832
2018-12-31,0.9832
2019-01-01,0.9884
2019-01-02,0.9884
2019-01-03,0.9889
2019-01-04,0.9859
2019-01-05,0.981
2019-01-06,0.981
2019-01-07,0.981
2019-01-08,0.981
2019-01-09,0.9767
2019-01-10,0.9817
2019-01-11,0.9829
2019-01-12,0.9885
2019-01-13,0.9885
2019-01-14,0.9885
2019-01-15,0.9885
2019-01-16,0.9899
2019-01-17,0.9944
2019-01-18,0.9954
2019-01-19,0.9972
2019-01-20,0.9972
2019-01-21,0.9972
2019-01-22,0.9972
2019-01-23,0.9946
2019-01-24,0.9965
2019-01-25,0.993
2019-01-26,0.991
2019-01-27,0.991
2019-01-28,0.991
2019-01-29,0.995
2019-01-30,0.9988
2019-01-31,0.9938
2019-02-01,0.994
2019-02-02,0.9974
2019-02-03,0.9974
2019-02-04,0.9974
2019-02-05,1.0005
2019-02-06,1.0009
2019-02-07,1.001
2019-02-08,1.0
2019-02-09,1.004
2019-02-10,1.004
2019-02-11,1.004
2019-02-12,1.0068
2019-02-13,1.0073
2019-02-14,1.0064
2019-02-15,1.0063
2019-02-16,1.0018
2019-02-17,1.0018
2019-02-18,1.0018
2019-02-19,1.0018
2019-02-20,1.001
2019-02-21,1.001
2019-02-22,0.9998
2019-02-23,1.0006
2019-02-24,1.0006
2019-02-25,1.0006
2019-02-26,1.0002
2019-02-27,1.0003
2019-02-28,0.9974
2019-03-01,0.9987
2019-03-02,0.9994
2019-03-03,0.9994
2019-03-04,0.9994
2019-03-05,1.0045
2019-03-06,1.0038
2019-03-07,1.0106
2019-03-08,1.0074
2019-03-09,1.011
2019-03-10,1.011
2019-03-11,1.011
2019-03-12,1.0078
2019-03-13,1.0046
2019-03-14,1.0044
2019-03-15,1.0026
2019-03-16,1.0004
2019-03-17,1.0004
2019-03-18,1.0004
2019-03-19,1.0001
2019-03-20,0.9974
2019-03-21,0.9924
2019-03-22,0.994
2019-03-23,0.9918
2019-03-24,0.9918
2019-03-25,0.9918
2019-03-26,0.994
2019-03-27,0.9946
2019-03-28,0.9952
2019-03-29,0.9962
2019-03-30,0.9988
2019-03-31,0.9988
2019-04-01,0.9988
2019-04-02,0.9986
2019-04-03,0.997
2019-04-04,1.0002
2019-04-05,1.0003
2019-04-06,0.9994
2019-04-07,0.9994
2019-04-08,0.9994
2019-04-09,0.9999
2019-04-10,1.0019
2019-04-11,1.0027
2019-04-12,1.0017
2019-04-13,1.0039
2019-04-14,1.0039
2019-04-15,1.0039
2019-04-16,1.0066
2019-04-17,1.0099
2019-04-18,1.0154
2019-04-19,1.0144
2019-04-20,1.0155
2019-04-21,1.0155
2019-04-22,1.0155
2019-04-23,1.0218
2019-04-24,1.0184
2019-04-25,1.0199
2019-04-26,1.019
2019-04-27,1.0201
2019-04-28,1.0201
2019-04-29,1.0201
2019-04-30,1.02
2019-05-01,1.0137
2019-05-02,1.018
2019-05-03,1.0178
2019-05-04,1.0179
2019-05-05,1.0179
2019-05-06,1.0179
2019-05-07,1.0215
2019-05-08,1.0181
2019-05-09,1.0133
2019-05-10,1.0109
2019-05-11,1.0064
2019-05-12,1.0064
2019-05-13,1.0064
2019-05-14,1.0088
2019-05-15,1.009
2019-05-16,1.0101
2019-05-17,1.0108
2019-05-18,1.0082
2019-05-19,1.0082
2019-05-20,1.0082
2019-05-21,1.0104
2019-05-22,1.009
2019-05-23,1.004
2019-05-24,1.0021
2019-05-25,1.0086
2019-05-26,1.0086
2019-05-27,1.0086
2019-05-28,1.0086
2019-05-29,1.0066
2019-05-30,1.0074
2019-05-31,1.0034
2019-06-01,0.9994
2019-06-02,0.9994
2019-06-03,0.9994
2019-06-04,0.994
2019-06-05,0.9919
2019-06-06,0.9886
2019-06-07,0.9877
2019-06-08,0.9898
2019-06-09,0.9898
2019-06-10,0.9898
2019-06-11,0.9925
2019-06-12,0.9944
2019-06-13,0.9946
2019-06-14,0.999
2019-06-15,0.9982
2019-06-16,0.9982
2019-06-17,0.9982
2019-06-18,0.9994
2019-06-19,0.996
2019-06-20,0.9821
2019-06-21,0.9789
2019-06-22,0.972
2019-06-23,0.972
2019-06-24,0.972
2019-06-25,0.9726
2019-06-26,0.976
2019-06-27,0.9766
2019-06-28,0.9758
2019-06-29,0.9864
2019-06-30,0.9864
2019-07-01,0.9864
2019-07-02,0.986
2019-07-03,0.9864
2019-07-04,0.9923
2019-07-05,0.9923
2019-07-06,0.9938
2019-07-07,0.9938
2019-07-08,0.9938
2019-07-09,0.9928
2019-07-10,0.9892
2019-07-11,0.9886
2019-07-12,0.9845
2019-07-13,0.9847
2019-07-14,0.9847
2019-07-15,0.9847
2019-07-16,0.989
2019-07-17,0.987
2019-07-18,0.9862
2019-07-19,0.9823
2019-07-20,0.9815
2019-07-21,0.9815
2019-07-22,0.9815
2019-07-23,0.9848
2019-07-24,0.9854
2019-07-25,0.9899
2019-07-26,0.9933
2019-07-27,0.9916
2019-07-28,0.9916
2019-07-29,0.9916
2019-07-30,0.9908
2019-07-31,0.9902
2019-08-01,0.9938
2019-08-02,0.982
2019-08-03,0.9721
2019-08-04,0.9721
2019-08-05,0.9721
2019-08-06,0.9782
2019-08-07,0.9708
2019-08-08,0.9751
2019-08-09,0.971
2019-08-10,0.9696
2019-08-11,0.9696
2019-08-12,0.9696
2019-08-13,0.9744
2019-08-14,0.9736
2019-08-15,0.9762
2019-08-16,0.98
2019-08-17,0.9808
2019-08-18,0.9808
2019-08-19,0.9808
2019-08-20,0.9792
2019-08-21,0.9816
2019-08-22,0.9834
2019-08-23,0.9748
2019-08-24,0.9782
2019-08-25,0.9782
2019-08-26,0.9782
2019-08-27,0.9815
2019-08-28,0.9807
2019-08-29,0.9853
2019-08-30,0.9899
2019-08-31,0.9872
2019-09-01,0.9872
2019-09-02,0.9872
2019-09-03,0.9872
2019-09-04,0.9817
2019-09-05,0.9868
2019-09-06,0.9866
2019-09-07,0.991
2019-09-08,0.991
2019-09-09,0.991
2019-09-10,0.9908
2019-09-11,0.9933
2019-09-12,0.9891
2019-09-13,0.9898
2019-09-14,0.9919
2019-09-15,0.9919
2019-09-16,0.9919
2019-09-17,0.9925
2019-09-18,0.995
2019-09-19,0.9927
2019-09-20,0.993
2019-09-21,0.9894
2019-09-22,0.9894
2019-09-23,0.9894
2019-09-24,0.9872
2019-09-25,0.9909
2019-09-26,0.9928
2019-09-27,0.9919
2019-09-28,0.9978
2019-09-29,0.9978
2019-09-30,0.9978
2019-10-01,0.9936
2019-10-02,0.9975
2019-10-03,0.9974
2019-10-04,0.9958
2019-10-05,0.9947
2019-10-06,0.9947
2019-10-07,0.9947
2019-10-08,0.994
2019-10-09,0.995
2019-10-10,0.9954
2019-10-11,0.9967
2019-10-12,0.9982
2019-10-13,0.9982
2019-10-14,0.9982
2019-10-15,0.9982
2019-10-16,0.9959
2019-10-17,0.987
2019-10-18,0.9856
2019-10-19,0.9865
2019-10-20,0.9865
2019-10-21,0.9865
2019-10-22,0.9889
2019-10-23,0.9907
2019-10-24,0.9923
2019-10-25,0.9945
2019-10-26,0.996
2019-10-27,0.996
2019-10-28,0.996
2019-10-29,0.9936
2019-10-30,0.9909
2019-10-31,0.9868
2019-11-01,0.9855
2019-11-02,0.9871
2019-11-03,0.9871
2019-11-04,0.9871
2019-11-05,0.9932
2019-11-06,0.992
2019-11-07,0.9954
2019-11-08,0.9971
2019-11-09,0.9929
2019-11-10,0.9929
2019-11-11,0.9929
2019-11-12,0.9929
2019-11-13,0.9892
2019-11-14,0.9878
2019-11-15,0.9903
2019-11-16,0.9879
2019-11-17,0.9879
2019-11-18,0.9879
2019-11-19,0.9912
2019-11-20,0.9921
2019-11-21,0.992
2019-11-22,0.9967
2019-11-23,0.9964
2019-11-24,0.9964
2019-11-25,0.9964
2019-11-26,0.9978
2019-11-27,0.9996
2019-11-28,1.0001
2019-11-29,1.0001
2019-11-30,0.992
2019-12-01,0.992
2019-12-02,0.992
2019-12-03,0.9862
2019-12-04,0.9893
2019-12-05,0.9872
2019-12-06,0.9909
2019-12-07,0.9879
2019-12-08,0.9879
2019-12-09,0.9879
2019-12-10,0.9852
2019-12-11,0.9856
2019-12-12,0.986
2019-12-13,0.9838
2019-12-14,0.9839
2019-12-15,0.9839
2019-12-16,0.9839
2019-12-17,0.9811
2019-12-18,0.9819
2019-12-19,0.9777
2019-12-20,0.9824
2019-12-21,0.982
2019-12-22,0.982
2019-12-23,0.982
2019-12-24,0.9807
2019-12-25,0.9808
2019-12-26,0.9808
2019-12-27,0.9741
2019-12-28,0.9677
2019-12-29,0.9677
2019-12-30,0.9677
2019-12-31,0.9677
2020-01-01,0.9721
2020-01-02,0.9721
2020-01-03,0.9703
2020-01-04,0.9688
2020-01-05,0.9688
2020-01-06,0.9688
2020-01-07,0.9716
2020-01-08,0.9725
2020-01-09,0.9724
2020-01-10,0.9729
2020-01-11,0.9705
2020-01-12,0.9705
2020-01-13,0.9705
2020-01-14,0.9677
2020-01-15,0.9634
2020-01-16,0.965
2020-01-17,0.9683
2020-01-18,0.9681
2020-01-19,0.9681
2020-01-20,0.9681
2020-01-21,0.9681
2020-01-22,0.9696
2020-01-23,0.9698
2020-01-24,0.9712
2020-01-25,0.9695
2020-01-26,0.9695
2020-01-27,0.9695
2020-01-28,0.9738
2020-01-29,0.9747
2020-01-30,0.9692
2020-01-31,0.9645
2020-02-01,0.9655
2020-02-02,0.9655
2020-02-03,0.9655
2020-02-04,0.9693
2020-02-05,0.9729
2020-02-06,0.975
2020-02-07,0.9777
2020-02-08,0.9778
2020-02-09,0.9778
2020-02-10,0.9778
2020-02-11,0.9761
2020-02-12,0.9767
2020-02-13,0.9788
2020-02-14,0.9818
2020-02-15,0.9814
2020-02-16,0.9814
2020-02-17,0.9814
2020-02-18,0.9814
2020-02-19,0.9839
2020-02-20,0.9831
2020-02-21,0.9781
2020-02-22,0.9776
2020-02-23,0.9776
2020-02-24,0.9776
2020-02-25,0.9765
2020-02-26,0.9759
2020-02-27,0.9718
2020-02-28,0.9671
2020-02-29,0.9577
2020-03-01,0.9577
2020-03-02,0.9577
2020-03-03,0.9563
2020-03-04,0.9554
2020-03-05,0.9487
2020-03-06,0.9365
2020-03-07,0.9296
2020-03-08,0.9296
2020-03-09,0.9296
2020-03-10,0.933
2020-03-11,0.9381
2020-03-12,0.954
2020-03-13,0.9541
2020-03-14,0.9467
2020-03-15,0.9467
2020-03-16,0.9467
2020-03-17,0.9647
2020-03-18,0.9727
2020-03-19,0.9847
2020-03-20,0.9866
2020-03-21,0.9824
2020-03-22,0.9824
2020-03-23,0.9824
2020-03-24,0.9813
2020-03-25,0.9781
2020-03-26,0.9645
2020-03-27,0.9558
2020-03-28,0.9606
2020-03-29,0.9606
2020-03-30,0.9606
2020-03-31,0.9627
2020-04-01,0.9675
2020-04-02,0.9727
2020-04-03,0.9777
2020-04-04,0.9768
2020-04-05,0.9768
2020-04-06,0.9768
2020-04-07,0.9707
2020-04-08,0.971
2020-04-09,0.966
2020-04-10,0.9648
2020-04-11,0.9674
2020-04-12,0.9674
2020-04-13,0.9674
2020-04-14,0.9606
2020-04-15,0.9647
2020-04-16,0.9695
2020-04-17,0.9662
2020-04-18,0.967
2020-04-19,0.967
2020-04-20,0.967
2020-04-21,0.9691
2020-04-22,0.9711
2020-04-23,0.9731
2020-04-24,0.975
2020-04-25,0.9756
2020-04-26,0.9756
2020-04-27,0.9756
2020-04-28,0.9743
2020-04-29,0.9748
2020-04-30,0.9669
2020-05-01,0.9599
2020-05-02,0.9647
2020-05-03,0.9647
2020-05-04,0.9647
2020-05-05,0.9721
2020-05-06,0.9745
2020-05-07,0.9746
2020-05-08,0.9699
2020-05-09,0.9722
2020-05-10,0.9722
2020-05-11,0.9722
2020-05-12,0.968
2020-05-13,0.9704
2020-05-14,0.9727
2020-05-15,0.9726
2020-05-16,0.9699
2020-05-17,0.9699
2020-05-18,0.9699
2020-05-19,0.9725
2020-05-20,0.9649
2020-05-21,0.9703
2020-05-22,0.9722
2020-05-23,0.9668
2020-05-24,0.9668
2020-05-25,0.9668
2020-05-26,0.9668
2020-05-27,0.9696
2020-05-28,0.9642
2020-05-29,0.9618
2020-05-30,0.9613
2020-05-31,0.9613
2020-06-01,0.9613
2020-06-02,0.9623
2020-06-03,0.9613
2020-06-04,0.9565
2020-06-05,0.9622
2020-06-06,0.9567
2020-06-07,0.9567
2020-06-08,0.9567
2020-06-09,0.9487
2020-06-10,0.945
2020-06-11,0.9382
2020-06-12,0.9515
2020-06-13,0.9503
2020-06-14,0.9503
2020-06-15,0.9503
2020-06-16,0.9494
2020-06-17,0.9512
2020-06-18,0.951
2020-06-19,0.9519
2020-06-20,0.9475
2020-06-21,0.9475
2020-06-22,0.9475
2020-06-23,0.9438
2020-06-24,0.9471
2020-06-25,0.9485
2020-06-26,0.948
2020-06-27,0.9504
2020-06-28,0.9504
2020-06-29,0.9504
2020-06-30,0.9467
2020-07-01,0.9455
2020-07-02,0.9455
2020-07-03,0.9416
2020-07-04,0.9416
2020-07-05,0.9416
2020-07-06,0.9416
2020-07-07,0.941
2020-07-08,0.9382
2020-07-09,0.9397
2020-07-10,0.9395
2020-07-11,0.941
2020-07-12,0.941
2020-07-13,0.941
2020-07-14,0.9385
2020-07-15,0.9439
2020-07-16,0.9432
2020-07-17,0.9388
2020-07-18,0.9389
2020-07-19,0.9389
2020-07-20,0.9389
2020-07-21,0.934
2020-07-22,0.9288
2020-07-23,0.925
2020-07-24,0.9222
2020-07-25,0.9204
2020-07-26,0.9204
2020-07-27,0.9204
2020-07-28,0.9169
2020-07-29,0.9141
2020-07-30,0.912
2020-07-31,0.9113
2020-08-01,0.9194
2020-08-02,0.9194
2020-08-03,0.9194
2020-08-04,0.9154
2020-08-05,0.9053
2020-08-06,0.9101
2020-08-07,0.914
2020-08-08,0.9154
2020-08-09,0.9154
2020-08-10,0.9154
2020-08-11,0.9163
2020-08-12,0.9109
2020-08-13,0.9097
2020-08-14,0.9091
2020-08-15,0.9058
2020-08-16,0.9058
2020-08-17,0.9058
2020-08-18,0.9029
2020-08-19,0.9114
2020-08-20,0.9082
2020-08-21,0.9131
2020-08-22,0.9109
2020-08-23,0.9109
2020-08-24,0.9109
2020-08-25,0.9089
2020-08-26,0.9086
2020-08-27,0.9077
2020-08-28,0.9041
2020-08-29,0.9012
2020-08-30,0.9012
2020-08-31,0.9012
2020-09-01,0.9072
2020-09-02,0.9107
2020-09-03,0.9104
2020-09-04,0.9147
2020-09-05,0.9166
2020-09-06,0.9166
2020-09-07,0.9166
2020-09-08,0.9166
2020-09-09,0.9131
2020-09-10,0.9077
2020-09-11,0.9092
2020-09-12,0.9071
2020-09-13,0.9071
2020-09-14,0.9071
2020-09-15,0.9085
2020-09-16,0.908
2020-09-17,0.9098
2020-09-18,0.9096
2020-09-19,0.9163
2020-09-20,0.9163
2020-09-21,0.9163
2020-09-22,0.92
2020-09-23,0.9233
2020-09-24,0.9264
2020-09-25,0.9291
2020-09-26,0.9247
2020-09-27,0.9247
2020-09-28,0.9247
2020-09-29,0.9215
2020-09-30,0.9188
2020-10-01,0.9179
2020-10-02,0.9204
2020-10-03,0.9153
2020-10-04,0.9153
2020-10-05,0.9153
2020-10-06,0.9153
2020-10-07,0.9168
2020-10-08,0.9176
2020-10-09,0.9103
2020-10-10,0.9147
2020-10-11,0.9147
2020-10-12,0.9147
2020-10-13,0.9147
2020-10-14,0.9127
2020-10-15,0.9143
2020-10-16,0.9153
2020-10-17,0.9092
2020-10-18,0.9092
2020-10-19,0.9092
2020-10-20,0.9071
2020-10-21,0.9042
2020-10-22,0.9074
2020-10-23,0.9055
2020-10-24,0.9073
2020-10-25,0.9073
2020-10-26,0.9073
2020-10-27,0.9066
2020-10-28,0.9097
2020-10-29,0.9171
2020-10-30,0.9165
2020-10-31,0.92
2020-11-01,0.92
2020-11-02,0.92
2020-11-03,0.9126
2020-11-04,0.9107
2020-11-05,0.9063
2020-11-06,0.8986
2020-11-07,0.9127
2020-11-08,0.9127
2020-11-09,0.9127
2020-11-10,0.9136
2020-11-11,0.9136
2020-11-12,0.9136
2020-11-13,0.9133
2020-11-14,0.9121
2020-11-15,0.9121
2020-11-16,0.9121
2020-11-17,0.9109
2020-11-18,0.9096
2020-11-19,0.9119
2020-11-20,0.9118
2020-11-21,0.9131
2020-11-22,0.9131
2020-11-23,0.9131
2020-11-24,0.9121
2020-11-25,0.909
2020-11-26,0.906
2020-11-27,0.906
2020-11-28,0.906
2020-11-29,0.906
2020-11-30,0.906
2020-12-01,0.9005
2020-12-02,0.8961
2020-12-03,0.8906
2020-12-04,0.8908
2020-12-05,0.8892
2020-12-06,0.8892
2020-12-07,0.8892
2020-12-08,0.8886
2020-12-09,0.8901
2020-12-10,0.8878
2020-12-11,0.8902
2020-12-12,0.8872
2020-12-13,0.8872
2020-12-14,0.8872
2020-12-15,0.8859
2020-12-16,0.8861
2020-12-17,0.8841
2020-12-18,0.885
2020-12-19,0.8859
2020-12-20,0.8859
2020-12-21,0.8859
2020-12-22,0.8889
2020-12-23,0.8882
2020-12-24,0.8898
2020-12-25,0.8898
2020-12-26,0.8898
2020-12-27,0.8898
2020-12-28,0.8898
2020-12-29,0.8838
2020-12-30,0.8832
2020-12-31,0.8841
2021-01-01,0.8811
2021-01-02,0.8811
2021-01-03,0.8811
2021-01-04,0.8811
2021-01-05,0.8784
2021-01-06,0.881
2021-01-07,0.8841
2021-01-08,0.8843
2021-01-09,0.8897
2021-01-10,0.8897
2021-01-11,0.8897
2021-01-12,0.8892
2021-01-13,0.8874
2021-01-14,0.887
2021-01-15,0.8894
2021-01-16,0.8888
2021-01-17,0.8888
2021-01-18,0.8888
2021-01-19,0.8888
2021-01-20,0.887
2021-01-21,0.887
2021-01-22,0.8853
2021-01-23,0.8882
2021-01-24,0.8882
2021-01-25,0.8882
2021-01-26,0.888
2021-01-27,0.889
2021-01-28,0.8887
2021-01-29,0.8905
2021-01-30,0.8965
2021-01-31,0.8965
2021-02-01,0.8965
2021-02-02,0.8987
2021-02-03,0.8993
2021-02-04,0.9031
2021-02-05,0.8996
2021-02-06,0.8986
2021-02-07,0.8986
2021-02-08,0.8986
2021-02-09,0.893
2021-02-10,0.8891
2021-02-11,0.8907
2021-02-12,0.8911
2021-02-13,0.8923
2021-02-14,0.8923
2021-02-15,0.8923
2021-02-16,0.8923
2021-02-17,0.8985
2021-02-18,0.8968
2021-02-19,0.8948
2021-02-20,0.8958
2021-02-21,0.8958
2021-02-22,0.8958
2021-02-23,0.9022
2021-02-24,0.9074
2021-02-25,0.9033
2021-02-26,0.9092
2021-02-27,0.9138
2021-02-28,0.9138
2021-03-01,0.9138
2021-03-02,0.9141
2021-03-03,0.918
2021-03-04,0.9257
2021-03-05,0.9305
2021-03-06,0.9355
2021-03-07,0.9355
2021-03-08,0.9355
2021-03-09,0.9292
2021-03-10,0.9317
2021-03-11,0.9244
2021-03-12,0.9281
2021-03-13,0.9283
2021-03-14,0.9283
2021-03-15,0.9283
2021-03-16,0.9261
2021-03-17,0.9276
2021-03-18,0.9281
2021-03-19,0.9301
2021-03-20,0.9233
2021-03-21,0.9233
2021-03-22,0.9233
2021-03-23,0.9327
2021-03-24,0.9355
2021-03-25,0.9393
2021-03-26,0.9398
2021-03-27,0.9381
2021-03-28,0.9381
2021-03-29,0.9381
2021-03-30,0.9427
2021-03-31,0.9418
2021-04-01,0.9409
2021-04-02,0.9419
2021-04-03,0.9359
2021-04-04,0.9359
2021-04-05,0.9359
2021-04-06,0.9325
2021-04-07,0.9274
2021-04-08,0.9249
2021-04-09,0.9249
2021-04-10,0.9228
2021-04-11,0.9228
2021-04-12,0.9228
2021-04-13,0.9213
2021-04-14,0.9228
2021-04-15,0.9227
2021-04-16,0.9196
2021-04-17,0.9155
2021-04-18,0.9155
2021-04-19,0.9155
2021-04-20,0.9145
2021-04-21,0.9166
2021-04-22,0.9182
2021-04-23,0.9152
2021-04-24,0.9145
2021-04-25,0.9145
2021-04-26,0.9145
2021-04-27,0.9134
2021-04-28,0.9124
2021-04-29,0.9099
2021-04-30,0.9127
2021-05-01,0.9116
2021-05-02,0.9116
2021-05-03,0.9116
2021-05-04,0.9136
2021-05-05,0.913
2021-05-06,0.9096
2021-05-07,0.9009
2021-05-08,0.8986
2021-05-09,0.8986
2021-05-10,0.8986
2021-05-11,0.902
2021-05-12,0.9088
2021-05-13,0.9068
2021-05-14,0.9021
2021-05-15,0.9016
2021-05-16,0.9016
2021-05-17,0.9016
2021-05-18,0.8986
2021-05-19,0.9003
2021-05-20,0.8985
2021-05-21,0.8987
2021-05-22,0.8973
2021-05-23,0.8973
2021-05-24,0.8973
2021-05-25,0.8971
2021-05-26,0.8973
2021-05-27,0.8977
2021-05-28,0.8995
2021-05-29,0.8954
2021-05-30,0.8954
2021-05-31,0.8954
2021-06-01,0.8954
2021-06-02,0.898
2021-06-03,0.9051
2021-06-04,0.899
2021-06-05,0.8969
2021-06-06,0.8969
2021-06-07,0.8969
2021-06-08,0.8963
2021-06-09,0.8958
2021-06-10,0.8951
2021-06-11,0.8993
2021-06-12,0.8991
2021-06-13,0.8991
2021-06-14,0.8991
2021-06-15,0.8985
2021-06-16,0.8986
2021-06-17,0.9173
2021-06-18,0.9215
2021-06-19,0.9184
2021-06-20,0.9184
2021-06-21,0.9184
2021-06-22,0.92
2021-06-23,0.9169
2021-06-24,0.9188
2021-06-25,0.9175
2021-06-26,0.9184
2021-06-27,0.9184
2021-06-28,0.9184
2021-06-29,0.9201
2021-06-30,0.9253
2021-07-01,0.9253
2021-07-02,0.9224
2021-07-03,0.9245
2021-07-04,0.9245
2021-07-05,0.9245
2021-07-06,0.9245
2021-07-07,0.9252
2021-07-08,0.9153
2021-07-09,0.9151
2021-07-10,0.9154
2021-07-11,0.9154
2021-07-12,0.9154
2021-07-13,0.9164
2021-07-14,0.9154
2021-07-15,0.9186
2021-07-16,0.9192
2021-07-17,0.9179
2021-07-18,0.9179
2021-07-19,0.9179
2021-07-20,0.9218
2021-07-21,0.9179
2021-07-22,0.9195
2021-07-23,0.9211
2021-07-24,0.9157
2021-07-25,0.9157
2021-07-26,0.9157
2021-07-27,0.9135
2021-07-28,0.9134
2021-07-29,0.9062
2021-07-30,0.9061
2021-07-31,0.9051
2021-08-01,0.9051
2021-08-02,0.9051
2021-08-03,0.9047
2021-08-04,0.9061
2021-08-05,0.907
2021-08-06,0.9142
2021-08-07,0.9191
2021-08-08,0.9191
2021-08-09,0.9191
2021-08-10,0.9226
2021-08-11,0.9215
2021-08-12,0.923
2021-08-13,0.9162
2021-08-14,0.9123
2021-08-15,0.9123
2021-08-16,0.9123
2021-08-17,0.9144
2021-08-18,0.9179
2021-08-19,0.9173
2021-08-20,0.9176
2021-08-21,0.9137
2021-08-22,0.9137
2021-08-23,0.9137
2021-08-24,0.913
2021-08-25,0.9137
2021-08-26,0.9174
2021-08-27,0.9122
2021-08-28,0.9172
2021-08-29,0.9172
2021-08-30,0.9172
2021-08-31,0.9161
2021-09-01,0.9145
2021-09-02,0.9159
2021-09-03,0.9136
2021-09-04,0.9179
2021-09-05,0.9179
2021-09-06,0.9179
2021-09-07,0.9179
2021-09-08,0.9219
2021-09-09,0.9173
2021-09-10,0.918
2021-09-11,0.9213
2021-09-12,0.9213
2021-09-13,0.9213
2021-09-14,0.9193
2021-09-15,0.9196
2021-09-16,0.9251
2021-09-17,0.9308
2021-09-18,0.9277
2021-09-19,0.9277
2021-09-20,0.9277
2021-09-21,0.9235
2021-09-22,0.9223
2021-09-23,0.9243
2021-09-24,0.9246
2021-09-25,0.9256
2021-09-26,0.9256
2021-09-27,0.9256
2021-09-28,0.9282
2021-09-29,0.9335
2021-09-30,0.9339
2021-10-01,0.9297
2021-10-02,0.9248
2021-10-03,0.9248
2021-10-04,0.9248
2021-10-05,0.9271
2021-10-06,0.9279
2021-10-07,0.928
2021-10-08,0.9272
2021-10-09,0.9302
2021-10-10,0.9302
2021-10-11,0.9302
2021-10-12,0.9302
2021-10-13,0.926
2021-10-14,0.9232
2021-10-15,0.9241
2021-10-16,0.9232
2021-10-17,0.9232
2021-10-18,0.9232
2021-10-19,0.9227
2021-10-20,0.9197
2021-10-21,0.9173
2021-10-22,0.9164
2021-10-23,0.9193
2021-10-24,0.9193
2021-10-25,0.9193
2021-10-26,0.9204
2021-10-27,0.9183
2021-10-28,0.9123
2021-10-29,0.9165
2021-10-30,0.9105
2021-10-31,0.9105
2021-11-01,0.9105
2021-11-02,0.9145
2021-11-03,0.9121
2021-11-04,0.9127
2021-11-05,0.9133
2021-11-06,0.9132
2021-11-07,0.9132
2021-11-08,0.9132
2021-11-09,0.9118
2021-11-10,0.9164
2021-11-11,0.9211
2021-11-12,0.9211
2021-11-13,0.9217
2021-11-14,0.9217
2021-11-15,0.9217
2021-11-16,0.9298
2021-11-17,0.9286
2021-11-18,0.926
2021-11-19,0.9262
2021-11-20,0.93
2021-11-21,0.93
2021-11-22,0.93
2021-11-23,0.9325
2021-11-24,0.9354
2021-11-25,0.9234
2021-11-26,0.9234
2021-11-27,0.925
2021-11-28,0.925
2021-11-29,0.925
2021-11-30,0.9217
2021-12-01,0.9195
2021-12-02,0.9205
2021-12-03,0.9185
2021-12-04,0.9256
2021-12-05,0.9256
2021-12-06,0.9256
2021-12-07,0.9264
2021-12-08,0.9217
2021-12-09,0.926
2021-12-10,0.9205
2021-12-11,0.9212
2021-12-12,0.9212
2021-12-13,0.9212
2021-12-14,0.9236
2021-12-15,0.9258
2021-12-16,0.9215
2021-12-17,0.9226
2021-12-18,0.92
2021-12-19,0.92
2021-12-20,0.92
2021-12-21,0.9242
2021-12-22,0.9201
2021-12-23,0.9186
2021-12-24,0.9175
2021-12-25,0.9175
2021-12-26,0.9175
2021-12-27,0.9175
2021-12-28,0.9167
2021-12-29,0.9149
2021-12-30,0.9146
2021-12-31,0.9188
2022-01-01,0.9188
2022-01-02,0.9188
2022-01-03,0.9188
2022-01-04,0.9154
2022-01-05,0.9161
2022-01-06,0.9196
2022-01-07,0.9191
2022-01-08,0.9252
2022-01-09,0.9252
2022-01-10,0.9252
2022-01-11,0.9237
2022-01-12,0.9134
2022-01-13,0.9102
2022-01-14,0.9133
2022-01-15,0.9168
2022-01-16,0.9168
2022-01-17,0.9168
2022-01-18,0.9168
2022-01-19,0.9155
2022-01-20,0.9157
2022-01-21,0.912
2022-01-22,0.9146
2022-01-23,0.9146
2022-01-24,0.9146
2022-01-25,0.9194
2022-01-26,0.9213
2022-01-27,0.9318
2022-01-28,0.9298
2022-01-29,0.9303
2022-01-30,0.9303
2022-01-31,0.9303
2022-02-01,0.9231
2022-02-02,0.9186
2022-02-03,0.9213
2022-02-04,0.9248
2022-02-05,0.9243
2022-02-06,0.9243
2022-02-07,0.9243
2022-02-08,0.9244
2022-02-09,0.9233
2022-02-10,0.923
2022-02-11,0.9255
2022-02-12,0.9265
2022-02-13,0.9265
2022-02-14,0.9265
2022-02-15,0.9258
2022-02-16,0.9219
2022-02-17,0.9202
2022-02-18,0.921
2022-02-19,0.9204
2022-02-20,0.9204
2022-02-21,0.9204
2022-02-22,0.9204
2022-02-23,0.9179
2022-02-24,0.9266
2022-02-25,0.9274
2022-02-26,0.9179
2022-02-27,0.9179
2022-02-28,0.9179
2022-03-01,0.9186
2022-03-02,0.9216
2022-03-03,0.9204
2022-03-04,0.9183
2022-03-05,0.9267
2022-03-06,0.9267
2022-03-07,0.9267
2022-03-08,0.9302
2022-03-09,0.9264
2022-03-10,0.9294
2022-03-11,0.9326
2022-03-12,0.9358
2022-03-13,0.9358
2022-03-14,0.9358
2022-03-15,0.9415
2022-03-16,0.9414
2022-03-17,0.9349
2022-03-18,0.9337
2022-03-19,0.9303
2022-03-20,0.9303
2022-03-21,0.9303
2022-03-22,0.9325
2022-03-23,0.9318
2022-03-24,0.9308
2022-03-25,0.9308
2022-03-26,0.9344
2022-03-27,0.9344
2022-03-28,0.9344
2022-03-29,0.9303
2022-03-30,0.9233
2022-03-31,0.9211
2022-04-01,0.9256
2022-04-02,0.9256
2022-04-03,0.9256
2022-04-04,0.9256
2022-04-05,0.9292
2022-04-06,0.9325
2022-04-07,0.9332
2022-04-08,0.9333
2022-04-09,0.9308
2022-04-10,0.9308
2022-04-11,0.9308
2022-04-12,0.9302
2022-04-13,0.9335
2022-04-14,0.9426
2022-04-15,0.9431
2022-04-16,0.9441
2022-04-17,0.9441
2022-04-18,0.9441
2022-04-19,0.9482
2022-04-20,0.9469
2022-04-21,0.9533
2022-04-22,0.9587
2022-04-23,0.9585
2022-04-24,0.9585
2022-04-25,0.9585
2022-04-26,0.961
2022-04-27,0.9695
2022-04-28,0.9724
2022-04-29,0.9723
2022-04-30,0.977
2022-05-01,0.977
2022-05-02,0.977
2022-05-03,0.9785
2022-05-04,0.9829
2022-05-05,0.9874
2022-05-06,0.9858
2022-05-07,0.9927
2022-05-08,0.9927
2022-05-09,0.9927
2022-05-10,0.9949
2022-05-11,0.9907
2022-05-12,1.0004
2022-05-13,1.0014
2022-05-14,1.0028
2022-05-15,1.0028
2022-05-16,1.0028
2022-05-17,0.9931
2022-05-18,0.9902
2022-05-19,0.9729
2022-05-20,0.9749
2022-05-21,0.9664
2022-05-22,0.9664
2022-05-23,0.9664
2022-05-24,0.9597
2022-05-25,0.9637
2022-05-26,0.9595
2022-05-27,0.9575
2022-05-28,0.957
2022-05-29,0.957
2022-05-30,0.957
2022-05-31,0.957
2022-06-01,0.9644
2022-06-02,0.9592
2022-06-03,0.9625
2022-06-04,0.969
2022-06-05,0.969
2022-06-06,0.969
2022-06-07,0.9731
2022-06-08,0.975
2022-06-09,0.9778
2022-06-10,0.9886
2022-06-11,0.9966
2022-06-12,0.9966
2022-06-13,0.9966
2022-06-14,1.0016
2022-06-15,1.0021
2022-06-16,0.9663
2022-06-17,0.9717
2022-06-18,0.966
2022-06-19,0.966
2022-06-20,0.966
2022-06-21,0.966
2022-06-22,0.9615
2022-06-23,0.9606
2022-06-24,0.9569
2022-06-25,0.9551
2022-06-26,0.9551
2022-06-27,0.9551
2022-06-28,0.9563
2022-06-29,0.9541
2022-06-30,0.955
2022-07-01,0.9623
2022-07-02,0.969
2022-07-03,0.969
2022-07-04,0.969
2022-07-05,0.969
2022-07-06,0.9714
2022-07-07,0.9734
2022-07-08,0.9775
2022-07-09,0.9794
2022-07-10,0.9794
2022-07-11,0.9794
2022-07-12,0.9812
2022-07-13,0.9784
2022-07-14,0.9829
2022-07-15,0.9776
2022-07-16,0.9764
2022-07-17,0.9764
2022-07-18,0.9764
2022-07-19,0.9683
2022-07-20,0.9721
2022-07-21,0.9693
2022-07-22,0.9613
2022-07-23,0.9651
2022-07-24,0.9651
2022-07-25,0.9651
2022-07-26,0.9634
2022-07-27,0.965
2022-07-28,0.9568
2022-07-29,0.9513
2022-07-30,0.9486
2022-07-31,0.9486
2022-08-01,0.9486
2022-08-02,0.9543
2022-08-03,0.963
2022-08-04,0.9565
2022-08-05,0.9635
2022-08-06,0.9545
2022-08-07,0.9545
2022-08-08,0.9545
2022-08-09,0.9525
2022-08-10,0.941
2022-08-11,0.9391
2022-08-12,0.943
2022-08-13,0.9449
2022-08-14,0.9449
2022-08-15,0.9449
2022-08-16,0.9506
2022-08-17,0.9537
2022-08-18,0.9546
2022-08-19,0.959
2022-08-20,0.9652
2022-08-21,0.9652
2022-08-22,0.9652
2022-08-23,0.9632
2022-08-24,0.9664
2022-08-25,0.9648
2022-08-26,0.9635
2022-08-27,0.9688
2022-08-28,0.9688
2022-08-29,0.9688
2022-08-30,0.9746
2022-08-31,0.9748
2022-09-01,0.9838
2022-09-02,0.9801
2022-09-03,0.9839
2022-09-04,0.9839
2022-09-05,0.9839
2022-09-06,0.9839
2022-09-07,0.9808
2022-09-08,0.9726
2022-09-09,0.9604
2022-09-10,0.9519
2022-09-11,0.9519
2022-09-12,0.9519
2022-09-13,0.9608
2022-09-14,0.9612
2022-09-15,0.9607
2022-09-16,0.9647
2022-09-17,0.9663
2022-09-18,0.9663
2022-09-19,0.9663
2022-09-20,0.9628
2022-09-21,0.9652
2022-09-22,0.9806
2022-09-23,0.9816
2022-09-24,0.9924
2022-09-25,0.9924
2022-09-26,0.9924
2022-09-27,0.9896
2022-09-28,0.9756
2022-09-29,0.9798
2022-09-30,0.9845
2022-10-01,0.9929
2022-10-02,0.9929
2022-10-03,0.9929
2022-10-04,0.9806
2022-10-05,0.9838
2022-10-06,0.9899
2022-10-07,0.9914
2022-10-08,0.994
2022-10-09,0.994
2022-10-10,0.994
2022-10-11,0.994
2022-10-12,0.998
2022-10-13,0.9987
2022-10-14,1.0049
2022-10-15,0.9953
2022-10-16,0.9953
2022-10-17,0.9953
2022-10-18,0.9962
2022-10-19,1.0039
2022-10-20,1.0003
2022-10-21,0.9981
2022-10-22,1.0007
2022-10-23,1.0007
2022-10-24,1.0007
2022-10-25,0.9961
2022-10-26,0.9865
2022-10-27,0.9899
2022-10-28,0.9968
2022-10-29,1.0006
2022-10-30,1.0006
2022-10-31,1.0006
2022-11-01,0.9995
2022-11-02,0.9988
2022-11-03,1.0131
2022-11-04,0.9981
2022-11-05,0.9906
2022-11-06,0.9906
2022-11-07,0.9906
2022-11-08,0.9842
2022-11-09,0.9836
2022-11-10,0.9672
2022-11-11,0.9427
2022-11-12,0.9427
2022-11-13,0.9427
2022-11-14,0.9427
2022-11-15,0.9444
2022-11-16,0.9445
2022-11-17,0.954
2022-11-18,0.9522
2022-11-19,0.9586
2022-11-20,0.9586
2022-11-21,0.9586
2022-11-22,0.9531
2022-11-23,0.9432
2022-11-24,0.9459
2022-11-25,0.9459
2022-11-26,0.9463
2022-11-27,0.9463
2022-11-28,0.9463
2022-11-29,0.9506
2022-11-30,0.9486
2022-12-01,0.9377
2022-12-02,0.9369
2022-12-03,0.9421
2022-12-04,0.9421
2022-12-05,0.9421
2022-12-06,0.9406
2022-12-07,0.9401
2022-12-08,0.9358
2022-12-09,0.932
2022-12-10,0.9356
2022-12-11,0.9356
2022-12-12,0.9356
2022-12-13,0.9268
2022-12-14,0.9238
2022-12-15,0.9288
2022-12-16,0.9324
2022-12-17,0.9303
2022-12-18,0.9303
2022-12-19,0.9303
2022-12-20,0.9259
2022-12-21,0.9277
2022-12-22,0.931
2022-12-23,0.9335
2022-12-24,0.9285
2022-12-25,0.9285
2022-12-26,0.9285
2022-12-27,0.9285
2022-12-28,0.9275
2022-12-29,0.9233
2022-12-30,0.9241
2022-12-31,0.9368
2023-01-01,0.9368
2023-01-02,0.9368
2023-01-03,0.9368
2023-01-04,0.9271
2023-01-05,0.9364
2023-01-06,0.9293
2023-01-07,0.918
2023-01-08,0.918
2023-01-09,0.918
2023-01-10,0.9225
2023-01-11,0.9299
2023-01-12,0.9288
2023-01-13,0.9284
2023-01-14,0.9215
2023-01-15,0.9215
2023-01-16,0.9215
2023-01-17,0.9215
2023-01-18,0.914
2023-01-19,0.9162
2023-01-20,0.9221
2023-01-21,0.9231
2023-01-22,0.9231
2023-01-23,0.9231
2023-01-24,0.923
2023-01-25,0.9199
2023-01-26,0.921
2023-01-27,0.9218
2023-01-28,0.9231
2023-01-29,0.9231
2023-01-30,0.9231
2023-01-31,0.9186
2023-02-01,0.9147
2023-02-02,0.912
2023-02-03,0.925
2023-02-04,0.9278
2023-02-05,0.9278
2023-02-06,0.9278
2023-02-07,0.9239
2023-02-08,0.9198
2023-02-09,0.9192
2023-02-10,0.9246
2023-02-11,0.9207
2023-02-12,0.9207
2023-02-13,0.9207
2023-02-14,0.9224
2023-02-15,0.9238
2023-02-16,0.9245
2023-02-17,0.9266
2023-02-18,0.9267
2023-02-19,0.9267
2023-02-20,0.9267
2023-02-21,0.9267
2023-02-22,0.9297
2023-02-23,0.9343
2023-02-24,0.94
2023-02-25,0.9375
2023-02-26,0.9375
2023-02-27,0.9375
2023-02-28,0.9376
2023-03-01,0.9387
2023-03-02,0.942
2023-03-03,0.9381
2023-03-04,0.9308
2023-03-05,0.9308
2023-03-06,0.9308
2023-03-07,0.9413
2023-03-08,0.9395
2023-03-09,0.9363
2023-03-10,0.9213
2023-03-11,0.9118
2023-03-12,0.9118
2023-03-13,0.9118
2023-03-14,0.9137
2023-03-15,0.9243
2023-03-16,0.9299
2023-03-17,0.9284
2023-03-18,0.9267
2023-03-19,0.9267
2023-03-20,0.9267
2023-03-21,0.9238
2023-03-22,0.9237
2023-03-23,0.9145
2023-03-24,0.9181
2023-03-25,0.9163
2023-03-26,0.9163
2023-03-27,0.9163
2023-03-28,0.9198
2023-03-29,0.9195
2023-03-30,0.914
2023-03-31,0.9129
2023-04-01,0.913
2023-04-02,0.913
2023-04-03,0.913
2023-04-04,0.9071
2023-04-05,0.905
2023-04-06,0.904
2023-04-07,0.9049
2023-04-08,0.9112
2023-04-09,0.9112
2023-04-10,0.9112
2023-04-11,0.904
2023-04-12,0.8968
2023-04-13,0.8874
2023-04-14,0.8955
2023-04-15,0.8994
2023-04-16,0.8994
2023-04-17,0.8994
2023-04-18,0.898
2023-04-19,0.8984
2023-04-20,0.8944
2023-04-21,0.8926
2023-04-22,0.8887
2023-04-23,0.8887
2023-04-24,0.8887
2023-04-25,0.8925
2023-04-26,0.8901
2023-04-27,0.8957
2023-04-28,0.8911
2023-04-29,0.8961
2023-04-30,0.8961
2023-05-01,0.8961
2023-05-02,0.8931
2023-05-03,0.8871
2023-05-04,0.8861
2023-05-05,0.8913
2023-05-06,0.8894
2023-05-07,0.8894
2023-05-08,0.8894
2023-05-09,0.8916
2023-05-10,0.8911
2023-05-11,0.8953
2023-05-12,0.8971
2023-05-13,0.8949
2023-05-14,0.8949
2023-05-15,0.8949
2023-05-16,0.8965
2023-05-17,0.8992
2023-05-18,0.9046
2023-05-19,0.8989
2023-05-20,0.8991
2023-05-21,0.8991
2023-05-22,0.8991
2023-05-23,0.9014
2023-05-24,0.9058
2023-05-25,0.906
2023-05-26,0.906
2023-05-27,0.9048
2023-05-28,0.9048
2023-05-29,0.9048
2023-05-30,0.9048
2023-05-31,0.9129
2023-06-01,0.9077
2023-06-02,0.9075
2023-06-03,0.9058
2023-06-04,0.9058
2023-06-05,0.9058
2023-06-06,0.9076
2023-06-07,0.9089
2023-06-08,0.9003
2023-06-09,0.9026
2023-06-10,0.9099
2023-06-11,0.9099
2023-06-12,0.9099
2023-06-13,0.9053
2023-06-14,0.8972
2023-06-15,0.8927
2023-06-16,0.8943
2023-06-17,0.8993
2023-06-18,0.8993
2023-06-19,0.8993
2023-06-20,0.8993
2023-06-21,0.895
2023-06-22,0.8967
2023-06-23,0.8979
2023-06-24,0.8946
2023-06-25,0.8946
2023-06-26,0.8946
2023-06-27,0.8941
2023-06-28,0.8975
2023-06-29,0.8984
2023-06-30,0.8947
2023-07-01,0.8956
2023-07-02,0.8956
2023-07-03,0.8956
2023-07-04,0.898
2023-07-05,0.898
2023-07-06,0.8965
2023-07-07,0.8887
2023-07-08,0.8869
2023-07-09,0.8869
2023-07-10,0.8869
2023-07-11,0.8805
2023-07-12,0.8676
2023-07-13,0.8595
2023-07-14,0.8616
2023-07-15,0.8602
2023-07-16,0.8602
2023-07-17,0.8602
2023-07-18,0.8582
2023-07-19,0.8598
2023-07-20,0.8671
2023-07-21,0.8658
2023-07-22,0.8664
2023-07-23,0.8664
2023-07-24,0.8664
2023-07-25,0.8644
2023-07-26,0.8625
2023-07-27,0.8686
2023-07-28,0.8687
2023-07-29,0.8688
2023-07-30,0.8688
2023-07-31,0.8688
2023-08-01,0.8763
2023-08-02,0.8779
2023-08-03,0.8742
2023-08-04,0.8713
2023-08-05,0.8742
2023-08-06,0.8742
2023-08-07,0.8742
2023-08-08,0.8757
2023-08-09,0.877
2023-08-10,0.8736
2023-08-11,0.8765
2023-08-12,0.8775
2023-08-13,0.8775
2023-08-14,0.8775
2023-08-15,0.8769
2023-08-16,0.8786
2023-08-17,0.8792
2023-08-18,0.8817
2023-08-19,0.8799
2023-08-20,0.8799
2023-08-21,0.8799
2023-08-22,0.88
2023-08-23,0.8785
2023-08-24,0.8825
2023-08-25,0.886
2023-08-26,0.8832
2023-08-27,0.8832
2023-08-28,0.8832
2023-08-29,0.8798
2023-08-30,0.8772
2023-08-31,0.8837
2023-09-01,0.8857
2023-09-02,0.8888
2023-09-03,0.8888
2023-09-04,0.8888
2023-09-05,0.8888
2023-09-06,0.8924
2023-09-07,0.8927
2023-09-08,0.8927
2023-09-09,0.891
2023-09-10,0.891
2023-09-11,0.891
2023-09-12,0.8913
2023-09-13,0.8925
2023-09-14,0.8949
2023-09-15,0.896
2023-09-16,0.8964
2023-09-17,0.8964
2023-09-18,0.8964
2023-09-19,0.8979
2023-09-20,0.8953
2023-09-21,0.9033
2023-09-22,0.9064
2023-09-23,0.912
2023-09-24,0.912
2023-09-25,0.912
2023-09-26,0.9144
2023-09-27,0.9198
2023-09-28,0.915
2023-09-29,0.9141
2023-09-30,0.9176
2023-10-01,0.9176
2023-10-02,0.9176
2023-10-03,0.9226
2023-10-04,0.916
2023-10-05,0.9141
2023-10-06,0.9082
2023-10-07,0.9039
2023-10-08,0.9039
2023-10-09,0.9039
2023-10-10,0.9039
2023-10-11,0.9025
2023-10-12,0.9064
2023-10-13,0.9018
2023-10-14,0.9007
2023-10-15,0.9007
2023-10-16,0.9007
2023-10-17,0.8995
2023-10-18,0.8985
2023-10-19,0.8956
2023-10-20,0.8918
2023-10-21,0.8919
2023-10-22,0.8919
2023-10-23,0.8919
2023-10-24,0.8935
2023-10-25,0.8951
2023-10-26,0.8995
2023-10-27,0.9021
2023-10-28,0.9017
2023-10-29,0.9017
2023-10-30,0.9017
2023-10-31,0.91
2023-11-01,0.9103
2023-11-02,0.9061
2023-11-03,0.8984
2023-11-04,0.8969
2023-11-05,0.8969
2023-11-06,0.8969
2023-11-07,0.9005
2023-11-08,0.898
2023-11-09,0.8996
2023-11-10,0.9014
2023-11-11,0.9014
2023-11-12,0.9014
2023-11-13,0.9014
2023-11-14,0.8905
2023-11-15,0.8872
2023-11-16,0.8882
2023-11-17,0.887
2023-11-18,0.8841
2023-11-19,0.8841
2023-11-20,0.8841
2023-11-21,0.8831
2023-11-22,0.8853
2023-11-23,0.8818
2023-11-24,0.8818
2023-11-25,0.8811
2023-11-26,0.8811
2023-11-27,0.8811
2023-11-28,0.8763
2023-11-29,0.8752
2023-11-30,0.8725
2023-12-01,0.8706
2023-12-02,0.873
2023-12-03,0.873
2023-12-04,0.873
2023-12-05,0.876
2023-12-06,0.8741
2023-12-07,0.8758
2023-12-08,0.881
2023-12-09,0.8795
2023-12-10,0.8795
2023-12-11,0.8795
2023-12-12,0.8757
2023-12-13,0.8761
2023-12-14,0.8639
2023-12-15,0.8688
2023-12-16,0.8682
2023-12-17,0.8682
2023-12-18,0.8682
2023-12-19,0.8609
2023-12-20,0.8615
2023-12-21,0.8577
2023-12-22,0.8564
2023-12-23,0.8552
2023-12-24,0.8552
2023-12-25,0.8552
2023-12-26,0.8552
2023-12-27,0.8417
2023-12-28,0.8396
2023-12-29,0.8405
2023-12-30,0.8483
2023-12-31,0.8483
2024-01-01,0.8483
2024-01-02,0.8483
2024-01-03,0.8523
2024-01-04,0.8503
2024-01-05,0.8486
2024-01-06,0.8466
2024-01-07,0.8466
2024-01-08,0.8466
2024-01-09,0.8515
2024-01-10,0.8514
2024-01-11,0.8556
2024-01-12,0.8523
2024-01-13,0.8604
2024-01-14,0.8604
2024-01-15,0.8604
2024-01-16,0.8604
2024-01-17,0.8667
2024-01-18,0.8685
2024-01-19,0.8694
2024-01-20,0.8686
2024-01-21,0.8686
2024-01-22,0.8686
2024-01-23,0.8718
2024-01-24,0.8631
2024-01-25,0.8674
2024-01-26,0.8635
2024-01-27,0.864
2024-01-28,0.864
2024-01-29,0.864
2024-01-30,0.8624
2024-01-31,0.8587
2024-02-01,0.8579
2024-02-02,0.8676
2024-02-03,0.8711
2024-02-04,0.8711
2024-02-05,0.8711
2024-02-06,0.8702
2024-02-07,0.8731
2024-02-08,0.8736
2024-02-09,0.875
2024-02-10,0.8759
2024-02-11,0.8759
2024-02-12,0.8759
2024-02-13,0.8863
2024-02-14,0.8852
2024-02-15,0.8808
2024-02-16,0.8813
2024-02-17,0.8807
2024-02-18,0.8807
2024-02-19,0.8807
2024-02-20,0.8807
2024-02-21,0.8799
2024-02-22,0.8816
2024-02-23,0.8804
2024-02-24,0.8801
2024-02-25,0.8801
2024-02-26,0.8801
2024-02-27,0.8792
2024-02-28,0.8786
2024-02-29,0.8833
2024-03-01,0.8844
2024-03-02,0.8841
2024-03-03,0.8841
2024-03-04,0.8841
2024-03-05,0.8837
2024-03-06,0.8812
2024-03-07,0.8781
2024-03-08,0.8766
2024-03-09,0.8783
2024-03-10,0.8783
2024-03-11,0.8783
2024-03-12,0.8782
2024-03-13,0.878
2024-03-14,0.8834
2024-03-15,0.8837
2024-03-16,0.8862
2024-03-17,0.8862
2024-03-18,0.8862
2024-03-19,0.8882
2024-03-20,0.8911
2024-03-21,0.8993
2024-03-22,0.8983
2024-03-23,0.8983
2024-03-24,0.8983
2024-03-25,0.8983
2024-03-26,0.9027
2024-03-27,0.9056
2024-03-28,0.9006
2024-03-29,0.9015
2024-03-30,0.9055
2024-03-31,0.9055
2024-04-01,0.9055
2024-04-02,0.9071
2024-04-03,0.9038
2024-04-04,0.9049
2024-04-05,0.9005
2024-04-06,0.9051
2024-04-07,0.9051
2024-04-08,0.9051
2024-04-09,0.9032
2024-04-10,0.9127
2024-04-11,0.9107
2024-04-12,0.912
2024-04-13,0.9137
2024-04-14,0.9137
2024-04-15,0.9137
2024-04-16,0.9128
2024-04-17,0.9121
2024-04-18,0.9115
2024-04-19,0.9092
2024-04-20,0.9119
2024-04-21,0.9119
2024-04-22,0.9119
2024-04-23,0.9117
2024-04-24,0.9141
2024-04-25,0.9134
2024-04-26,0.9142
2024-04-27,0.9108
2024-04-28,0.9108
2024-04-29,0.9108
2024-04-30,0.9174
2024-05-01,0.9195
2024-05-02,0.9119
2024-05-03,0.9047
2024-05-04,0.9052
2024-05-05,0.9052
2024-05-06,0.9052
2024-05-07,0.9072
2024-05-08,0.9076
2024-05-09,0.9072
2024-05-10,0.9063
2024-05-11,0.9075
2024-05-12,0.9075
2024-05-13,0.9075
2024-05-14,0.9067
2024-05-15,0.9041
2024-05-16,0.9044
2024-05-17,0.9079
2024-05-18,0.9097
2024-05-19,0.9097
2024-05-20,0.9097
2024-05-21,0.9108
2024-05-22,0.914
2024-05-23,0.9144
2024-05-24,0.9143
2024-05-25,0.9106
2024-05-26,0.9106
2024-05-27,0.9106
2024-05-28,0.9106
2024-05-29,0.9135
2024-05-30,0.9036
2024-05-31,0.9034
2024-06-01,0.8954
2024-06-02,0.8954
2024-06-03,0.8954
2024-06-04,0.8904
2024-06-05,0.894
2024-06-06,0.8917
2024-06-07,0.896
2024-06-08,0.8968
2024-06-09,0.8968
2024-06-10,0.8968
2024-06-11,0.8987
2024-06-12,0.8918
2024-06-13,0.8935
2024-06-14,0.8907
2024-06-15,0.8914
2024-06-16,0.8914
2024-06-17,0.8914
2024-06-18,0.8842
2024-06-19,0.8912
2024-06-20,0.8912
2024-06-21,0.8938
2024-06-22,0.8939
2024-06-23,0.8939
2024-06-24,0.8939
2024-06-25,0.8944
2024-06-26,0.8973
2024-06-27,0.898
2024-06-28,0.8992
2024-06-29,0.9039
2024-06-30,0.9039
2024-07-01,0.9039
2024-07-02,0.9046
2024-07-03,0.9007
2024-07-04,0.8976
2024-07-05,0.8976
2024-07-06,0.8971
2024-07-07,0.8971
2024-07-08,0.8971
2024-07-09,0.8978
2024-07-10,0.8992
2024-07-11,0.8939
2024-07-12,0.8942
2024-07-13,0.8949
2024-07-14,0.8949
2024-07-15,0.8949
2024-07-16,0.8953
2024-07-17,0.8846
2024-07-18,0.8858
2024-07-19,0.8884
2024-07-20,0.89
2024-07-21,0.89
2024-07-22,0.89
2024-07-23,0.8915
2024-07-24,0.8838
2024-07-25,0.8802
2024-07-26,0.8826
2024-07-27,0.886
2024-07-28,0.886
2024-07-29,0.886
2024-07-30,0.8852
2024-07-31,0.8797
2024-08-01,0.8744
2024-08-02,0.8605
2024-08-03,0.8528
2024-08-04,0.8528
2024-08-05,0.8528
2024-08-06,0.8533
2024-08-07,0.8652
2024-08-08,0.8656
2024-08-09,0.8639
2024-08-10,0.8673
2024-08-11,0.8673
2024-08-12,0.8673
2024-08-13,0.8654
2024-08-14,0.8638
2024-08-15,0.8712
2024-08-16,0.8685
2024-08-17,0.8629
2024-08-18,0.8629
2024-08-19,0.8629
2024-08-20,0.8576
2024-08-21,0.8515
2024-08-22,0.8518
2024-08-23,0.8492
2024-08-24,0.8479
2024-08-25,0.8479
2024-08-26,0.8479
2024-08-27,0.8439
2024-08-28,0.842
2024-08-29,0.8466
2024-08-30,0.8493
2024-08-31,0.8503
2024-09-01,0.8503
2024-09-02,0.8503
2024-09-03,0.8503
2024-09-04,0.8482
2024-09-05,0.8453
2024-09-06,0.8428
2024-09-07,0.848
2024-09-08,0.848
2024-09-09,0.848
2024-09-10,0.8459
2024-09-11,0.8505
2024-09-12,0.8527
2024-09-13,0.8479
2024-09-14,0.8453
2024-09-15,0.8453
2024-09-16,0.8453
2024-09-17,0.847
2024-09-18,0.8459
2024-09-19,0.8478
2024-09-20,0.8496
2024-09-21,0.8475
2024-09-22,0.8475
2024-09-23,0.8475
2024-09-24,0.8459
2024-09-25,0.8495
2024-09-26,0.8463
2024-09-27,0.8424
2024-09-28,0.8444
2024-09-29,0.8444
2024-09-30,0.8444
2024-10-01,0.8458
2024-10-02,0.8495
2024-10-03,0.854
2024-10-04,0.8589
2024-10-05,0.8555
2024-10-06,0.8555
2024-10-07,0.8555
2024-10-08,0.8576
2024-10-09,0.8595
2024-10-10,0.8573
2024-10-11,0.8574
2024-10-12,0.8621
2024-10-13,0.8621
2024-10-14,0.8621
2024-10-15,0.8621
2024-10-16,0.8642
2024-10-17,0.8654
2024-10-18,0.8659
2024-10-19,0.8658
2024-10-20,0.8658
2024-10-21,0.8658
2024-10-22,0.8654
2024-10-23,0.8665
2024-10-24,0.8668
2024-10-25,0.8664
2024-10-26,0.8659
2024-10-27,0.8659
2024-10-28,0.8659
2024-10-29,0.8684
2024-10-30,0.8664
2024-10-31,0.8648
2024-11-01,0.8704
2024-11-02,0.8632
2024-11-03,0.8632
2024-11-04,0.8632
2024-11-05,0.8635
2024-11-06,0.8761
2024-11-07,0.8724
2024-11-08,0.8755
2024-11-09,0.8827
2024-11-10,0.8827
2024-11-11,0.8827
2024-11-12,0.8827
2024-11-13,0.885
2024-11-14,0.8878
2024-11-15,0.8878
2024-11-16,0.885
2024-11-17,0.885
2024-11-18,0.885
2024-11-19,0.8824
2024-11-20,0.8855
2024-11-21,0.8866
2024-11-22,0.8946
2024-11-23,0.8874
2024-11-24,0.8874
2024-11-25,0.8874
2024-11-26,0.8876
2024-11-27,0.8806
2024-11-28,0.8822
2024-11-29,0.8822
2024-11-30,0.8866
2024-12-01,0.8866
2024-12-02,0.8866
2024-12-03,0.8852
2024-12-04,0.8835
2024-12-05,0.8794
2024-12-06,0.8776
2024-12-07,0.8774
2024-12-08,0.8774
2024-12-09,0.8774
2024-12-10,0.8823
2024-12-11,0.883
2024-12-12,0.8879
2024-12-13,0.8929
2024-12-14,0.8934
2024-12-15,0.8934
2024-12-16,0.8934
2024-12-17,0.893
2024-12-18,0.8937
2024-12-19,0.8994
2024-12-20,0.8928
2024-12-21,0.8991
2024-12-22,0.8991
2024-12-23,0.8991
2024-12-24,0.9009
2024-12-25,0.9
2024-12-26,0.9
2024-12-27,0.9018
2024-12-28,0.9066
2024-12-29,0.9066
2024-12-30,0.9066
2024-12-31,0.9068
2025-01-01,0.9124
2025-01-02,0.9124
2025-01-03,0.9096
2025-01-04,0.9043
2025-01-05,0.9043
2025-01-06,0.9043
2025-01-07,0.9076
2025-01-08,0.9107
2025-01-09,0.9124
2025-01-10,0.9172
2025-01-11,0.9192
2025-01-12,0.9192
2025-01-13,0.9192
2025-01-14,0.9139
2025-01-15,0.9129
2025-01-16,0.911
2025-01-17,0.9148
2025-01-18,0.9069
2025-01-19,0.9069
2025-01-20,0.9069
2025-01-21,0.9069
2025-01-22,0.907
2025-01-23,0.9072
2025-01-24,0.9044
2025-01-25,0.9006
2025-01-26,0.9006
2025-01-27,0.9006
2025-01-28,0.9051
2025-01-29,0.9077
2025-01-30,0.9085
2025-01-31,0.9088
2025-02-01,0.9139
2025-02-02,0.9139
2025-02-03,0.9139
2025-02-04,0.9058
2025-02-05,0.9009
2025-02-06,0.9055
2025-02-07,0.9101
2025-02-08,0.911
2025-02-09,0.911
2025-02-10,0.911
2025-02-11,0.9133
2025-02-12,0.913
2025-02-13,0.9048
2025-02-14,0.8983
2025-02-15,0.9023
2025-02-16,0.9023
2025-02-17,0.9023
2025-02-18,0.9023
2025-02-19,0.9054
2025-02-20,0.8993
2025-02-21,0.899
2025-02-22,0.8966
2025-02-23,0.8966
2025-02-24,0.8966
2025-02-25,0.8928
2025-02-26,0.8931
2025-02-27,0.8981
2025-02-28,0.9019
