DATE,DEXSIUS
2014-03-01,1.2709
2014-03-02,1.2709
2014-03-03,1.2709
2014-03-04,1.2689
2014-03-05,1.27
2014-03-06,1.263
2014-03-07,1.2682
2014-03-08,1.2686
2014-03-09,1.2686
2014-03-10,1.2686
2014-03-11,1.2665
2014-03-12,1.2677
2014-03-13,1.2658
2014-03-14,1.2648
2014-03-15,1.2647
2014-03-16,1.2647
2014-03-17,1.2647
2014-03-18,1.2637
2014-03-19,1.2663
2014-03-20,1.2774
2014-03-21,1.2745
2014-03-22,1.2712
2014-03-23,1.2712
2014-03-24,1.2712
2014-03-25,1.2694
2014-03-26,1.2677
2014-03-27,1.2645
2014-03-28,1.2593
2014-03-29,1.2583
2014-03-30,1.2583
2014-03-31,1.2583
2014-04-01,1.2589
2014-04-02,1.2619
2014-04-03,1.2633
2014-04-04,1.2596
2014-04-05,1.2602
2014-04-06,1.2602
2014-04-07,1.2602
2014-04-08,1.2527
2014-04-09,1.2473
2014-04-10,1.2481
2014-04-11,1.2481
2014-04-12,1.2518
2014-04-13,1.2518
2014-04-14,1.2518
2014-04-15,1.2534
2014-04-16,1.2504
2014-04-17,1.2507
2014-04-18,1.2524
2014-04-19,1.2526
2014-04-20,1.2526
2014-04-21,1.2526
2014-04-22,1.2559
2014-04-23,1.257
2014-04-24,1.2583
2014-04-25,1.2563
2014-04-26,1.2566
2014-04-27,1.2566
2014-04-28,1.2566
2014-04-29,1.2551
2014-04-30,1.2553
2014-05-01,1.2525
2014-05-02,1.2539
2014-05-03,1.2499
2014-05-04,1.2499
2014-05-05,1.2499
2014-05-06,1.2472
2014-05-07,1.2485
2014-05-08,1.246
2014-05-09,1.2482
2014-05-10,1.2506
2014-05-11,1.2506
2014-05-12,1.2506
2014-05-13,1.2516
2014-05-14,1.2496
2014-05-15,1.2521
2014-05-16,1.2509
2014-05-17,1.2492
2014-05-18,1.2492
2014-05-19,1.2492
2014-05-20,1.252
2014-05-21,1.2524
2014-05-22,1.2515
2014-05-23,1.2524
2014-05-24,1.2564
2014-05-25,1.2564
2014-05-26,1.2564
2014-05-27,1.2564
2014-05-28,1.2554
2014-05-29,1.2551
2014-05-30,1.2543
2014-05-31,1.2564
2014-06-01,1.2564
2014-06-02,1.2564
2014-06-03,1.2568
2014-06-04,1.2572
2014-06-05,1.2555
2014-06-06,1.2514
2014-06-07,1.2499
2014-06-08,1.2499
2014-06-09,1.2499
2014-06-10,1.2498
2014-06-11,1.2499
2014-06-12,1.248
2014-06-13,1.2507
2014-06-14,1.2504
2014-06-15,1.2504
2014-06-16,1.2504
2014-06-17,1.2537
2014-06-18,1.2518
2014-06-19,1.2497
2014-06-20,1.2501
2014-06-21,1.2486
2014-06-22,1.2486
2014-06-23,1.2486
2014-06-24,1.2492
2014-06-25,1.2496
2014-06-26,1.25
2014-06-27,1.2497
2014-06-28,1.2465
2014-06-29,1.2465
2014-06-30,1.2465
2014-07-01,1.2454
2014-07-02,1.2472
2014-07-03,1.2465
2014-07-04,1.2466
2014-07-05,1.2466
2014-07-06,1.2466
2014-07-07,1.2466
2014-07-08,1.2431
2014-07-09,1.2418
2014-07-10,1.2419
2014-07-11,1.2409
2014-07-12,1.2412
2014-07-13,1.2412
2014-07-14,1.2412
2014-07-15,1.2437
2014-07-16,1.2425
2014-07-17,1.2427
2014-07-18,1.241
2014-07-19,1.2394
2014-07-20,1.2394
2014-07-21,1.2394
2014-07-22,1.2397
2014-07-23,1.2376
2014-07-24,1.2405
2014-07-25,1.2413
2014-07-26,1.2413
2014-07-27,1.2413
2014-07-28,1.2413
2014-07-29,1.2429
2014-07-30,1.2454
2014-07-31,1.2466
2014-08-01,1.2469
2014-08-02,1.2461
2014-08-03,1.2461
2014-08-04,1.2461
2014-08-05,1.2481
2014-08-06,1.249
2014-08-07,1.2508
2014-08-08,1.2514
2014-08-09,1.2499
2014-08-10,1.2499
2014-08-11,1.2499
2014-08-12,1.251
2014-08-13,1.2495
2014-08-14,1.245
2014-08-15,1.2455
2014-08-16,1.2444
2014-08-17,1.2444
2014-08-18,1.2444
2014-08-19,1.2471
2014-08-20,1.2497
2014-08-21,1.2493
2014-08-22,1.2491
2014-08-23,1.2502
2014-08-24,1.2502
2014-08-25,1.2502
2014-08-26,1.2497
2014-08-27,1.247
2014-08-28,1.2488
2014-08-29,1.2485
2014-08-30,1.2538
2014-08-31,1.2538
2014-09-01,1.2538
2014-09-02,1.2538
2014-09-03,1.2522
2014-09-04,1.2555
2014-09-05,1.2533
2014-09-06,1.2564
2014-09-07,1.2564
2014-09-08,1.2564
2014-09-09,1.2627
2014-09-10,1.2626
2014-09-11,1.263
2014-09-12,1.2631
2014-09-13,1.2636
2014-09-14,1.2636
2014-09-15,1.2636
2014-09-16,1.2593
2014-09-17,1.2644
2014-09-18,1.2678
2014-09-19,1.2662
2014-09-20,1.2693
2014-09-21,1.2693
2014-09-22,1.2693
2014-09-23,1.2684
2014-09-24,1.2672
2014-09-25,1.2687
2014-09-26,1.2737
2014-09-27,1.2734
2014-09-28,1.2734
2014-09-29,1.2734
2014-09-30,1.2754
2014-10-01,1.2728
2014-10-02,1.2713
2014-10-03,1.2812
2014-10-04,1.2771
2014-10-05,1.2771
2014-10-06,1.2771
2014-10-07,1.2756
2014-10-08,1.2783
2014-10-09,1.2712
2014-10-10,1.273
2014-10-11,1.275
2014-10-12,1.275
2014-10-13,1.275
2014-10-14,1.275
2014-10-15,1.2726
2014-10-16,1.273
2014-10-17,1.2752
2014-10-18,1.2708
2014-10-19,1.2708
2014-10-20,1.2708
2014-10-21,1.271
2014-10-22,1.2719
2014-10-23,1.2747
2014-10-24,1.2753
2014-10-25,1.2746
2014-10-26,1.2746
2014-10-27,1.2746
2014-10-28,1.2723
2014-10-29,1.2705
2014-10-30,1.2767
2014-10-31,1.2854
2014-11-01,1.2909
2014-11-02,1.2909
2014-11-03,1.2909
2014-11-04,1.289
2014-11-05,1.2933
2014-11-06,1.2945
2014-11-07,1.292
2014-11-08,1.2917
2014-11-09,1.2917
2014-11-10,1.2917
2014-11-11,1.2892
2014-11-12,1.2892
2014-11-13,1.2909
2014-11-14,1.2979
2014-11-15,1.298
2014-11-16,1.298
2014-11-17,1.298
2014-11-18,1.2962
2014-11-19,1.3057
2014-11-20,1.3008
2014-11-21,1.2981
2014-11-22,1.3035
2014-11-23,1.3035
2014-11-24,1.3035
2014-11-25,1.3016
2014-11-26,1.2982
2014-11-27,1.3036
2014-11-28,1.3036
2014-11-29,1.305
2014-11-30,1.305
2014-12-01,1.305
2014-12-02,1.3095
2014-12-03,1.3111
2014-12-04,1.3108
2014-12-05,1.3219
2014-12-06,1.3193
2014-12-07,1.3193
2014-12-08,1.3193
2014-12-09,1.3145
2014-12-10,1.3106
2014-12-11,1.3147
2014-12-12,1.3123
2014-12-13,1.3122
2014-12-14,1.3122
2014-12-15,1.3122
2014-12-16,1.3046
2014-12-17,1.3072
2014-12-18,1.3128
2014-12-19,1.3169
2014-12-20,1.3187
2014-12-21,1.3187
2014-12-22,1.3187
2014-12-23,1.3219
2014-12-24,1.3235
2014-12-25,1.3226
2014-12-26,1.3226
2014-12-27,1.3226
2014-12-28,1.3226
2014-12-29,1.3226
2014-12-30,1.321
2014-12-31,1.3244
2015-01-01,1.3303
2015-01-02,1.3303
2015-01-03,1.3354
2015-01-04,1.3354
2015-01-05,1.3354
2015-01-06,1.3319
2015-01-07,1.3412
2015-01-08,1.336
2015-01-09,1.3337
2015-01-10,1.3341
2015-01-11,1.3341
2015-01-12,1.3341
2015-01-13,1.334
2015-01-14,1.3332
2015-01-15,1.3291
2015-01-16,1.3264
2015-01-17,1.3377
2015-01-18,1.3377
2015-01-19,1.3377
2015-01-20,1.3377
2015-01-21,1.3346
2015-01-22,1.3357
2015-01-23,1.344
2015-01-24,1.3418
2015-01-25,1.3418
2015-01-26,1.3418
2015-01-27,1.3388
2015-01-28,1.3509
2015-01-29,1.3533
2015-01-30,1.3537
2015-01-31,1.3513
2015-02-01,1.3513
2015-02-02,1.3513
2015-02-03,1.3469
2015-02-04,1.3472
2015-02-05,1.3449
2015-02-06,1.3513
2015-02-07,1.354
2015-02-08,1.354
2015-02-09,1.354
2015-02-10,1.3553
2015-02-11,1.3609
2015-02-12,1.3556
2015-02-13,1.3543
2015-02-14,1.356
2015-02-15,1.356
2015-02-16,1.356
2015-02-17,1.356
2015-02-18,1.3603
2015-02-19,1.3576
2015-02-20,1.3591
2015-02-21,1.3583
2015-02-22,1.3583
2015-02-23,1.3583
2015-02-24,1.3591
2015-02-25,1.354
2015-02-26,1.3561
2015-02-27,1.3614
2015-02-28,1.365
2015-03-01,1.365
2015-03-02,1.365
2015-03-03,1.3616
2015-03-04,1.3678
2015-03-05,1.3713
2015-03-06,1.3789
2015-03-07,1.3792
2015-03-08,1.3792
2015-03-09,1.3792
2015-03-10,1.388
2015-03-11,1.3862
2015-03-12,1.3793
2015-03-13,1.391
2015-03-14,1.3892
2015-03-15,1.3892
2015-03-16,1.3892
2015-03-17,1.3894
2015-03-18,1.3895
2015-03-19,1.3896
2015-03-20,1.3823
2015-03-21,1.3669
2015-03-22,1.3669
2015-03-23,1.3669
2015-03-24,1.3678
2015-03-25,1.3678
2015-03-26,1.3678
2015-03-27,1.3682
2015-03-28,1.375
2015-03-29,1.375
2015-03-30,1.375
2015-03-31,1.3721
2015-04-01,1.3634
2015-04-02,1.3575
2015-04-03,1.3492
2015-04-04,1.3507
2015-04-05,1.3507
2015-04-06,1.3507
2015-04-07,1.3593
2015-04-08,1.3546
2015-04-09,1.3583
2015-04-10,1.3668
2015-04-11,1.3731
2015-04-12,1.3731
2015-04-13,1.3731
2015-04-14,1.359
2015-04-15,1.3605
2015-04-16,1.3536
2015-04-17,1.3467
2015-04-18,1.3477
2015-04-19,1.3477
2015-04-20,1.3477
2015-04-21,1.3499
2015-04-22,1.3461
2015-04-23,1.3447
2015-04-24,1.3315
2015-04-25,1.3276
2015-04-26,1.3276
2015-04-27,1.3276
2015-04-28,1.318
2015-04-29,1.3171
2015-04-30,1.3261
2015-05-01,1.3293
2015-05-02,1.3329
2015-05-03,1.3329
2015-05-04,1.3329
2015-05-05,1.3329
2015-05-06,1.3243
2015-05-07,1.3331
2015-05-08,1.329
2015-05-09,1.3361
2015-05-10,1.3361
2015-05-11,1.3361
2015-05-12,1.3336
2015-05-13,1.3239
2015-05-14,1.3199
2015-05-15,1.3195
2015-05-16,1.3258
2015-05-17,1.3258
2015-05-18,1.3258
2015-05-19,1.3348
2015-05-20,1.338
2015-05-21,1.3362
2015-05-22,1.336
2015-05-23,1.3484
2015-05-24,1.3484
2015-05-25,1.3484
2015-05-26,1.3484
2015-05-27,1.3525
2015-05-28,1.3531
2015-05-29,1.3478
2015-05-30,1.3545
2015-05-31,1.3545
2015-06-01,1.3545
2015-06-02,1.3487
2015-06-03,1.3411
2015-06-04,1.3478
2015-06-05,1.3572
2015-06-06,1.357
2015-06-07,1.357
2015-06-08,1.357
2015-06-09,1.3512
2015-06-10,1.3414
2015-06-11,1.3469
2015-06-12,1.343
2015-06-13,1.3462
2015-06-14,1.3462
2015-06-15,1.3462
2015-06-16,1.3436
2015-06-17,1.3478
2015-06-18,1.3316
2015-06-19,1.3359
2015-06-20,1.3346
2015-06-21,1.3346
2015-06-22,1.3346
2015-06-23,1.3404
2015-06-24,1.3453
2015-06-25,1.3433
2015-06-26,1.3486
2015-06-27,1.3471
2015-06-28,1.3471
2015-06-29,1.3471
2015-06-30,1.3469
2015-07-01,1.3517
2015-07-02,1.349
2015-07-03,1.3488
2015-07-04,1.3488
2015-07-05,1.3488
2015-07-06,1.3488
2015-07-07,1.3568
2015-07-08,1.3508
2015-07-09,1.3512
2015-07-10,1.3497
2015-07-11,1.3572
2015-07-12,1.3572
2015-07-13,1.3572
2015-07-14,1.361
2015-07-15,1.3662
2015-07-16,1.3652
2015-07-17,1.3665
2015-07-18,1.3704
2015-07-19,1.3704
2015-07-20,1.3704
2015-07-21,1.3635
2015-07-22,1.3664
2015-07-23,1.3688
2015-07-24,1.3716
2015-07-25,1.3668
2015-07-26,1.3668
2015-07-27,1.3668
2015-07-28,1.3636
2015-07-29,1.3658
2015-07-30,1.3753
2015-07-31,1.3694
2015-08-01,1.3775
2015-08-02,1.3775
2015-08-03,1.3775
2015-08-04,1.3775
2015-08-05,1.3852
2015-08-06,1.3835
2015-08-07,1.3851
2015-08-08,1.383
2015-08-09,1.383
2015-08-10,1.383
2015-08-11,1.4038
2015-08-12,1.403
2015-08-13,1.398
2015-08-14,1.4047
2015-08-15,1.4063
2015-08-16,1.4063
2015-08-17,1.4063
2015-08-18,1.4055
2015-08-19,1.4058
2015-08-20,1.4028
2015-08-21,1.4041
2015-08-22,1.4092
2015-08-23,1.4092
2015-08-24,1.4092
2015-08-25,1.4006
2015-08-26,1.406
2015-08-27,1.3982
2015-08-28,1.409
2015-08-29,1.4118
2015-08-30,1.4118
2015-08-31,1.4118
2015-09-01,1.4125
2015-09-02,1.4165
2015-09-03,1.4169
2015-09-04,1.4221
2015-09-05,1.4184
2015-09-06,1.4184
2015-09-07,1.4184
2015-09-08,1.4184
2015-09-09,1.4149
2015-09-10,1.4132
2015-09-11,1.4144
2015-09-12,1.4062
2015-09-13,1.4062
2015-09-14,1.4062
2015-09-15,1.4028
2015-09-16,1.397
2015-09-17,1.398
2015-09-18,1.396
2015-09-19,1.4096
2015-09-20,1.4096
2015-09-21,1.4096
2015-09-22,1.4177
2015-09-23,1.4276
2015-09-24,1.4249
2015-09-25,1.4234
2015-09-26,1.4278
2015-09-27,1.4278
2015-09-28,1.4278
2015-09-29,1.4273
2015-09-30,1.4234
2015-10-01,1.4289
2015-10-02,1.4337
2015-10-03,1.4194
2015-10-04,1.4194
2015-10-05,1.4194
2015-10-06,1.4213
2015-10-07,1.4094
2015-10-08,1.4093
2015-10-09,1.3943
2015-10-10,1.4009
2015-10-11,1.4009
2015-10-12,1.4009
2015-10-13,1.4009
2015-10-14,1.3837
2015-10-15,1.3783
2015-10-16,1.3842
2015-10-17,1.387
2015-10-18,1.387
2015-10-19,1.387
2015-10-20,1.3901
2015-10-21,1.3939
2015-10-22,1.3943
2015-10-23,1.397
2015-10-24,1.3914
2015-10-25,1.3914
2015-10-26,1.3914
2015-10-27,1.395
2015-10-28,1.3927
2015-10-29,1.4043
2015-10-30,1.4005
2015-10-31,1.4009
2015-11-01,1.4009
2015-11-02,1.4009
2015-11-03,1.3993
2015-11-04,1.4033
2015-11-05,1.407
2015-11-06,1.42
2015-11-07,1.4218
2015-11-08,1.4218
2015-11-09,1.4218
2015-11-10,1.4222
2015-11-11,1.4191
2015-11-12,1.4191
2015-11-13,1.424
2015-11-14,1.4224
2015-11-15,1.4224
2015-11-16,1.4224
2015-11-17,1.4231
2015-11-18,1.424
2015-11-19,1.4129
2015-11-20,1.413
2015-11-21,1.4186
2015-11-22,1.4186
2015-11-23,1.4186
2015-11-24,1.4116
2015-11-25,1.4047
2015-11-26,1.4135
2015-11-27,1.4135
2015-11-28,1.4095
2015-11-29,1.4095
2015-11-30,1.4095
2015-12-01,1.4071
2015-12-02,1.4122
2015-12-03,1.3982
2015-12-04,1.3957
2015-12-05,1.4046
2015-12-06,1.4046
2015-12-07,1.4046
2015-12-08,1.4087
2015-12-09,1.4048
2015-12-10,1.4011
2015-12-11,1.412
2015-12-12,1.4074
2015-12-13,1.4074
2015-12-14,1.4074
2015-12-15,1.4088
2015-12-16,1.4091
2015-12-17,1.4217
2015-12-18,1.4115
2015-12-19,1.4076
2015-12-20,1.4076
2015-12-21,1.4076
2015-12-22,1.4037
2015-12-23,1.4065
2015-12-24,1.4047
2015-12-25,1.4079
2015-12-26,1.4079
2015-12-27,1.4079
2015-12-28,1.4079
2015-12-29,1.4124
2015-12-30,1.4152
2015-12-31,1.4166
2016-01-01,1.4264
2016-01-02,1.4264
2016-01-03,1.4264
2016-01-04,1.4264
2016-01-05,1.4279
2016-01-06,1.4356
2016-01-07,1.4306
2016-01-08,1.4414
2016-01-09,1.4352
2016-01-10,1.4352
2016-01-11,1.4352
2016-01-12,1.4381
2016-01-13,1.4338
2016-01-14,1.4372
2016-01-15,1.4403
2016-01-16,1.4359
2016-01-17,1.4359
2016-01-18,1.4359
2016-01-19,1.4359
2016-01-20,1.4389
2016-01-21,1.4347
2016-01-22,1.4277
2016-01-23,1.4279
2016-01-24,1.4279
2016-01-25,1.4279
2016-01-26,1.4259
2016-01-27,1.4283
2016-01-28,1.427
2016-01-29,1.4241
2016-01-30,1.4239
2016-01-31,1.4239
2016-02-01,1.4239
2016-02-02,1.4269
2016-02-03,1.4225
2016-02-04,1.3953
2016-02-05,1.4065
2016-02-06,1.4027
2016-02-07,1.4027
2016-02-08,1.4027
2016-02-09,1.397
2016-02-10,1.3943
2016-02-11,1.3881
2016-02-12,1.3961
2016-02-13,1.4054
2016-02-14,1.4054
2016-02-15,1.4054
2016-02-16,1.4054
2016-02-17,1.4053
2016-02-18,1.4043
2016-02-19,1.4056
2016-02-20,1.3995
2016-02-21,1.3995
2016-02-22,1.3995
2016-02-23,1.4083
2016-02-24,1.4062
2016-02-25,1.4026
2016-02-26,1.4075
2016-02-27,1.4055
2016-02-28,1.4055
2016-02-29,1.4055
2016-03-01,1.4012
2016-03-02,1.3998
2016-03-03,1.3895
2016-03-04,1.3747
2016-03-05,1.3787
2016-03-06,1.3787
2016-03-07,1.3787
2016-03-08,1.3833
2016-03-09,1.3787
2016-03-10,1.3816
2016-03-11,1.3713
2016-03-12,1.3761
2016-03-13,1.3761
2016-03-14,1.3761
2016-03-15,1.3808
2016-03-16,1.3833
2016-03-17,1.3507
2016-03-18,1.3569
2016-03-19,1.3582
2016-03-20,1.3582
2016-03-21,1.3582
2016-03-22,1.3613
2016-03-23,1.3659
2016-03-24,1.3707
2016-03-25,1.3708
2016-03-26,1.3697
2016-03-27,1.3697
2016-03-28,1.3697
2016-03-29,1.3635
2016-03-30,1.3515
2016-03-31,1.3462
2016-04-01,1.3482
2016-04-02,1.3515
2016-04-03,1.3515
2016-04-04,1.3515
2016-04-05,1.3568
2016-04-06,1.3464
2016-04-07,1.3517
2016-04-08,1.3475
2016-04-09,1.3445
2016-04-10,1.3445
2016-04-11,1.3445
2016-04-12,1.3448
2016-04-13,1.3519
2016-04-14,1.3629
2016-04-15,1.3562
2016-04-16,1.3525
2016-04-17,1.3525
2016-04-18,1.3525
2016-04-19,1.3366
2016-04-20,1.3426
2016-04-21,1.3488
2016-04-22,1.3532
2016-04-23,1.3517
2016-04-24,1.3517
2016-04-25,1.3517
2016-04-26,1.3516
2016-04-27,1.3505
2016-04-28,1.3469
2016-04-29,1.3454
2016-04-30,1.3421
2016-05-01,1.3421
2016-05-02,1.3421
2016-05-03,1.3516
2016-05-04,1.3585
2016-05-05,1.3588
2016-05-06,1.359
2016-05-07,1.3688
2016-05-08,1.3688
2016-05-09,1.3688
2016-05-10,1.3693
2016-05-11,1.3654
2016-05-12,1.3725
2016-05-13,1.372
2016-05-14,1.3686
2016-05-15,1.3686
2016-05-16,1.3686
2016-05-17,1.3678
2016-05-18,1.3763
2016-05-19,1.3806
2016-05-20,1.3824
2016-05-21,1.3795
2016-05-22,1.3795
2016-05-23,1.3795
2016-05-24,1.3816
2016-05-25,1.3793
2016-05-26,1.3736
2016-05-27,1.3748
2016-05-28,1.3778
2016-05-29,1.3778
2016-05-30,1.3778
2016-05-31,1.3778
2016-06-01,1.378
2016-06-02,1.3747
2016-06-03,1.3591
2016-06-04,1.3577
2016-06-05,1.3577
2016-06-06,1.3577
2016-06-07,1.3524
2016-06-08,1.3465
2016-06-09,1.3524
2016-06-10,1.357
2016-06-11,1.3549
2016-06-12,1.3549
2016-06-13,1.3549
2016-06-14,1.355
2016-06-15,1.3548
2016-06-16,1.3534
2016-06-17,1.3504
2016-06-18,1.3432
2016-06-19,1.3432
2016-06-20,1.3432
2016-06-21,1.3419
2016-06-22,1.3395
2016-06-23,1.3391
2016-06-24,1.3487
2016-06-25,1.3624
2016-06-26,1.3624
2016-06-27,1.3624
2016-06-28,1.3558
2016-06-29,1.3472
2016-06-30,1.3489
2016-07-01,1.3452
2016-07-02,1.3508
2016-07-03,1.3508
2016-07-04,1.3508
2016-07-05,1.3508
2016-07-06,1.3511
2016-07-07,1.349
2016-07-08,1.3458
2016-07-09,1.351
2016-07-10,1.351
2016-07-11,1.351
2016-07-12,1.3476
2016-07-13,1.3463
2016-07-14,1.3423
2016-07-15,1.3479
2016-07-16,1.3481
2016-07-17,1.3481
2016-07-18,1.3481
2016-07-19,1.3533
2016-07-20,1.3577
2016-07-21,1.356
2016-07-22,1.3586
2016-07-23,1.3623
2016-07-24,1.3623
2016-07-25,1.3623
2016-07-26,1.3592
2016-07-27,1.3584
2016-07-28,1.3525
2016-07-29,1.3431
2016-07-30,1.3397
2016-07-31,1.3397
2016-08-01,1.3397
2016-08-02,1.3384
2016-08-03,1.3424
2016-08-04,1.3417
2016-08-05,1.3469
2016-08-06,1.3481
2016-08-07,1.3481
2016-08-08,1.3481
2016-08-09,1.3436
2016-08-10,1.34
2016-08-11,1.3429
2016-08-12,1.3456
2016-08-13,1.3426
2016-08-14,1.3426
2016-08-15,1.3426
2016-08-16,1.339
2016-08-17,1.3456
2016-08-18,1.3398
2016-08-19,1.3469
2016-08-20,1.3506
2016-08-21,1.3506
2016-08-22,1.3506
2016-08-23,1.3511
2016-08-24,1.3552
2016-08-25,1.3538
2016-08-26,1.3548
2016-08-27,1.3602
2016-08-28,1.3602
2016-08-29,1.3602
2016-08-30,1.3638
2016-08-31,1.363
2016-09-01,1.3593
2016-09-02,1.3594
2016-09-03,1.3476
2016-09-04,1.3476
2016-09-05,1.3476
2016-09-06,1.3476
2016-09-07,1.3465
2016-09-08,1.3492
2016-09-09,1.3592
2016-09-10,1.3591
2016-09-11,1.3591
2016-09-12,1.3591
2016-09-13,1.366
2016-09-14,1.3629
2016-09-15,1.3627
2016-09-16,1.3681
2016-09-17,1.3605
2016-09-18,1.3605
2016-09-19,1.3605
2016-09-20,1.3621
2016-09-21,1.3577
2016-09-22,1.3558
2016-09-23,1.3592
2016-09-24,1.3593
2016-09-25,1.3593
2016-09-26,1.3593
2016-09-27,1.3609
2016-09-28,1.3617
2016-09-29,1.3621
2016-09-30,1.3628
2016-10-01,1.3658
2016-10-02,1.3658
2016-10-03,1.3658
2016-10-04,1.3701
2016-10-05,1.3701
2016-10-06,1.3726
2016-10-07,1.3755
2016-10-08,1.3784
2016-10-09,1.3784
2016-10-10,1.3784
2016-10-11,1.3784
2016-10-12,1.3853
2016-10-13,1.3838
2016-10-14,1.3901
2016-10-15,1.3891
2016-10-16,1.3891
2016-10-17,1.3891
2016-10-18,1.3848
2016-10-19,1.3865
2016-10-20,1.3912
2016-10-21,1.3954
2016-10-22,1.3939
2016-10-23,1.3939
2016-10-24,1.3939
2016-10-25,1.3906
2016-10-26,1.3898
2016-10-27,1.3953
2016-10-28,1.3938
2016-10-29,1.3917
2016-10-30,1.3917
2016-10-31,1.3917
2016-11-01,1.3887
2016-11-02,1.3826
2016-11-03,1.3843
2016-11-04,1.3832
2016-11-05,1.3902
2016-11-06,1.3902
2016-11-07,1.3902
2016-11-08,1.389
2016-11-09,1.3953
2016-11-10,1.4089
2016-11-11,1.4175
2016-11-12,1.4175
2016-11-13,1.4175
2016-11-14,1.4175
2016-11-15,1.4154
2016-11-16,1.4148
2016-11-17,1.4177
2016-11-18,1.4255
2016-11-19,1.426
2016-11-20,1.426
2016-11-21,1.426
2016-11-22,1.4246
2016-11-23,1.4325
2016-11-24,1.4287
2016-11-25,1.4287
2016-11-26,1.426
2016-11-27,1.426
2016-11-28,1.426
2016-11-29,1.4263
2016-11-30,1.4336
2016-12-01,1.427
2016-12-02,1.4207
2016-12-03,1.4232
2016-12-04,1.4232
2016-12-05,1.4232
2016-12-06,1.4195
2016-12-07,1.4182
2016-12-08,1.424
2016-12-09,1.4312
2016-12-10,1.4258
2016-12-11,1.4258
2016-12-12,1.4258
2016-12-13,1.4236
2016-12-14,1.4227
2016-12-15,1.4478
2016-12-16,1.445
2016-12-17,1.4458
2016-12-18,1.4458
2016-12-19,1.4458
2016-12-20,1.4443
2016-12-21,1.4434
2016-12-22,1.4476
2016-12-23,1.4469
2016-12-24,1.449
2016-12-25,1.449
2016-12-26,1.449
2016-12-27,1.449
2016-12-28,1.4522
2016-12-29,1.4482
2016-12-30,1.4465
2016-12-31,1.4498
2017-01-01,1.4498
2017-01-02,1.4498
2017-01-03,1.4498
2017-01-04,1.4409
2017-01-05,1.4292
2017-01-06,1.4372
2017-01-07,1.4345
2017-01-08,1.4345
2017-01-09,1.4345
2017-01-10,1.4348
2017-01-11,1.4364
2017-01-12,1.4221
2017-01-13,1.4313
2017-01-14,1.4171
2017-01-15,1.4171
2017-01-16,1.4171
2017-01-17,1.4171
2017-01-18,1.4235
2017-01-19,1.4289
2017-01-20,1.4186
2017-01-21,1.4186
2017-01-22,1.4186
2017-01-23,1.4186
2017-01-24,1.4178
2017-01-25,1.4168
2017-01-26,1.425
2017-01-27,1.4281
2017-01-28,1.422
2017-01-29,1.422
2017-01-30,1.422
2017-01-31,1.4095
2017-02-01,1.4151
2017-02-02,1.4086
2017-02-03,1.407
2017-02-04,1.4113
2017-02-05,1.4113
2017-02-06,1.4113
2017-02-07,1.4163
2017-02-08,1.4149
2017-02-09,1.4195
2017-02-10,1.4194
2017-02-11,1.4235
2017-02-12,1.4235
2017-02-13,1.4235
2017-02-14,1.4204
2017-02-15,1.4202
2017-02-16,1.4186
2017-02-17,1.4197
2017-02-18,1.4204
2017-02-19,1.4204
2017-02-20,1.4204
2017-02-21,1.4204
2017-02-22,1.4157
2017-02-23,1.4058
2017-02-24,1.4039
2017-02-25,1.4004
2017-02-26,1.4004
2017-02-27,1.4004
2017-02-28,1.399
2017-03-01,1.4088
2017-03-02,1.4114
2017-03-03,1.4155
2017-03-04,1.4119
2017-03-05,1.4119
2017-03-06,1.4119
2017-03-07,1.4106
2017-03-08,1.4175
2017-03-09,1.4192
2017-03-10,1.4136
2017-03-11,1.413
2017-03-12,1.413
2017-03-13,1.413
2017-03-14,1.414
2017-03-15,1.4121
2017-03-16,1.4012
2017-03-17,1.402
2017-03-18,1.3957
2017-03-19,1.3957
2017-03-20,1.3957
2017-03-21,1.3982
2017-03-22,1.3983
2017-03-23,1.3989
2017-03-24,1.3991
2017-03-25,1.3926
2017-03-26,1.3926
2017-03-27,1.3926
2017-03-28,1.3932
2017-03-29,1.3955
2017-03-30,1.3942
2017-03-31,1.3967
2017-04-01,1.3975
2017-04-02,1.3975
2017-04-03,1.3975
2017-04-04,1.3985
2017-04-05,1.4009
2017-04-06,1.4023
2017-04-07,1.4021
2017-04-08,1.4045
2017-04-09,1.4045
2017-04-10,1.4045
2017-04-11,1.4029
2017-04-12,1.3999
2017-04-13,1.3975
2017-04-14,1.3969
2017-04-15,1.3954
2017-04-16,1.3954
2017-04-17,1.3954
2017-04-18,1.3967
2017-04-19,1.3987
2017-04-20,1.3965
2017-04-21,1.3968
2017-04-22,1.3933
2017-04-23,1.3933
2017-04-24,1.3933
2017-04-25,1.3927
2017-04-26,1.3977
2017-04-27,1.3975
2017-04-28,1.397
2017-04-29,1.3958
2017-04-30,1.3958
2017-05-01,1.3958
2017-05-02,1.3951
2017-05-03,1.3951
2017-05-04,1.4008
2017-05-05,1.4041
2017-05-06,1.4049
2017-05-07,1.4049
2017-05-08,1.4049
2017-05-09,1.4112
2017-05-10,1.4099
2017-05-11,1.4084
2017-05-12,1.4044
2017-05-13,1.398
2017-05-14,1.398
2017-05-15,1.398
2017-05-16,1.3958
2017-05-17,1.3914
2017-05-18,1.3918
2017-05-19,1.3867
2017-05-20,1.3864
2017-05-21,1.3864
2017-05-22,1.3864
2017-05-23,1.3898
2017-05-24,1.3895
2017-05-25,1.3844
2017-05-26,1.3816
2017-05-27,1.384
2017-05-28,1.384
2017-05-29,1.384
2017-05-30,1.384
2017-05-31,1.3833
2017-06-01,1.3859
2017-06-02,1.3813
2017-06-03,1.3818
2017-06-04,1.3818
2017-06-05,1.3818
2017-06-06,1.3792
2017-06-07,1.3816
2017-06-08,1.3813
2017-06-09,1.3837
2017-06-10,1.3842
2017-06-11,1.3842
2017-06-12,1.3842
2017-06-13,1.3818
2017-06-14,1.3718
2017-06-15,1.3828
2017-06-16,1.383
2017-06-17,1.3858
2017-06-18,1.3858
2017-06-19,1.3858
2017-06-20,1.3902
2017-06-21,1.3912
2017-06-22,1.3909
2017-06-23,1.386
2017-06-24,1.3875
2017-06-25,1.3875
2017-06-26,1.3875
2017-06-27,1.3867
2017-06-28,1.3818
2017-06-29,1.3799
2017-06-30,1.3765
2017-07-01,1.3825
2017-07-02,1.3825
2017-07-03,1.3825
2017-07-04,1.3821
2017-07-05,1.3821
2017-07-06,1.3826
2017-07-07,1.3823
2017-07-08,1.385
2017-07-09,1.385
2017-07-10,1.385
2017-07-11,1.3845
2017-07-12,1.3781
2017-07-13,1.3768
2017-07-14,1.3717
2017-07-15,1.3693
2017-07-16,1.3693
2017-07-17,1.3693
2017-07-18,1.3659
2017-07-19,1.3684
2017-07-20,1.3662
2017-07-21,1.3628
2017-07-22,1.3616
2017-07-23,1.3616
2017-07-24,1.3616
2017-07-25,1.3611
2017-07-26,1.3612
2017-07-27,1.3598
2017-07-28,1.3571
2017-07-29,1.3559
2017-07-30,1.3559
2017-07-31,1.3559
2017-08-01,1.3579
2017-08-02,1.3585
2017-08-03,1.3588
2017-08-04,1.3604
2017-08-05,1.3634
2017-08-06,1.3634
2017-08-07,1.3634
2017-08-08,1.3638
2017-08-09,1.3643
2017-08-10,1.3634
2017-08-11,1.3615
2017-08-12,1.3619
2017-08-13,1.3619
2017-08-14,1.3619
2017-08-15,1.3671
2017-08-16,1.3676
2017-08-17,1.3647
2017-08-18,1.3634
2017-08-19,1.3611
2017-08-20,1.3611
2017-08-21,1.3611
2017-08-22,1.3616
2017-08-23,1.3619
2017-08-24,1.3613
2017-08-25,1.3558
2017-08-26,1.3546
2017-08-27,1.3546
2017-08-28,1.3546
2017-08-29,1.352
2017-08-30,1.3562
2017-08-31,1.3565
2017-09-01,1.3565
2017-09-02,1.3524
2017-09-03,1.3524
2017-09-04,1.3524
2017-09-05,1.3524
2017-09-06,1.3492
2017-09-07,1.3403
2017-09-08,1.3391
2017-09-09,1.3455
2017-09-10,1.3455
2017-09-11,1.3455
2017-09-12,1.3468
2017-09-13,1.3494
2017-09-14,1.3495
2017-09-15,1.3453
2017-09-16,1.3481
2017-09-17,1.3481
2017-09-18,1.3481
2017-09-19,1.347
2017-09-20,1.3437
2017-09-21,1.3493
2017-09-22,1.3435
2017-09-23,1.3513
2017-09-24,1.3513
2017-09-25,1.3513
2017-09-26,1.3559
2017-09-27,1.3588
2017-09-28,1.3587
2017-09-29,1.3573
2017-09-30,1.361
2017-10-01,1.361
2017-10-02,1.361
2017-10-03,1.3614
2017-10-04,1.3618
2017-10-05,1.3635
2017-10-06,1.3651
2017-10-07,1.3555
2017-10-08,1.3555
2017-10-09,1.3555
2017-10-10,1.3555
2017-10-11,1.3553
2017-10-12,1.3531
2017-10-13,1.3505
2017-10-14,1.3515
2017-10-15,1.3515
2017-10-16,1.3515
2017-10-17,1.3566
2017-10-18,1.3578
2017-10-19,1.3562
2017-10-20,1.3613
2017-10-21,1.3619
2017-10-22,1.3619
2017-10-23,1.3619
2017-10-24,1.3622
2017-10-25,1.3614
2017-10-26,1.3635
2017-10-27,1.3672
2017-10-28,1.361
2017-10-29,1.361
2017-10-30,1.361
2017-10-31,1.3622
2017-11-01,1.3608
2017-11-02,1.3591
2017-11-03,1.3636
2017-11-04,1.3627
2017-11-05,1.3627
2017-11-06,1.3627
2017-11-07,1.3646
2017-11-08,1.3615
2017-11-09,1.3592
2017-11-10,1.3623
2017-11-11,1.3623
2017-11-12,1.3623
2017-11-13,1.3623
2017-11-14,1.3597
2017-11-15,1.3576
2017-11-16,1.3558
2017-11-17,1.3539
2017-11-18,1.3572
2017-11-19,1.3572
2017-11-20,1.3572
2017-11-21,1.3538
2017-11-22,1.349
2017-11-23,1.345
2017-11-24,1.345
2017-11-25,1.3461
2017-11-26,1.3461
2017-11-27,1.3461
2017-11-28,1.3447
2017-11-29,1.3466
2017-11-30,1.3482
2017-12-01,1.345
2017-12-02,1.3487
2017-12-03,1.3487
2017-12-04,1.3487
2017-12-05,1.3477
2017-12-06,1.3493
2017-12-07,1.3498
2017-12-08,1.3529
2017-12-09,1.3505
2017-12-10,1.3505
2017-12-11,1.3505
2017-12-12,1.3534
2017-12-13,1.3502
2017-12-14,1.3466
2017-12-15,1.348
2017-12-16,1.3466
2017-12-17,1.3466
2017-12-18,1.3466
2017-12-19,1.3476
2017-12-20,1.3436
2017-12-21,1.3436
2017-12-22,1.3441
2017-12-23,1.3433
2017-12-24,1.3433
2017-12-25,1.3433
2017-12-26,1.3433
2017-12-27,1.3393
2017-12-28,1.3374
2017-12-29,1.3363
2017-12-30,1.3291
2017-12-31,1.3291
2018-01-01,1.3291
2018-01-02,1.3291
2018-01-03,1.3283
2018-01-04,1.3281
2018-01-05,1.3268
2018-01-06,1.3323
2018-01-07,1.3323
2018-01-08,1.3323
2018-01-09,1.3355
2018-01-10,1.3341
2018-01-11,1.3295
2018-01-12,1.3275
2018-01-13,1.3227
2018-01-14,1.3227
2018-01-15,1.3227
2018-01-16,1.3227
2018-01-17,1.3226
2018-01-18,1.3213
2018-01-19,1.3204
2018-01-20,1.3203
2018-01-21,1.3203
2018-01-22,1.3203
2018-01-23,1.3181
2018-01-24,1.3083
2018-01-25,1.3037
2018-01-26,1.307
2018-01-27,1.312
2018-01-28,1.312
2018-01-29,1.312
2018-01-30,1.3117
2018-01-31,1.3103
2018-02-01,1.3097
2018-02-02,1.3192
2018-02-03,1.3188
2018-02-04,1.3188
2018-02-05,1.3188
2018-02-06,1.3207
2018-02-07,1.3234
2018-02-08,1.331
2018-02-09,1.3302
2018-02-10,1.3246
2018-02-11,1.3246
2018-02-12,1.3246
2018-02-13,1.3222
2018-02-14,1.3177
2018-02-15,1.3112
2018-02-16,1.3105
2018-02-17,1.3183
2018-02-18,1.3183
2018-02-19,1.3183
2018-02-20,1.3183
2018-02-21,1.3206
2018-02-22,1.3189
2018-02-23,1.3207
2018-02-24,1.3173
2018-02-25,1.3173
2018-02-26,1.3173
2018-02-27,1.3222
2018-02-28,1.3231
2018-03-01,1.3245
2018-03-02,1.3203
2018-03-03,1.3186
2018-03-04,1.3186
2018-03-05,1.3186
2018-03-06,1.3156
2018-03-07,1.3161
2018-03-08,1.3174
2018-03-09,1.315
2018-03-10,1.3133
2018-03-11,1.3133
2018-03-12,1.3133
2018-03-13,1.3105
2018-03-14,1.3088
2018-03-15,1.3118
2018-03-16,1.3173
2018-03-17,1.3173
2018-03-18,1.3173
2018-03-19,1.3173
2018-03-20,1.3181
2018-03-21,1.3172
2018-03-22,1.3165
2018-03-23,1.3135
2018-03-24,1.3101
2018-03-25,1.3101
2018-03-26,1.3101
2018-03-27,1.308
2018-03-28,1.3094
2018-03-29,1.3109
2018-03-30,1.3105
2018-03-31,1.3124
2018-04-01,1.3124
2018-04-02,1.3124
2018-04-03,1.3115
2018-04-04,1.3126
2018-04-05,1.3168
2018-04-06,1.3171
2018-04-07,1.3112
2018-04-08,1.3112
2018-04-09,1.3112
2018-04-10,1.3095
2018-04-11,1.3082
2018-04-12,1.3126
2018-04-13,1.312
2018-04-14,1.3116
2018-04-15,1.3116
2018-04-16,1.3116
2018-04-17,1.3108
2018-04-18,1.31
2018-04-19,1.3103
2018-04-20,1.3155
2018-04-21,1.3245
2018-04-22,1.3245
2018-04-23,1.3245
2018-04-24,1.3229
2018-04-25,1.329
2018-04-26,1.3272
2018-04-27,1.3244
2018-04-28,1.3249
2018-04-29,1.3249
2018-04-30,1.3249
2018-05-01,1.3327
2018-05-02,1.3353
2018-05-03,1.3329
2018-05-04,1.3335
2018-05-05,1.3351
2018-05-06,1.3351
2018-05-07,1.3351
2018-05-08,1.3405
2018-05-09,1.344
2018-05-10,1.3394
2018-05-11,1.3354
2018-05-12,1.3326
2018-05-13,1.3326
2018-05-14,1.3326
2018-05-15,1.343
2018-05-16,1.3411
2018-05-17,1.3423
2018-05-18,1.3429
2018-05-19,1.3426
2018-05-20,1.3426
2018-05-21,1.3426
2018-05-22,1.3378
2018-05-23,1.3451
2018-05-24,1.3399
2018-05-25,1.3409
2018-05-26,1.3468
2018-05-27,1.3468
2018-05-28,1.3468
2018-05-29,1.3468
2018-05-30,1.3387
2018-05-31,1.3389
2018-06-01,1.3379
2018-06-02,1.3364
2018-06-03,1.3364
2018-06-04,1.3364
2018-06-05,1.3358
2018-06-06,1.332
2018-06-07,1.3329
2018-06-08,1.3353
2018-06-09,1.3344
2018-06-10,1.3344
2018-06-11,1.3344
2018-06-12,1.3344
2018-06-13,1.3348
2018-06-14,1.3406
2018-06-15,1.3496
2018-06-16,1.3522
2018-06-17,1.3522
2018-06-18,1.3522
2018-06-19,1.3571
2018-06-20,1.3573
2018-06-21,1.3578
2018-06-22,1.3592
2018-06-23,1.3631
2018-06-24,1.3631
2018-06-25,1.3631
2018-06-26,1.3622
2018-06-27,1.3647
2018-06-28,1.3673
2018-06-29,1.3626
2018-06-30,1.3706
2018-07-01,1.3706
2018-07-02,1.3706
2018-07-03,1.3657
2018-07-04,1.3646
2018-07-05,1.3646
2018-07-06,1.3585
2018-07-07,1.3566
2018-07-08,1.3566
2018-07-09,1.3566
2018-07-10,1.3555
2018-07-11,1.3605
2018-07-12,1.3617
2018-07-13,1.3666
2018-07-14,1.3619
2018-07-15,1.3619
2018-07-16,1.3619
2018-07-17,1.3637
2018-07-18,1.3655
2018-07-19,1.3728
2018-07-20,1.3632
2018-07-21,1.3653
2018-07-22,1.3653
2018-07-23,1.3653
2018-07-24,1.3641
2018-07-25,1.362
2018-07-26,1.3632
2018-07-27,1.361
2018-07-28,1.3605
2018-07-29,1.3605
2018-07-30,1.3605
2018-07-31,1.3604
2018-08-01,1.3619
2018-08-02,1.3666
2018-08-03,1.3646
2018-08-04,1.3676
2018-08-05,1.3676
2018-08-06,1.3676
2018-08-07,1.3636
2018-08-08,1.3638
2018-08-09,1.3648
2018-08-10,1.3721
2018-08-11,1.3768
2018-08-12,1.3768
2018-08-13,1.3768
2018-08-14,1.3764
2018-08-15,1.3804
2018-08-16,1.3743
2018-08-17,1.3726
2018-08-18,1.3711
2018-08-19,1.3711
2018-08-20,1.3711
2018-08-21,1.3675
2018-08-22,1.3666
2018-08-23,1.3723
2018-08-24,1.3651
2018-08-25,1.3627
2018-08-26,1.3627
2018-08-27,1.3627
2018-08-28,1.3621
2018-08-29,1.3658
2018-08-30,1.3684
2018-08-31,1.3722
2018-09-01,1.3761
2018-09-02,1.3761
2018-09-03,1.3761
2018-09-04,1.3761
2018-09-05,1.3763
2018-09-06,1.3752
2018-09-07,1.3781
2018-09-08,1.3785
2018-09-09,1.3785
2018-09-10,1.3785
2018-09-11,1.3774
2018-09-12,1.3733
2018-09-13,1.3713
2018-09-14,1.3723
2018-09-15,1.3711
2018-09-16,1.3711
2018-09-17,1.3711
2018-09-18,1.3703
2018-09-19,1.3691
2018-09-20,1.367
2018-09-21,1.365
2018-09-22,1.3645
2018-09-23,1.3645
2018-09-24,1.3645
2018-09-25,1.3656
2018-09-26,1.3648
2018-09-27,1.3664
2018-09-28,1.3667
2018-09-29,1.3716
2018-09-30,1.3716
2018-10-01,1.3716
2018-10-02,1.3729
2018-10-03,1.3773
2018-10-04,1.3806
2018-10-05,1.3832
2018-10-06,1.3834
2018-10-07,1.3834
2018-10-08,1.3834
2018-10-09,1.3834
2018-10-10,1.3813
2018-10-11,1.3784
2018-10-12,1.378
2018-10-13,1.3752
2018-10-14,1.3752
2018-10-15,1.3752
2018-10-16,1.3733
2018-10-17,1.3748
2018-10-18,1.3797
2018-10-19,1.3768
2018-10-20,1.3804
2018-10-21,1.3804
2018-10-22,1.3804
2018-10-23,1.3786
2018-10-24,1.3804
2018-10-25,1.3802
2018-10-26,1.3803
2018-10-27,1.3826
2018-10-28,1.3826
2018-10-29,1.3826
2018-10-30,1.3841
2018-10-31,1.3845
2018-11-01,1.3765
2018-11-02,1.3741
2018-11-03,1.3755
2018-11-04,1.3755
2018-11-05,1.3755
2018-11-06,1.3742
2018-11-07,1.3698
2018-11-08,1.3724
2018-11-09,1.3792
2018-11-10,1.38
2018-11-11,1.38
2018-11-12,1.38
2018-11-13,1.38
2018-11-14,1.3789
2018-11-15,1.3761
2018-11-16,1.3723
2018-11-17,1.3714
2018-11-18,1.3714
2018-11-19,1.3714
2018-11-20,1.3734
2018-11-21,1.3727
2018-11-22,1.3752
2018-11-23,1.3752
2018-11-24,1.3748
2018-11-25,1.3748
2018-11-26,1.3748
2018-11-27,1.3788
2018-11-28,1.3773
2018-11-29,1.3712
2018-11-30,1.3716
2018-12-01,1.3666
2018-12-02,1.3666
2018-12-03,1.3666
2018-12-04,1.3637
2018-12-05,1.3703
2018-12-06,1.3703
2018-12-07,1.3701
2018-12-08,1.3738
2018-12-09,1.3738
2018-12-10,1.3738
2018-12-11,1.3745
2018-12-12,1.3718
2018-12-13,1.3713
2018-12-14,1.3767
2018-12-15,1.3738
2018-12-16,1.3738
2018-12-17,1.3738
2018-12-18,1.3716
2018-12-19,1.3688
2018-12-20,1.3702
2018-12-21,1.3734
2018-12-22,1.3707
2018-12-23,1.3707
2018-12-24,1.3707
2018-12-25,1.3707
2018-12-26,1.3707
2018-12-27,1.3713
2018-12-28,1.3668
2018-12-29,1.3623
2018-12-30,1.3623
2018-12-31,1.3623
2019-01-01,1.3652
2019-01-02,1.3652
2019-01-03,1.3637
2019-01-04,1.3594
2019-01-05,1.3558
2019-01-06,1.3558
2019-01-07,1.3558
2019-01-08,1.3579
2019-01-09,1.3538
2019-01-10,1.3516
2019-01-11,1.3524
2019-01-12,1.3564
2019-01-13,1.3564
2019-01-14,1.3564
2019-01-15,1.3564
2019-01-16,1.3541
2019-01-17,1.3564
2019-01-18,1.3582
2019-01-19,1.3595
2019-01-20,1.3595
2019-01-21,1.3595
2019-01-22,1.3595
2019-01-23,1.3593
2019-01-24,1.3604
2019-01-25,1.3535
2019-01-26,1.353
2019-01-27,1.353
2019-01-28,1.353
2019-01-29,1.3523
2019-01-30,1.3514
2019-01-31,1.3455
2019-02-01,1.35
2019-02-02,1.3527
2019-02-03,1.3527
2019-02-04,1.3527
2019-02-05,1.3521
2019-02-06,1.3545
2019-02-07,1.3562
2019-02-08,1.3562
2019-02-09,1.3611
2019-02-10,1.3611
2019-02-11,1.3611
2019-02-12,1.3567
2019-02-13,1.3579
2019-02-14,1.3587
2019-02-15,1.3574
2019-02-16,1.3538
2019-02-17,1.3538
2019-02-18,1.3538
2019-02-19,1.3538
2019-02-20,1.3536
2019-02-21,1.3536
2019-02-22,1.3509
2019-02-23,1.3497
2019-02-24,1.3497
2019-02-25,1.3497
2019-02-26,1.348
2019-02-27,1.3491
2019-02-28,1.352
2019-03-01,1.3549
2019-03-02,1.3546
2019-03-03,1.3546
2019-03-04,1.3546
2019-03-05,1.3566
2019-03-06,1.3574
2019-03-07,1.3596
2019-03-08,1.3586
2019-03-09,1.3589
2019-03-10,1.3589
2019-03-11,1.3589
2019-03-12,1.3561
2019-03-13,1.3535
2019-03-14,1.3557
2019-03-15,1.3528
2019-03-16,1.3518
2019-03-17,1.3518
2019-03-18,1.3518
2019-03-19,1.3509
2019-03-20,1.3502
2019-03-21,1.3494
2019-03-22,1.3521
2019-03-23,1.3499
2019-03-24,1.3499
2019-03-25,1.3499
2019-03-26,1.3512
2019-03-27,1.3564
2019-03-28,1.3563
2019-03-29,1.3544
2019-03-30,1.3547
2019-03-31,1.3547
2019-04-01,1.3547
2019-04-02,1.3565
2019-04-03,1.3529
2019-04-04,1.3547
2019-04-05,1.3553
2019-04-06,1.3546
2019-04-07,1.3546
2019-04-08,1.3546
2019-04-09,1.3533
2019-04-10,1.3521
2019-04-11,1.3555
2019-04-12,1.353
2019-04-13,1.3524
2019-04-14,1.3524
2019-04-15,1.3524
2019-04-16,1.3541
2019-04-17,1.353
2019-04-18,1.3559
2019-04-19,1.3553
2019-04-20,1.3564
2019-04-21,1.3564
2019-04-22,1.3564
2019-04-23,1.3575
2019-04-24,1.3604
2019-04-25,1.3633
2019-04-26,1.3605
2019-04-27,1.3619
2019-04-28,1.3619
2019-04-29,1.3619
2019-04-30,1.3613
2019-05-01,1.3586
2019-05-02,1.3626
2019-05-03,1.3609
2019-05-04,1.3631
2019-05-05,1.3631
2019-05-06,1.3631
2019-05-07,1.3636
2019-05-08,1.3617
2019-05-09,1.3653
2019-05-10,1.3624
2019-05-11,1.3704
2019-05-12,1.3704
2019-05-13,1.3704
2019-05-14,1.3682
2019-05-15,1.3686
2019-05-16,1.3706
2019-05-17,1.3769
2019-05-18,1.3761
2019-05-19,1.3761
2019-05-20,1.3761
2019-05-21,1.3775
2019-05-22,1.3789
2019-05-23,1.3791
2019-05-24,1.3756
2019-05-25,1.3778
2019-05-26,1.3778
2019-05-27,1.3778
2019-05-28,1.3778
2019-05-29,1.3818
2019-05-30,1.379
2019-05-31,1.3753
2019-06-01,1.3686
2019-06-02,1.3686
2019-06-03,1.3686
2019-06-04,1.369
2019-06-05,1.366
2019-06-06,1.363
2019-06-07,1.3624
2019-06-08,1.3658
2019-06-09,1.3658
2019-06-10,1.3658
2019-06-11,1.3639
2019-06-12,1.3648
2019-06-13,1.3667
2019-06-14,1.3707
2019-06-15,1.3703
2019-06-16,1.3703
2019-06-17,1.3703
2019-06-18,1.3675
2019-06-19,1.3655
2019-06-20,1.356
2019-06-21,1.3565
2019-06-22,1.3537
2019-06-23,1.3537
2019-06-24,1.3537
2019-06-25,1.3526
2019-06-26,1.3527
2019-06-27,1.3534
2019-06-28,1.3533
2019-06-29,1.3566
2019-06-30,1.3566
2019-07-01,1.3566
2019-07-02,1.3559
2019-07-03,1.3563
2019-07-04,1.3608
2019-07-05,1.3608
2019-07-06,1.3599
2019-07-07,1.3599
2019-07-08,1.3599
2019-07-09,1.3615
2019-07-10,1.357
2019-07-11,1.3561
2019-07-12,1.3593
2019-07-13,1.3563
2019-07-14,1.3563
2019-07-15,1.3563
2019-07-16,1.3583
2019-07-17,1.3603
2019-07-18,1.3605
2019-07-19,1.3604
2019-07-20,1.3606
2019-07-21,1.3606
2019-07-22,1.3606
2019-07-23,1.3651
2019-07-24,1.3636
2019-07-25,1.3666
2019-07-26,1.3698
2019-07-27,1.37
2019-07-28,1.37
2019-07-29,1.37
2019-07-30,1.3711
2019-07-31,1.3687
2019-08-01,1.372
2019-08-02,1.3754
2019-08-03,1.3819
2019-08-04,1.3819
2019-08-05,1.3819
2019-08-06,1.381
2019-08-07,1.3831
2019-08-08,1.3813
2019-08-09,1.384
2019-08-10,1.3866
2019-08-11,1.3866
2019-08-12,1.3866
2019-08-13,1.383
2019-08-14,1.3896
2019-08-15,1.3885
2019-08-16,1.3852
2019-08-17,1.3861
2019-08-18,1.3861
2019-08-19,1.3861
2019-08-20,1.385
2019-08-21,1.3829
2019-08-22,1.3857
2019-08-23,1.3868
2019-08-24,1.3878
2019-08-25,1.3878
2019-08-26,1.3878
2019-08-27,1.389
2019-08-28,1.3881
2019-08-29,1.388
2019-08-30,1.3879
2019-08-31,1.3906
2019-09-01,1.3906
2019-09-02,1.3906
2019-09-03,1.3906
2019-09-04,1.3842
2019-09-05,1.3841
2019-09-06,1.3797
2019-09-07,1.3788
2019-09-08,1.3788
2019-09-09,1.3788
2019-09-10,1.379
2019-09-11,1.3798
2019-09-12,1.3741
2019-09-13,1.3727
2019-09-14,1.3753
2019-09-15,1.3753
2019-09-16,1.3753
2019-09-17,1.3745
2019-09-18,1.3735
2019-09-19,1.3787
2019-09-20,1.3763
2019-09-21,1.3777
2019-09-22,1.3777
2019-09-23,1.3777
2019-09-24,1.3764
2019-09-25,1.3788
2019-09-26,1.3816
2019-09-27,1.3812
2019-09-28,1.383
2019-09-29,1.383
2019-09-30,1.383
2019-10-01,1.3851
2019-10-02,1.3844
2019-10-03,1.38
2019-10-04,1.3785
2019-10-05,1.3808
2019-10-06,1.3808
2019-10-07,1.3808
2019-10-08,1.3824
2019-10-09,1.3807
2019-10-10,1.3755
2019-10-11,1.3714
2019-10-12,1.3709
2019-10-13,1.3709
2019-10-14,1.3709
2019-10-15,1.3709
2019-10-16,1.3704
2019-10-17,1.3648
2019-10-18,1.3645
2019-10-19,1.3611
2019-10-20,1.3611
2019-10-21,1.3611
2019-10-22,1.3622
2019-10-23,1.3632
2019-10-24,1.3638
2019-10-25,1.363
2019-10-26,1.3619
2019-10-27,1.3619
2019-10-28,1.3619
2019-10-29,1.3621
2019-10-30,1.3623
2019-10-31,1.3608
2019-11-01,1.3567
2019-11-02,1.3575
2019-11-03,1.3575
2019-11-04,1.3575
2019-11-05,1.3592
2019-11-06,1.36
2019-11-07,1.3579
2019-11-08,1.3591
2019-11-09,1.3617
2019-11-10,1.3617
2019-11-11,1.3617
2019-11-12,1.3617
2019-11-13,1.3626
2019-11-14,1.3622
2019-11-15,1.3602
2019-11-16,1.3596
2019-11-17,1.3596
2019-11-18,1.3596
2019-11-19,1.361
2019-11-20,1.3615
2019-11-21,1.3625
2019-11-22,1.3644
2019-11-23,1.3654
2019-11-24,1.3654
2019-11-25,1.3654
2019-11-26,1.3645
2019-11-27,1.3652
2019-11-28,1.3674
2019-11-29,1.3674
2019-11-30,1.3656
2019-12-01,1.3656
2019-12-02,1.3656
2019-12-03,1.3644
2019-12-04,1.3629
2019-12-05,1.3609
2019-12-06,1.3606
2019-12-07,1.3596
2019-12-08,1.3596
2019-12-09,1.3596
2019-12-10,1.3583
2019-12-11,1.3584
2019-12-12,1.3557
2019-12-13,1.3549
2019-12-14,1.3549
2019-12-15,1.3549
2019-12-16,1.3549
2019-12-17,1.3546
2019-12-18,1.3552
2019-12-19,1.3546
2019-12-20,1.355
2019-12-21,1.3562
2019-12-22,1.3562
2019-12-23,1.3562
2019-12-24,1.355
2019-12-25,1.354
2019-12-26,1.354
2019-12-27,1.352
2019-12-28,1.3483
2019-12-29,1.3483
2019-12-30,1.3483
2019-12-31,1.3446
2020-01-01,1.3475
2020-01-02,1.3475
2020-01-03,1.3486
2020-01-04,1.3493
2020-01-05,1.3493
2020-01-06,1.3493
2020-01-07,1.351
2020-01-08,1.3504
2020-01-09,1.3517
2020-01-10,1.3481
2020-01-11,1.3465
2020-01-12,1.3465
2020-01-13,1.3465
2020-01-14,1.3466
2020-01-15,1.3461
2020-01-16,1.3468
2020-01-17,1.3474
2020-01-18,1.3492
2020-01-19,1.3492
2020-01-20,1.3492
2020-01-21,1.3492
2020-01-22,1.3491
2020-01-23,1.3524
2020-01-24,1.3512
2020-01-25,1.3571
2020-01-26,1.3571
2020-01-27,1.3571
2020-01-28,1.3587
2020-01-29,1.3606
2020-01-30,1.3628
2020-01-31,1.3647
2020-02-01,1.3689
2020-02-02,1.3689
2020-02-03,1.3689
2020-02-04,1.37
2020-02-05,1.3813
2020-02-06,1.3855
2020-02-07,1.3895
2020-02-08,1.3894
2020-02-09,1.3894
2020-02-10,1.3894
2020-02-11,1.3863
2020-02-12,1.3858
2020-02-13,1.3885
2020-02-14,1.3921
2020-02-15,1.3921
2020-02-16,1.3921
2020-02-17,1.3921
2020-02-18,1.3921
2020-02-19,1.3945
2020-02-20,1.4005
2020-02-21,1.397
2020-02-22,1.399
2020-02-23,1.399
2020-02-24,1.399
2020-02-25,1.3986
2020-02-26,1.3968
2020-02-27,1.3944
2020-02-28,1.3944
2020-02-29,1.3893
2020-03-01,1.3893
2020-03-02,1.3893
2020-03-03,1.3858
2020-03-04,1.3848
2020-03-05,1.3853
2020-03-06,1.3786
2020-03-07,1.3832
2020-03-08,1.3832
2020-03-09,1.3832
2020-03-10,1.3903
2020-03-11,1.3915
2020-03-12,1.41
2020-03-13,1.417
2020-03-14,1.42
2020-03-15,1.42
2020-03-16,1.42
2020-03-17,1.4296
2020-03-18,1.4448
2020-03-19,1.449
2020-03-20,1.4525
2020-03-21,1.4605
2020-03-22,1.4605
2020-03-23,1.4605
2020-03-24,1.4467
2020-03-25,1.4484
2020-03-26,1.431
2020-03-27,1.4305
2020-03-28,1.4253
2020-03-29,1.4253
2020-03-30,1.4253
2020-03-31,1.4215
2020-04-01,1.4346
2020-04-02,1.4304
2020-04-03,1.4408
2020-04-04,1.4315
2020-04-05,1.4315
2020-04-06,1.4315
2020-04-07,1.4228
2020-04-08,1.4259
2020-04-09,1.417
2020-04-10,1.413
2020-04-11,1.415
2020-04-12,1.415
2020-04-13,1.415
2020-04-14,1.4143
2020-04-15,1.4235
2020-04-16,1.4284
2020-04-17,1.422
2020-04-18,1.4189
2020-04-19,1.4189
2020-04-20,1.4189
2020-04-21,1.4311
2020-04-22,1.4277
2020-04-23,1.4225
2020-04-24,1.4253
2020-04-25,1.4189
2020-04-26,1.4189
2020-04-27,1.4189
2020-04-28,1.4167
2020-04-29,1.4124
2020-04-30,1.4095
2020-05-01,1.4163
2020-05-02,1.4169
2020-05-03,1.4169
2020-05-04,1.4169
2020-05-05,1.4148
2020-05-06,1.4203
2020-05-07,1.4151
2020-05-08,1.4114
2020-05-09,1.4176
2020-05-10,1.4176
2020-05-11,1.4176
2020-05-12,1.4155
2020-05-13,1.4185
2020-05-14,1.4258
2020-05-15,1.4274
2020-05-16,1.4191
2020-05-17,1.4191
2020-05-18,1.4191
2020-05-19,1.4157
2020-05-20,1.4128
2020-05-21,1.4174
2020-05-22,1.4254
2020-05-23,1.4167
2020-05-24,1.4167
2020-05-25,1.4167
2020-05-26,1.4167
2020-05-27,1.4207
2020-05-28,1.4157
2020-05-29,1.4135
2020-05-30,1.4075
2020-05-31,1.4075
2020-06-01,1.4075
2020-06-02,1.4015
2020-06-03,1.3957
2020-06-04,1.3978
2020-06-05,1.3918
2020-06-06,1.3895
2020-06-07,1.3895
2020-06-08,1.3895
2020-06-09,1.3887
2020-06-10,1.384
2020-06-11,1.3883
2020-06-12,1.3923
2020-06-13,1.3943
2020-06-14,1.3943
2020-06-15,1.3943
2020-06-16,1.3937
2020-06-17,1.3939
2020-06-18,1.3939
2020-06-19,1.3965
2020-06-20,1.3924
2020-06-21,1.3924
2020-06-22,1.3924
2020-06-23,1.3895
2020-06-24,1.3922
2020-06-25,1.3914
2020-06-26,1.3938
2020-06-27,1.3943
2020-06-28,1.3943
2020-06-29,1.3943
2020-06-30,1.3942
2020-07-01,1.3936
2020-07-02,1.3947
2020-07-03,1.393
2020-07-04,1.393
2020-07-05,1.393
2020-07-06,1.393
2020-07-07,1.3931
2020-07-08,1.3928
2020-07-09,1.3922
2020-07-10,1.3904
2020-07-11,1.3879
2020-07-12,1.3879
2020-07-13,1.3879
2020-07-14,1.3918
2020-07-15,1.3899
2020-07-16,1.3894
2020-07-17,1.3898
2020-07-18,1.3886
2020-07-19,1.3886
2020-07-20,1.3886
2020-07-21,1.3845
2020-07-22,1.3837
2020-07-23,1.3841
2020-07-24,1.3832
2020-07-25,1.3792
2020-07-26,1.3792
2020-07-27,1.3792
2020-07-28,1.3778
2020-07-29,1.3752
2020-07-30,1.3757
2020-07-31,1.3728
2020-08-01,1.3764
2020-08-02,1.3764
2020-08-03,1.3764
2020-08-04,1.3749
2020-08-05,1.3676
2020-08-06,1.3693
2020-08-07,1.3729
2020-08-08,1.3729
2020-08-09,1.3729
2020-08-10,1.3729
2020-08-11,1.3724
2020-08-12,1.3715
2020-08-13,1.3719
2020-08-14,1.3703
2020-08-15,1.3679
2020-08-16,1.3679
2020-08-17,1.3679
2020-08-18,1.3647
2020-08-19,1.366
2020-08-20,1.3676
2020-08-21,1.3723
2020-08-22,1.3696
2020-08-23,1.3696
2020-08-24,1.3696
2020-08-25,1.3693
2020-08-26,1.3663
2020-08-27,1.3656
2020-08-28,1.3582
2020-08-29,1.36
2020-08-30,1.36
2020-08-31,1.36
2020-09-01,1.3598
2020-09-02,1.3629
2020-09-03,1.3655
2020-09-04,1.3667
2020-09-05,1.3692
2020-09-06,1.3692
2020-09-07,1.3692
2020-09-08,1.3692
2020-09-09,1.3671
2020-09-10,1.3667
2020-09-11,1.3678
2020-09-12,1.3632
2020-09-13,1.3632
2020-09-14,1.3632
2020-09-15,1.3614
2020-09-16,1.3573
2020-09-17,1.3587
2020-09-18,1.3572
2020-09-19,1.3635
2020-09-20,1.3635
2020-09-21,1.3635
2020-09-22,1.366
2020-09-23,1.3707
2020-09-24,1.3757
2020-09-25,1.3786
2020-09-26,1.3727
2020-09-27,1.3727
2020-09-28,1.3727
2020-09-29,1.3698
2020-09-30,1.3654
2020-10-01,1.3627
2020-10-02,1.3643
2020-10-03,1.3606
2020-10-04,1.3606
2020-10-05,1.3606
2020-10-06,1.36
2020-10-07,1.3589
2020-10-08,1.3586
2020-10-09,1.3529
2020-10-10,1.3599
2020-10-11,1.3599
2020-10-12,1.3599
2020-10-13,1.3599
2020-10-14,1.3567
2020-10-15,1.3612
2020-10-16,1.3587
2020-10-17,1.3568
2020-10-18,1.3568
2020-10-19,1.3568
2020-10-20,1.3562
2020-10-21,1.3539
2020-10-22,1.3564
2020-10-23,1.3584
2020-10-24,1.3612
2020-10-25,1.3612
2020-10-26,1.3612
2020-10-27,1.3586
2020-10-28,1.3633
2020-10-29,1.368
2020-10-30,1.3654
2020-10-31,1.3655
2020-11-01,1.3655
2020-11-02,1.3655
2020-11-03,1.3599
2020-11-04,1.3576
2020-11-05,1.3515
2020-11-06,1.3471
2020-11-07,1.3484
2020-11-08,1.3484
2020-11-09,1.3484
2020-11-10,1.3484
2020-11-11,1.3478
2020-11-12,1.3478
2020-11-13,1.3479
2020-11-14,1.3454
2020-11-15,1.3454
2020-11-16,1.3454
2020-11-17,1.3427
2020-11-18,1.3409
2020-11-19,1.3452
2020-11-20,1.3434
2020-11-21,1.3448
2020-11-22,1.3448
2020-11-23,1.3448
2020-11-24,1.3424
2020-11-25,1.3402
2020-11-26,1.3402
2020-11-27,1.3402
2020-11-28,1.3402
2020-11-29,1.3402
2020-11-30,1.3402
2020-12-01,1.3383
2020-12-02,1.3383
2020-12-03,1.333
2020-12-04,1.3331
2020-12-05,1.3352
2020-12-06,1.3352
2020-12-07,1.3352
2020-12-08,1.3378
2020-12-09,1.337
2020-12-10,1.3368
2020-12-11,1.3371
2020-12-12,1.3348
2020-12-13,1.3348
2020-12-14,1.3348
2020-12-15,1.3327
2020-12-16,1.3299
2020-12-17,1.3256
2020-12-18,1.3287
2020-12-19,1.3323
2020-12-20,1.3323
2020-12-21,1.3323
2020-12-22,1.3358
2020-12-23,1.3319
2020-12-24,1.3307
2020-12-25,1.3307
2020-12-26,1.3307
2020-12-27,1.3307
2020-12-28,1.3307
2020-12-29,1.327
2020-12-30,1.3236
2020-12-31,1.3214
2021-01-01,1.3211
2021-01-02,1.3211
2021-01-03,1.3211
2021-01-04,1.3211
2021-01-05,1.3178
2021-01-06,1.3197
2021-01-07,1.3257
2021-01-08,1.3235
2021-01-09,1.3293
2021-01-10,1.3293
2021-01-11,1.3293
2021-01-12,1.327
2021-01-13,1.3262
2021-01-14,1.324
2021-01-15,1.3287
2021-01-16,1.3287
2021-01-17,1.3287
2021-01-18,1.3287
2021-01-19,1.3287
2021-01-20,1.3236
2021-01-21,1.3236
2021-01-22,1.3271
2021-01-23,1.3282
2021-01-24,1.3282
2021-01-25,1.3282
2021-01-26,1.3255
2021-01-27,1.3285
2021-01-28,1.3289
2021-01-29,1.3279
2021-01-30,1.3326
2021-01-31,1.3326
2021-02-01,1.3326
2021-02-02,1.3331
2021-02-03,1.333
2021-02-04,1.337
2021-02-05,1.3349
2021-02-06,1.3329
2021-02-07,1.3329
2021-02-08,1.3329
2021-02-09,1.3272
2021-02-10,1.3256
2021-02-11,1.3252
2021-02-12,1.3241
2021-02-13,1.3269
2021-02-14,1.3269
2021-02-15,1.3269
2021-02-16,1.3269
2021-02-17,1.3289
2021-02-18,1.3279
2021-02-19,1.3232
2021-02-20,1.3215
2021-02-21,1.3215
2021-02-22,1.3215
2021-02-23,1.3202
2021-02-24,1.3197
2021-02-25,1.3206
2021-02-26,1.3323
2021-02-27,1.3286
2021-02-28,1.3286
2021-03-01,1.3286
2021-03-02,1.3296
2021-03-03,1.331
2021-03-04,1.3305
2021-03-05,1.3434
2021-03-06,1.3503
2021-03-07,1.3503
2021-03-08,1.3503
2021-03-09,1.3459
2021-03-10,1.3452
2021-03-11,1.3404
2021-03-12,1.3433
2021-03-13,1.346
2021-03-14,1.346
2021-03-15,1.346
2021-03-16,1.3455
2021-03-17,1.347
2021-03-18,1.3428
2021-03-19,1.3427
2021-03-20,1.3397
2021-03-21,1.3397
2021-03-22,1.3397
2021-03-23,1.343
2021-03-24,1.345
2021-03-25,1.3486
2021-03-26,1.3454
2021-03-27,1.3478
2021-03-28,1.3478
2021-03-29,1.3478
2021-03-30,1.3474
2021-03-31,1.3442
2021-04-01,1.3443
2021-04-02,1.3453
2021-04-03,1.3411
2021-04-04,1.3411
2021-04-05,1.3411
2021-04-06,1.3393
2021-04-07,1.3398
2021-04-08,1.3403
2021-04-09,1.3406
2021-04-10,1.3413
2021-04-11,1.3413
2021-04-12,1.3413
2021-04-13,1.342
2021-04-14,1.3355
2021-04-15,1.3347
2021-04-16,1.334
2021-04-17,1.3306
2021-04-18,1.3306
2021-04-19,1.3306
2021-04-20,1.3285
2021-04-21,1.3283
2021-04-22,1.3292
2021-04-23,1.3275
2021-04-24,1.3258
2021-04-25,1.3258
2021-04-26,1.3258
2021-04-27,1.3257
2021-04-28,1.3253
2021-04-29,1.3264
2021-04-30,1.3298
2021-05-01,1.3296
2021-05-02,1.3296
2021-05-03,1.3296
2021-05-04,1.3371
2021-05-05,1.3353
2021-05-06,1.3342
2021-05-07,1.3237
2021-05-08,1.3233
2021-05-09,1.3233
2021-05-10,1.3233
2021-05-11,1.3251
2021-05-12,1.3334
2021-05-13,1.3339
2021-05-14,1.3326
2021-05-15,1.3353
2021-05-16,1.3353
2021-05-17,1.3353
2021-05-18,1.3305
2021-05-19,1.3316
2021-05-20,1.3308
2021-05-21,1.3317
2021-05-22,1.3291
2021-05-23,1.3291
2021-05-24,1.3291
2021-05-25,1.3266
2021-05-26,1.3245
2021-05-27,1.3246
2021-05-28,1.3226
2021-05-29,1.3215
2021-05-30,1.3215
2021-05-31,1.3215
2021-06-01,1.3215
2021-06-02,1.3221
2021-06-03,1.3278
2021-06-04,1.324
2021-06-05,1.3226
2021-06-06,1.3226
2021-06-07,1.3226
2021-06-08,1.324
2021-06-09,1.3246
2021-06-10,1.3239
2021-06-11,1.3264
2021-06-12,1.3265
2021-06-13,1.3265
2021-06-14,1.3265
2021-06-15,1.3283
2021-06-16,1.3261
2021-06-17,1.3427
2021-06-18,1.3445
2021-06-19,1.3439
2021-06-20,1.3439
2021-06-21,1.3439
2021-06-22,1.3457
2021-06-23,1.3442
2021-06-24,1.3437
2021-06-25,1.3421
2021-06-26,1.3422
2021-06-27,1.3422
2021-06-28,1.3422
2021-06-29,1.3453
2021-06-30,1.3453
2021-07-01,1.3481
2021-07-02,1.3482
2021-07-03,1.3478
2021-07-04,1.3478
2021-07-05,1.3478
2021-07-06,1.3478
2021-07-07,1.3483
2021-07-08,1.3525
2021-07-09,1.352
2021-07-10,1.3516
2021-07-11,1.3516
2021-07-12,1.3516
2021-07-13,1.3538
2021-07-14,1.3543
2021-07-15,1.3545
2021-07-16,1.356
2021-07-17,1.3628
2021-07-18,1.3628
2021-07-19,1.3628
2021-07-20,1.3673
2021-07-21,1.3635
2021-07-22,1.3596
2021-07-23,1.3602
2021-07-24,1.3578
2021-07-25,1.3578
2021-07-26,1.3578
2021-07-27,1.3599
2021-07-28,1.3588
2021-07-29,1.3529
2021-07-30,1.3539
2021-07-31,1.3529
2021-08-01,1.3529
2021-08-02,1.3529
2021-08-03,1.3521
2021-08-04,1.351
2021-08-05,1.3507
2021-08-06,1.3546
2021-08-07,1.3566
2021-08-08,1.3566
2021-08-09,1.3566
2021-08-10,1.359
2021-08-11,1.3563
2021-08-12,1.3573
2021-08-13,1.355
2021-08-14,1.3552
2021-08-15,1.3552
2021-08-16,1.3552
2021-08-17,1.3623
2021-08-18,1.3609
2021-08-19,1.3632
2021-08-20,1.3624
2021-08-21,1.3572
2021-08-22,1.3572
2021-08-23,1.3572
2021-08-24,1.355
2021-08-25,1.3535
2021-08-26,1.3536
2021-08-27,1.3455
2021-08-28,1.3447
2021-08-29,1.3447
2021-08-30,1.3447
2021-08-31,1.3457
2021-09-01,1.3433
2021-09-02,1.343
2021-09-03,1.3417
2021-09-04,1.3453
2021-09-05,1.3453
2021-09-06,1.3453
2021-09-07,1.3453
2021-09-08,1.346
2021-09-09,1.3422
2021-09-10,1.3405
2021-09-11,1.3418
2021-09-12,1.3418
2021-09-13,1.3418
2021-09-14,1.3418
2021-09-15,1.3415
2021-09-16,1.3454
2021-09-17,1.3479
2021-09-18,1.3514
2021-09-19,1.3514
2021-09-20,1.3514
2021-09-21,1.3523
2021-09-22,1.3504
2021-09-23,1.3483
2021-09-24,1.3534
2021-09-25,1.3537
2021-09-26,1.3537
2021-09-27,1.3537
2021-09-28,1.3572
2021-09-29,1.3603
2021-09-30,1.358
2021-10-01,1.3548
2021-10-02,1.3571
2021-10-03,1.3571
2021-10-04,1.3571
2021-10-05,1.3563
2021-10-06,1.3601
2021-10-07,1.3577
2021-10-08,1.3546
2021-10-09,1.3562
2021-10-10,1.3562
2021-10-11,1.3562
2021-10-12,1.3562
2021-10-13,1.353
2021-10-14,1.3485
2021-10-15,1.3484
2021-10-16,1.3491
2021-10-17,1.3491
2021-10-18,1.3491
2021-10-19,1.3447
2021-10-20,1.3433
2021-10-21,1.346
2021-10-22,1.3491
2021-10-23,1.3468
2021-10-24,1.3468
2021-10-25,1.3468
2021-10-26,1.3479
2021-10-27,1.3481
2021-10-28,1.3437
2021-10-29,1.3489
2021-10-30,1.3479
2021-10-31,1.3479
2021-11-01,1.3479
2021-11-02,1.349
2021-11-03,1.3502
2021-11-04,1.3511
2021-11-05,1.35
2021-11-06,1.3469
2021-11-07,1.3469
2021-11-08,1.3469
2021-11-09,1.3477
2021-11-10,1.3515
2021-11-11,1.3521
2021-11-12,1.3521
2021-11-13,1.3516
2021-11-14,1.3516
2021-11-15,1.3516
2021-11-16,1.3562
2021-11-17,1.3572
2021-11-18,1.3569
2021-11-19,1.3592
2021-11-20,1.3632
2021-11-21,1.3632
2021-11-22,1.3632
2021-11-23,1.3656
2021-11-24,1.3678
2021-11-25,1.3708
2021-11-26,1.3708
2021-11-27,1.3711
2021-11-28,1.3711
2021-11-29,1.3711
2021-11-30,1.3689
2021-12-01,1.3631
2021-12-02,1.3684
2021-12-03,1.3713
2021-12-04,1.3691
2021-12-05,1.3691
2021-12-06,1.3691
2021-12-07,1.367
2021-12-08,1.3621
2021-12-09,1.3652
2021-12-10,1.363
2021-12-11,1.3674
2021-12-12,1.3674
2021-12-13,1.3674
2021-12-14,1.37
2021-12-15,1.369
2021-12-16,1.3634
2021-12-17,1.364
2021-12-18,1.3664
2021-12-19,1.3664
2021-12-20,1.3664
2021-12-21,1.3655
2021-12-22,1.3624
2021-12-23,1.3591
2021-12-24,1.3568
2021-12-25,1.3568
2021-12-26,1.3568
2021-12-27,1.3568
2021-12-28,1.3541
2021-12-29,1.3519
2021-12-30,1.352
2021-12-31,1.3533
2022-01-01,1.3533
2022-01-02,1.3533
2022-01-03,1.3533
2022-01-04,1.3554
2022-01-05,1.3543
2022-01-06,1.3604
2022-01-07,1.3557
2022-01-08,1.356
2022-01-09,1.356
2022-01-10,1.356
2022-01-11,1.351
2022-01-12,1.3467
2022-01-13,1.3449
2022-01-14,1.3478
2022-01-15,1.3504
2022-01-16,1.3504
2022-01-17,1.3504
2022-01-18,1.3504
2022-01-19,1.3472
2022-01-20,1.344
2022-01-21,1.3438
2022-01-22,1.3477
2022-01-23,1.3477
2022-01-24,1.3477
2022-01-25,1.3446
2022-01-26,1.3449
2022-01-27,1.353
2022-01-28,1.3554
2022-01-29,1.3514
2022-01-30,1.3514
2022-01-31,1.3514
2022-02-01,1.3494
2022-02-02,1.3475
2022-02-03,1.3437
2022-02-04,1.3453
2022-02-05,1.3439
2022-02-06,1.3439
2022-02-07,1.3439
2022-02-08,1.3449
2022-02-09,1.3415
2022-02-10,1.3409
2022-02-11,1.3436
2022-02-12,1.3475
2022-02-13,1.3475
2022-02-14,1.3475
2022-02-15,1.3445
2022-02-16,1.3434
2022-02-17,1.343
2022-02-18,1.3458
2022-02-19,1.345
2022-02-20,1.345
2022-02-21,1.345
2022-02-22,1.345
2022-02-23,1.3454
2022-02-24,1.358
2022-02-25,1.3536
2022-02-26,1.3549
2022-02-27,1.3549
2022-02-28,1.3549
2022-03-01,1.358
2022-03-02,1.3558
2022-03-03,1.358
2022-03-04,1.3609
2022-03-05,1.3618
2022-03-06,1.3618
2022-03-07,1.3618
2022-03-08,1.3652
2022-03-09,1.3574
2022-03-10,1.3584
2022-03-11,1.3615
2022-03-12,1.3639
2022-03-13,1.3639
2022-03-14,1.3639
2022-03-15,1.366
2022-03-16,1.3605
2022-03-17,1.3539
2022-03-18,1.356
2022-03-19,1.355
2022-03-20,1.355
2022-03-21,1.355
2022-03-22,1.3573
2022-03-23,1.3574
2022-03-24,1.3574
2022-03-25,1.3582
2022-03-26,1.361
2022-03-27,1.361
2022-03-28,1.361
2022-03-29,1.3554
2022-03-30,1.3528
2022-03-31,1.3539
2022-04-01,1.3568
2022-04-02,1.3565
2022-04-03,1.3565
2022-04-04,1.3565
2022-04-05,1.3585
2022-04-06,1.3592
2022-04-07,1.3612
2022-04-08,1.3631
2022-04-09,1.3656
2022-04-10,1.3656
2022-04-11,1.3656
2022-04-12,1.3623
2022-04-13,1.3636
2022-04-14,1.3577
2022-04-15,1.3571
2022-04-16,1.3617
2022-04-17,1.3617
2022-04-18,1.3617
2022-04-19,1.3671
2022-04-20,1.3633
2022-04-21,1.3631
2022-04-22,1.3703
2022-04-23,1.3759
2022-04-24,1.3759
2022-04-25,1.3759
2022-04-26,1.3775
2022-04-27,1.3807
2022-04-28,1.388
2022-04-29,1.3818
2022-04-30,1.3856
2022-05-01,1.3856
2022-05-02,1.3856
2022-05-03,1.3837
2022-05-04,1.3815
2022-05-05,1.3867
2022-05-06,1.3845
2022-05-07,1.3901
2022-05-08,1.3901
2022-05-09,1.3901
2022-05-10,1.3907
2022-05-11,1.387
2022-05-12,1.3969
2022-05-13,1.3932
2022-05-14,1.3938
2022-05-15,1.3938
2022-05-16,1.3938
2022-05-17,1.3854
2022-05-18,1.3874
2022-05-19,1.3796
2022-05-20,1.3804
2022-05-21,1.3739
2022-05-22,1.3739
2022-05-23,1.3739
2022-05-24,1.3713
2022-05-25,1.3769
2022-05-26,1.3739
2022-05-27,1.3692
2022-05-28,1.3695
2022-05-29,1.3695
2022-05-30,1.3695
2022-05-31,1.3695
2022-06-01,1.3752
2022-06-02,1.3716
2022-06-03,1.3763
2022-06-04,1.3756
2022-06-05,1.3756
2022-06-06,1.3756
2022-06-07,1.3744
2022-06-08,1.3746
2022-06-09,1.3805
2022-06-10,1.3869
2022-06-11,1.3916
2022-06-12,1.3916
2022-06-13,1.3916
2022-06-14,1.3931
2022-06-15,1.3928
2022-06-16,1.3843
2022-06-17,1.3896
2022-06-18,1.3849
2022-06-19,1.3849
2022-06-20,1.3849
2022-06-21,1.3849
2022-06-22,1.3872
2022-06-23,1.3901
2022-06-24,1.3864
2022-06-25,1.384
2022-06-26,1.384
2022-06-27,1.384
2022-06-28,1.3872
2022-06-29,1.3919
2022-06-30,1.3903
2022-07-01,1.3974
2022-07-02,1.4063
2022-07-03,1.4063
2022-07-04,1.4063
2022-07-05,1.4063
2022-07-06,1.4059
2022-07-07,1.4007
2022-07-08,1.3985
2022-07-09,1.4035
2022-07-10,1.4035
2022-07-11,1.4035
2022-07-12,1.4059
2022-07-13,1.4045
2022-07-14,1.4028
2022-07-15,1.3993
2022-07-16,1.3958
2022-07-17,1.3958
2022-07-18,1.3958
2022-07-19,1.3914
2022-07-20,1.3919
2022-07-21,1.3921
2022-07-22,1.3867
2022-07-23,1.3864
2022-07-24,1.3864
2022-07-25,1.3864
2022-07-26,1.3895
2022-07-27,1.3882
2022-07-28,1.3809
2022-07-29,1.3812
2022-07-30,1.3761
2022-07-31,1.3761
2022-08-01,1.3761
2022-08-02,1.38
2022-08-03,1.3818
2022-08-04,1.3772
2022-08-05,1.3819
2022-08-06,1.3783
2022-08-07,1.3783
2022-08-08,1.3783
2022-08-09,1.3781
2022-08-10,1.3689
2022-08-11,1.3682
2022-08-12,1.3716
2022-08-13,1.3766
2022-08-14,1.3766
2022-08-15,1.3766
2022-08-16,1.379
2022-08-17,1.3841
2022-08-18,1.3841
2022-08-19,1.3916
2022-08-20,1.3984
2022-08-21,1.3984
2022-08-22,1.3984
2022-08-23,1.3917
2022-08-24,1.3936
2022-08-25,1.3904
2022-08-26,1.3921
2022-08-27,1.3955
2022-08-28,1.3955
2022-08-29,1.3955
2022-08-30,1.3978
2022-08-31,1.3954
2022-09-01,1.402
2022-09-02,1.3988
2022-09-03,1.4059
2022-09-04,1.4059
2022-09-05,1.4059
2022-09-06,1.4059
2022-09-07,1.4072
2022-09-08,1.4063
2022-09-09,1.3985
2022-09-10,1.3952
2022-09-11,1.3952
2022-09-12,1.3952
2022-09-13,1.4059
2022-09-14,1.4052
2022-09-15,1.4092
2022-09-16,1.4069
2022-09-17,1.4087
2022-09-18,1.4087
2022-09-19,1.4087
2022-09-20,1.4096
2022-09-21,1.415
2022-09-22,1.4187
2022-09-23,1.428
2022-09-24,1.4364
2022-09-25,1.4364
2022-09-26,1.4364
2022-09-27,1.4379
2022-09-28,1.4369
2022-09-29,1.4347
2022-09-30,1.4347
2022-10-01,1.4315
2022-10-02,1.4315
2022-10-03,1.4315
2022-10-04,1.4244
2022-10-05,1.4271
2022-10-06,1.4293
2022-10-07,1.431
2022-10-08,1.4338
2022-10-09,1.4338
2022-10-10,1.4338
2022-10-11,1.4338
2022-10-12,1.4356
2022-10-13,1.4327
2022-10-14,1.426
2022-10-15,1.4196
2022-10-16,1.4196
2022-10-17,1.4196
2022-10-18,1.4222
2022-10-19,1.425
2022-10-20,1.4199
2022-10-21,1.4175
2022-10-22,1.4215
2022-10-23,1.4215
2022-10-24,1.4215
2022-10-25,1.4166
2022-10-26,1.4054
2022-10-27,1.4075
2022-10-28,1.4126
2022-10-29,1.4151
2022-10-30,1.4151
2022-10-31,1.4151
2022-11-01,1.415
2022-11-02,1.4127
2022-11-03,1.4219
2022-11-04,1.4072
2022-11-05,1.4035
2022-11-06,1.4035
2022-11-07,1.4035
2022-11-08,1.397
2022-11-09,1.4006
2022-11-10,1.3857
2022-11-11,1.373
2022-11-12,1.373
2022-11-13,1.373
2022-11-14,1.373
2022-11-15,1.3699
2022-11-16,1.3706
2022-11-17,1.3774
2022-11-18,1.3733
2022-11-19,1.3825
2022-11-20,1.3825
2022-11-21,1.3825
2022-11-22,1.3794
2022-11-23,1.3794
2022-11-24,1.3758
2022-11-25,1.3758
2022-11-26,1.3761
2022-11-27,1.3761
2022-11-28,1.3761
2022-11-29,1.3742
2022-11-30,1.3682
2022-12-01,1.3548
2022-12-02,1.3516
2022-12-03,1.3567
2022-12-04,1.3567
2022-12-05,1.3567
2022-12-06,1.3576
2022-12-07,1.3554
2022-12-08,1.3529
2022-12-09,1.3505
2022-12-10,1.3547
2022-12-11,1.3547
2022-12-12,1.3547
2022-12-13,1.347
2022-12-14,1.3473
2022-12-15,1.3598
2022-12-16,1.3581
2022-12-17,1.355
2022-12-18,1.355
2022-12-19,1.355
2022-12-20,1.3504
2022-12-21,1.3521
2022-12-22,1.3533
2022-12-23,1.3501
2022-12-24,1.3465
2022-12-25,1.3465
2022-12-26,1.3465
2022-12-27,1.3465
2022-12-28,1.3493
2022-12-29,1.3445
2022-12-30,1.3404
2022-12-31,1.3447
2023-01-01,1.3447
2023-01-02,1.3447
2023-01-03,1.3447
2023-01-04,1.3405
2023-01-05,1.3458
2023-01-06,1.3373
2023-01-07,1.3278
2023-01-08,1.3278
2023-01-09,1.3278
2023-01-10,1.3321
2023-01-11,1.3318
2023-01-12,1.3244
2023-01-13,1.3211
2023-01-14,1.3202
2023-01-15,1.3202
2023-01-16,1.3202
2023-01-17,1.3202
2023-01-18,1.3179
2023-01-19,1.3234
2023-01-20,1.3206
2023-01-21,1.3193
2023-01-22,1.3193
2023-01-23,1.3193
2023-01-24,1.3198
2023-01-25,1.3142
2023-01-26,1.3137
2023-01-27,1.3129
2023-01-28,1.3132
2023-01-29,1.3132
2023-01-30,1.3132
2023-01-31,1.3145
2023-02-01,1.3119
2023-02-02,1.3095
2023-02-03,1.3215
2023-02-04,1.3279
2023-02-05,1.3279
2023-02-06,1.3279
2023-02-07,1.3261
2023-02-08,1.3253
2023-02-09,1.3231
2023-02-10,1.3303
2023-02-11,1.3292
2023-02-12,1.3292
2023-02-13,1.3292
2023-02-14,1.3297
2023-02-15,1.3363
2023-02-16,1.3354
2023-02-17,1.3371
2023-02-18,1.3389
2023-02-19,1.3389
2023-02-20,1.3389
2023-02-21,1.3389
2023-02-22,1.3395
2023-02-23,1.3437
2023-02-24,1.349
2023-02-25,1.3473
2023-02-26,1.3473
2023-02-27,1.3473
2023-02-28,1.3469
2023-03-01,1.3415
2023-03-02,1.3482
2023-03-03,1.3462
2023-03-04,1.3441
2023-03-05,1.3441
2023-03-06,1.3441
2023-03-07,1.3525
2023-03-08,1.3528
2023-03-09,1.3511
2023-03-10,1.3505
2023-03-11,1.3475
2023-03-12,1.3475
2023-03-13,1.3475
2023-03-14,1.3445
2023-03-15,1.3518
2023-03-16,1.3465
2023-03-17,1.3422
2023-03-18,1.3387
2023-03-19,1.3387
2023-03-20,1.3387
2023-03-21,1.3383
2023-03-22,1.3331
2023-03-23,1.3244
2023-03-24,1.332
2023-03-25,1.3321
2023-03-26,1.3321
2023-03-27,1.3321
2023-03-28,1.3275
2023-03-29,1.3292
2023-03-30,1.3282
2023-03-31,1.3294
2023-04-01,1.3277
2023-04-02,1.3277
2023-04-03,1.3277
2023-04-04,1.326
2023-04-05,1.3272
2023-04-06,1.3296
2023-04-07,1.3313
2023-04-08,1.3339
2023-04-09,1.3339
2023-04-10,1.3339
2023-04-11,1.3328
2023-04-12,1.3285
2023-04-13,1.3216
2023-04-14,1.3314
2023-04-15,1.3345
2023-04-16,1.3345
2023-04-17,1.3345
2023-04-18,1.3332
2023-04-19,1.3347
2023-04-20,1.3318
2023-04-21,1.3351
2023-04-22,1.3347
2023-04-23,1.3347
2023-04-24,1.3347
2023-04-25,1.3389
2023-04-26,1.334
2023-04-27,1.3362
2023-04-28,1.3332
2023-04-29,1.3362
2023-04-30,1.3362
2023-05-01,1.3362
2023-05-02,1.3347
2023-05-03,1.3304
2023-05-04,1.3284
2023-05-05,1.3249
2023-05-06,1.3243
2023-05-07,1.3243
2023-05-08,1.3243
2023-05-09,1.3282
2023-05-10,1.3267
2023-05-11,1.3316
2023-05-12,1.3376
2023-05-13,1.3363
2023-05-14,1.3363
2023-05-15,1.3363
2023-05-16,1.3391
2023-05-17,1.3426
2023-05-18,1.3478
2023-05-19,1.3445
2023-05-20,1.3466
2023-05-21,1.3466
2023-05-22,1.3466
2023-05-23,1.3467
2023-05-24,1.3492
2023-05-25,1.3544
2023-05-26,1.3529
2023-05-27,1.3516
2023-05-28,1.3516
2023-05-29,1.3516
2023-05-30,1.3516
2023-05-31,1.3552
2023-06-01,1.3474
2023-06-02,1.3482
2023-06-03,1.3489
2023-06-04,1.3489
2023-06-05,1.3489
2023-06-06,1.3482
2023-06-07,1.3484
2023-06-08,1.3433
2023-06-09,1.3433
2023-06-10,1.3443
2023-06-11,1.3443
2023-06-12,1.3443
2023-06-13,1.3416
2023-06-14,1.3381
2023-06-15,1.3368
2023-06-16,1.3381
2023-06-17,1.344
2023-06-18,1.344
2023-06-19,1.344
2023-06-20,1.344
2023-06-21,1.3424
2023-06-22,1.3436
2023-06-23,1.3525
2023-06-24,1.3531
2023-06-25,1.3531
2023-06-26,1.3531
2023-06-27,1.3487
2023-06-28,1.3523
2023-06-29,1.3551
2023-06-30,1.3523
2023-07-01,1.3497
2023-07-02,1.3497
2023-07-03,1.3497
2023-07-04,1.3524
2023-07-05,1.3524
2023-07-06,1.3545
2023-07-07,1.3465
2023-07-08,1.3455
2023-07-09,1.3455
2023-07-10,1.3455
2023-07-11,1.342
2023-07-12,1.3297
2023-07-13,1.3235
2023-07-14,1.32
2023-07-15,1.3217
2023-07-16,1.3217
2023-07-17,1.3217
2023-07-18,1.3221
2023-07-19,1.3256
2023-07-20,1.3273
2023-07-21,1.3306
2023-07-22,1.33
2023-07-23,1.33
2023-07-24,1.33
2023-07-25,1.3277
2023-07-26,1.3266
2023-07-27,1.3293
2023-07-28,1.3305
2023-07-29,1.3283
2023-07-30,1.3283
2023-07-31,1.3283
2023-08-01,1.3362
2023-08-02,1.3416
2023-08-03,1.3407
2023-08-04,1.3371
2023-08-05,1.3412
2023-08-06,1.3412
2023-08-07,1.3412
2023-08-08,1.3481
2023-08-09,1.3468
2023-08-10,1.347
2023-08-11,1.3526
2023-08-12,1.3547
2023-08-13,1.3547
2023-08-14,1.3547
2023-08-15,1.3567
2023-08-16,1.3583
2023-08-17,1.3587
2023-08-18,1.3553
2023-08-19,1.3582
2023-08-20,1.3582
2023-08-21,1.3582
2023-08-22,1.3575
2023-08-23,1.3531
2023-08-24,1.3556
2023-08-25,1.3566
2023-08-26,1.3551
2023-08-27,1.3551
2023-08-28,1.3551
2023-08-29,1.3515
2023-08-30,1.3492
2023-08-31,1.3518
2023-09-01,1.3542
2023-09-02,1.3603
2023-09-03,1.3603
2023-09-04,1.3603
2023-09-05,1.3603
2023-09-06,1.364
2023-09-07,1.3647
2023-09-08,1.3652
2023-09-09,1.3604
2023-09-10,1.3604
2023-09-11,1.3604
2023-09-12,1.3618
2023-09-13,1.3605
2023-09-14,1.3623
2023-09-15,1.3627
2023-09-16,1.3629
2023-09-17,1.3629
2023-09-18,1.3629
2023-09-19,1.3643
2023-09-20,1.3609
2023-09-21,1.3667
2023-09-22,1.3646
2023-09-23,1.3667
2023-09-24,1.3667
2023-09-25,1.3667
2023-09-26,1.3683
2023-09-27,1.372
2023-09-28,1.3649
2023-09-29,1.3656
2023-09-30,1.3728
2023-10-01,1.3728
2023-10-02,1.3728
2023-10-03,1.3744
2023-10-04,1.3702
2023-10-05,1.369
2023-10-06,1.3639
2023-10-07,1.3626
2023-10-08,1.3626
2023-10-09,1.3626
2023-10-10,1.3626
2023-10-11,1.3628
2023-10-12,1.3682
2023-10-13,1.3701
2023-10-14,1.368
2023-10-15,1.368
2023-10-16,1.368
2023-10-17,1.3672
2023-10-18,1.3729
2023-10-19,1.3725
2023-10-20,1.3717
2023-10-21,1.3684
2023-10-22,1.3684
2023-10-23,1.3684
2023-10-24,1.3682
2023-10-25,1.3698
2023-10-26,1.3704
2023-10-27,1.3685
2023-10-28,1.3633
2023-10-29,1.3633
2023-10-30,1.3633
2023-10-31,1.3697
2023-11-01,1.3705
2023-11-02,1.3643
2023-11-03,1.3537
2023-11-04,1.3495
2023-11-05,1.3495
2023-11-06,1.3495
2023-11-07,1.3547
2023-11-08,1.3551
2023-11-09,1.3567
2023-11-10,1.3587
2023-11-11,1.3587
2023-11-12,1.3587
2023-11-13,1.3587
2023-11-14,1.3501
2023-11-15,1.3493
2023-11-16,1.3479
2023-11-17,1.3442
2023-11-18,1.3382
2023-11-19,1.3382
2023-11-20,1.3382
2023-11-21,1.3367
2023-11-22,1.3425
2023-11-23,1.3398
2023-11-24,1.3398
2023-11-25,1.3375
2023-11-26,1.3375
2023-11-27,1.3375
2023-11-28,1.3306
2023-11-29,1.3328
2023-11-30,1.3359
2023-12-01,1.3343
2023-12-02,1.3378
2023-12-03,1.3378
2023-12-04,1.3378
2023-12-05,1.3415
2023-12-06,1.3402
2023-12-07,1.3379
2023-12-08,1.3418
2023-12-09,1.3448
2023-12-10,1.3448
2023-12-11,1.3448
2023-12-12,1.3422
2023-12-13,1.3416
2023-12-14,1.3258
2023-12-15,1.3312
2023-12-16,1.3326
2023-12-17,1.3326
2023-12-18,1.3326
2023-12-19,1.3284
2023-12-20,1.33
2023-12-21,1.3272
2023-12-22,1.324
2023-12-23,1.3232
2023-12-24,1.3232
2023-12-25,1.3232
2023-12-26,1.3232
2023-12-27,1.3197
2023-12-28,1.3184
2023-12-29,1.3193
2023-12-30,1.3263
2023-12-31,1.3263
2024-01-01,1.3263
2024-01-02,1.3263
2024-01-03,1.3295
2024-01-04,1.329
2024-01-05,1.3287
2024-01-06,1.3275
2024-01-07,1.3275
2024-01-08,1.3275
2024-01-09,1.3297
2024-01-10,1.3318
2024-01-11,1.3335
2024-01-12,1.3312
2024-01-13,1.3414
2024-01-14,1.3414
2024-01-15,1.3414
2024-01-16,1.3414
2024-01-17,1.3463
2024-01-18,1.3441
2024-01-19,1.3417
2024-01-20,1.341
2024-01-21,1.341
2024-01-22,1.341
2024-01-23,1.3417
2024-01-24,1.338
2024-01-25,1.3408
2024-01-26,1.3397
2024-01-27,1.3414
2024-01-28,1.3414
2024-01-29,1.3414
2024-01-30,1.3395
2024-01-31,1.3369
2024-02-01,1.3366
2024-02-02,1.3434
2024-02-03,1.3473
2024-02-04,1.3473
2024-02-05,1.3473
2024-02-06,1.3439
2024-02-07,1.3431
2024-02-08,1.347
2024-02-09,1.3464
2024-02-10,1.344
2024-02-11,1.344
2024-02-12,1.344
2024-02-13,1.3501
2024-02-14,1.3479
2024-02-15,1.3464
2024-02-16,1.3459
2024-02-17,1.3432
2024-02-18,1.3432
2024-02-19,1.3432
2024-02-20,1.3432
2024-02-21,1.3436
2024-02-22,1.3432
2024-02-23,1.343
2024-02-24,1.3444
2024-02-25,1.3444
2024-02-26,1.3444
2024-02-27,1.3432
2024-02-28,1.3456
2024-02-29,1.3457
2024-03-01,1.3444
2024-03-02,1.3425
2024-03-03,1.3425
2024-03-04,1.3425
2024-03-05,1.3424
2024-03-06,1.3375
2024-03-07,1.3334
2024-03-08,1.3311
2024-03-09,1.3306
2024-03-10,1.3306
2024-03-11,1.3306
2024-03-12,1.3329
2024-03-13,1.3319
2024-03-14,1.3359
2024-03-15,1.3377
2024-03-16,1.3387
2024-03-17,1.3387
2024-03-18,1.3387
2024-03-19,1.3421
2024-03-20,1.3439
2024-03-21,1.3436
2024-03-22,1.3488
2024-03-23,1.3459
2024-03-24,1.3459
2024-03-25,1.3459
2024-03-26,1.3458
2024-03-27,1.3481
2024-03-28,1.3493
2024-03-29,1.3475
2024-03-30,1.3534
2024-03-31,1.3534
2024-04-01,1.3534
2024-04-02,1.3513
2024-04-03,1.3488
2024-04-04,1.3462
2024-04-05,1.3478
2024-04-06,1.3475
2024-04-07,1.3475
2024-04-08,1.3475
2024-04-09,1.3451
2024-04-10,1.3533
2024-04-11,1.3535
2024-04-12,1.3603
2024-04-13,1.3615
2024-04-14,1.3615
2024-04-15,1.3615
2024-04-16,1.3646
2024-04-17,1.3625
2024-04-18,1.3609
2024-04-19,1.3611
2024-04-20,1.3627
2024-04-21,1.3627
2024-04-22,1.3627
2024-04-23,1.3617
2024-04-24,1.3619
2024-04-25,1.3602
2024-04-26,1.362
2024-04-27,1.3596
2024-04-28,1.3596
2024-04-29,1.3596
2024-04-30,1.3636
2024-05-01,1.3633
2024-05-02,1.3567
2024-05-03,1.3494
2024-05-04,1.3509
2024-05-05,1.3509
2024-05-06,1.3509
2024-05-07,1.3531
2024-05-08,1.3549
2024-05-09,1.3535
2024-05-10,1.354
2024-05-11,1.3527
2024-05-12,1.3527
2024-05-13,1.3527
2024-05-14,1.3521
2024-05-15,1.3466
2024-05-16,1.3449
2024-05-17,1.3452
2024-05-18,1.347
2024-05-19,1.347
2024-05-20,1.347
2024-05-21,1.3471
2024-05-22,1.3494
2024-05-23,1.3505
2024-05-24,1.3495
2024-05-25,1.3472
2024-05-26,1.3472
2024-05-27,1.3472
2024-05-28,1.3472
2024-05-29,1.3513
2024-05-30,1.3492
2024-05-31,1.3516
2024-06-01,1.3466
2024-06-02,1.3466
2024-06-03,1.3466
2024-06-04,1.3466
2024-06-05,1.3483
2024-06-06,1.3459
2024-06-07,1.3508
2024-06-08,1.3526
2024-06-09,1.3526
2024-06-10,1.3526
2024-06-11,1.3537
2024-06-12,1.3443
2024-06-13,1.3495
2024-06-14,1.3529
2024-06-15,1.3526
2024-06-16,1.3526
2024-06-17,1.3526
2024-06-18,1.3515
2024-06-19,1.3539
2024-06-20,1.3539
2024-06-21,1.3546
2024-06-22,1.3528
2024-06-23,1.3528
2024-06-24,1.3528
2024-06-25,1.3545
2024-06-26,1.3586
2024-06-27,1.3577
2024-06-28,1.3552
2024-06-29,1.3576
2024-06-30,1.3576
2024-07-01,1.3576
2024-07-02,1.357
2024-07-03,1.3528
2024-07-04,1.3488
2024-07-05,1.3488
2024-07-06,1.3494
2024-07-07,1.3494
2024-07-08,1.3494
2024-07-09,1.3505
2024-07-10,1.3486
2024-07-11,1.3418
2024-07-12,1.3406
2024-07-13,1.3419
2024-07-14,1.3419
2024-07-15,1.3419
2024-07-16,1.3449
2024-07-17,1.3411
2024-07-18,1.3423
2024-07-19,1.3446
2024-07-20,1.3458
2024-07-21,1.3458
2024-07-22,1.3458
2024-07-23,1.3453
2024-07-24,1.3415
2024-07-25,1.3427
2024-07-26,1.342
2024-07-27,1.3433
2024-07-28,1.3433
2024-07-29,1.3433
2024-07-30,1.3434
2024-07-31,1.3372
2024-08-01,1.3364
2024-08-02,1.3257
2024-08-03,1.3226
2024-08-04,1.3226
2024-08-05,1.3226
2024-08-06,1.3258
2024-08-07,1.327
2024-08-08,1.3258
2024-08-09,1.3232
2024-08-10,1.3245
2024-08-11,1.3245
2024-08-12,1.3245
2024-08-13,1.3197
2024-08-14,1.3152
2024-08-15,1.3202
2024-08-16,1.3174
2024-08-17,1.3089
2024-08-18,1.3089
2024-08-19,1.3089
2024-08-20,1.3065
2024-08-21,1.3052
2024-08-22,1.3105
2024-08-23,1.3029
2024-08-24,1.3038
2024-08-25,1.3038
2024-08-26,1.3038
2024-08-27,1.3031
2024-08-28,1.3027
2024-08-29,1.3021
2024-08-30,1.3045
2024-08-31,1.3087
2024-09-01,1.3087
2024-09-02,1.3087
2024-09-03,1.3087
2024-09-04,1.3046
2024-09-05,1.3009
2024-09-06,1.3014
2024-09-07,1.3053
2024-09-08,1.3053
2024-09-09,1.3053
2024-09-10,1.3045
2024-09-11,1.3031
2024-09-12,1.3043
2024-09-13,1.2984
2024-09-14,1.296
2024-09-15,1.296
2024-09-16,1.296
2024-09-17,1.2964
2024-09-18,1.2946
2024-09-19,1.2925
2024-09-20,1.2914
2024-09-21,1.2902
2024-09-22,1.2902
2024-09-23,1.2902
2024-09-24,1.2856
2024-09-25,1.2886
2024-09-26,1.283
2024-09-27,1.2807
2024-09-28,1.2831
2024-09-29,1.2831
2024-09-30,1.2831
2024-10-01,1.2881
2024-10-02,1.2909
2024-10-03,1.2977
2024-10-04,1.3053
2024-10-05,1.3035
2024-10-06,1.3035
2024-10-07,1.3035
2024-10-08,1.3039
2024-10-09,1.3062
2024-10-10,1.3072
2024-10-11,1.3046
2024-10-12,1.309
2024-10-13,1.309
2024-10-14,1.309
2024-10-15,1.309
2024-10-16,1.3122
2024-10-17,1.3143
2024-10-18,1.3111
2024-10-19,1.3159
2024-10-20,1.3159
2024-10-21,1.3159
2024-10-22,1.3163
2024-10-23,1.3221
2024-10-24,1.3201
2024-10-25,1.3206
2024-10-26,1.3227
2024-10-27,1.3227
2024-10-28,1.3227
2024-10-29,1.3254
2024-10-30,1.3222
2024-10-31,1.323
2024-11-01,1.3242
2024-11-02,1.3184
2024-11-03,1.3184
2024-11-04,1.3184
2024-11-05,1.3163
2024-11-06,1.3336
2024-11-07,1.3218
2024-11-08,1.3281
2024-11-09,1.3392
2024-11-10,1.3392
2024-11-11,1.3392
2024-11-12,1.3392
2024-11-13,1.3422
2024-11-14,1.3428
2024-11-15,1.342
2024-11-16,1.34
2024-11-17,1.34
2024-11-18,1.34
2024-11-19,1.3383
2024-11-20,1.3442
2024-11-21,1.3466
2024-11-22,1.3484
2024-11-23,1.3466
2024-11-24,1.3466
2024-11-25,1.3466
2024-11-26,1.3478
2024-11-27,1.3397
2024-11-28,1.3412
2024-11-29,1.3412
2024-11-30,1.3461
2024-12-01,1.3461
2024-12-02,1.3461
2024-12-03,1.3443
2024-12-04,1.3431
2024-12-05,1.3391
2024-12-06,1.3408
2024-12-07,1.339
2024-12-08,1.339
2024-12-09,1.339
2024-12-10,1.3421
2024-12-11,1.3428
2024-12-12,1.3443
2024-12-13,1.3489
2024-12-14,1.3493
2024-12-15,1.3493
2024-12-16,1.3493
2024-12-17,1.3491
2024-12-18,1.353
2024-12-19,1.3617
2024-12-20,1.355
2024-12-21,1.357
2024-12-22,1.357
2024-12-23,1.357
2024-12-24,1.3606
2024-12-25,1.3583
2024-12-26,1.3583
2024-12-27,1.358
2024-12-28,1.3602
2024-12-29,1.3602
2024-12-30,1.3602
2024-12-31,1.3662
2025-01-01,1.3691
2025-01-02,1.3691
2025-01-03,1.3709
2025-01-04,1.3629
2025-01-05,1.3629
2025-01-06,1.3629
2025-01-07,1.3635
2025-01-08,1.3678
2025-01-09,1.3684
2025-01-10,1.3716
2025-01-11,1.3725
2025-01-12,1.3725
2025-01-13,1.3725
2025-01-14,1.3677
2025-01-15,1.3683
2025-01-16,1.3659
2025-01-17,1.3671
2025-01-18,1.3525
2025-01-19,1.3525
2025-01-20,1.3525
2025-01-21,1.3525
2025-01-22,1.355
2025-01-23,1.3546
2025-01-24,1.3448
2025-01-25,1.3443
2025-01-26,1.3443
2025-01-27,1.3443
2025-01-28,1.3517
2025-01-29,1.3504
2025-01-30,1.3493
2025-01-31,1.3546
2025-02-01,1.3636
2025-02-02,1.3636
2025-02-03,1.3636
2025-02-04,1.3519
2025-02-05,1.3469
2025-02-06,1.3512
2025-02-07,1.3545
2025-02-08,1.355
2025-02-09,1.355
2025-02-10,1.355
2025-02-11,1.3539
2025-02-12,1.353
2025-02-13,1.3469
2025-02-14,1.3393
2025-02-15,1.3412
2025-02-16,1.3412
2025-02-17,1.3412
2025-02-18,1.3412
2025-02-19,1.3434
2025-02-20,1.3348
2025-02-21,1.3365
2025-02-22,1.338
2025-02-23,1.338
2025-02-24,1.338
2025-02-25,1.3375
2025-02-26,1.3365
2025-02-27,1.3461
2025-02-28,1.3493
