DATE,DEXUSAL
2014-03-01,0.8929
2014-03-02,0.8929
2014-03-03,0.8929
2014-03-04,0.894
2014-03-05,0.8984
2014-03-06,0.91
2014-03-07,0.9071
2014-03-08,0.9021
2014-03-09,0.9021
2014-03-10,0.9021
2014-03-11,0.902
2014-03-12,0.8972
2014-03-13,0.9058
2014-03-14,0.904
2014-03-15,0.9092
2014-03-16,0.9092
2014-03-17,0.9092
2014-03-18,0.9134
2014-03-19,0.9103
2014-03-20,0.9042
2014-03-21,0.909
2014-03-22,0.9126
2014-03-23,0.9126
2014-03-24,0.9126
2014-03-25,0.9147
2014-03-26,0.9225
2014-03-27,0.9262
2014-03-28,0.9239
2014-03-29,0.9275
2014-03-30,0.9275
2014-03-31,0.9275
2014-04-01,0.9252
2014-04-02,0.9236
2014-04-03,0.9219
2014-04-04,0.9292
2014-04-05,0.9265
2014-04-06,0.9265
2014-04-07,0.9265
2014-04-08,0.9356
2014-04-09,0.9368
2014-04-10,0.9424
2014-04-11,0.9401
2014-04-12,0.9409
2014-04-13,0.9409
2014-04-14,0.9409
2014-04-15,0.9342
2014-04-16,0.938
2014-04-17,0.9339
2014-04-18,0.933
2014-04-19,0.9337
2014-04-20,0.9337
2014-04-21,0.9337
2014-04-22,0.9365
2014-04-23,0.9283
2014-04-24,0.9257
2014-04-25,0.9272
2014-04-26,0.9254
2014-04-27,0.9254
2014-04-28,0.9254
2014-04-29,0.9266
2014-04-30,0.9282
2014-05-01,0.9275
2014-05-02,0.9257
2014-05-03,0.9276
2014-05-04,0.9276
2014-05-05,0.9276
2014-05-06,0.936
2014-05-07,0.9336
2014-05-08,0.9382
2014-05-09,0.9358
2014-05-10,0.9364
2014-05-11,0.9364
2014-05-12,0.9364
2014-05-13,0.9369
2014-05-14,0.9379
2014-05-15,0.9346
2014-05-16,0.9367
2014-05-17,0.9343
2014-05-18,0.9343
2014-05-19,0.9343
2014-05-20,0.9259
2014-05-21,0.9215
2014-05-22,0.9222
2014-05-23,0.9235
2014-05-24,0.924
2014-05-25,0.924
2014-05-26,0.924
2014-05-27,0.924
2014-05-28,0.9227
2014-05-29,0.9289
2014-05-30,0.9298
2014-05-31,0.925
2014-06-01,0.925
2014-06-02,0.925
2014-06-03,0.9255
2014-06-04,0.9269
2014-06-05,0.9321
2014-06-06,0.9328
2014-06-07,0.9347
2014-06-08,0.9347
2014-06-09,0.9347
2014-06-10,0.9365
2014-06-11,0.9391
2014-06-12,0.943
2014-06-13,0.9396
2014-06-14,0.94
2014-06-15,0.94
2014-06-16,0.94
2014-06-17,0.934
2014-06-18,0.934
2014-06-19,0.9406
2014-06-20,0.9387
2014-06-21,0.9417
2014-06-22,0.9417
2014-06-23,0.9417
2014-06-24,0.938
2014-06-25,0.9398
2014-06-26,0.9405
2014-06-27,0.9413
2014-06-28,0.9427
2014-06-29,0.9427
2014-06-30,0.9427
2014-07-01,0.9488
2014-07-02,0.9444
2014-07-03,0.9358
2014-07-04,0.9371
2014-07-05,0.9371
2014-07-06,0.9371
2014-07-07,0.9371
2014-07-08,0.94
2014-07-09,0.9396
2014-07-10,0.9387
2014-07-11,0.9383
2014-07-12,0.9392
2014-07-13,0.9392
2014-07-14,0.9392
2014-07-15,0.9366
2014-07-16,0.9362
2014-07-17,0.9372
2014-07-18,0.9386
2014-07-19,0.9377
2014-07-20,0.9377
2014-07-21,0.9377
2014-07-22,0.9388
2014-07-23,0.945
2014-07-24,0.9419
2014-07-25,0.9404
2014-07-26,0.941
2014-07-27,0.941
2014-07-28,0.941
2014-07-29,0.9378
2014-07-30,0.9315
2014-07-31,0.9301
2014-08-01,0.9304
2014-08-02,0.9328
2014-08-03,0.9328
2014-08-04,0.9328
2014-08-05,0.9301
2014-08-06,0.9327
2014-08-07,0.9283
2014-08-08,0.9277
2014-08-09,0.9263
2014-08-10,0.9263
2014-08-11,0.9263
2014-08-12,0.927
2014-08-13,0.9302
2014-08-14,0.9322
2014-08-15,0.9306
2014-08-16,0.933
2014-08-17,0.933
2014-08-18,0.933
2014-08-19,0.9311
2014-08-20,0.9306
2014-08-21,0.9302
2014-08-22,0.9309
2014-08-23,0.9296
2014-08-24,0.9296
2014-08-25,0.9296
2014-08-26,0.932
2014-08-27,0.9335
2014-08-28,0.9352
2014-08-29,0.9344
2014-08-30,0.9276
2014-08-31,0.9276
2014-09-01,0.9276
2014-09-02,0.9276
2014-09-03,0.9341
2014-09-04,0.9361
2014-09-05,0.9376
2014-09-06,0.93
2014-09-07,0.93
2014-09-08,0.93
2014-09-09,0.9207
2014-09-10,0.9153
2014-09-11,0.9115
2014-09-12,0.9047
2014-09-13,0.9027
2014-09-14,0.9027
2014-09-15,0.9027
2014-09-16,0.9096
2014-09-17,0.9028
2014-09-18,0.8984
2014-09-19,0.8935
2014-09-20,0.8876
2014-09-21,0.8876
2014-09-22,0.8876
2014-09-23,0.8853
2014-09-24,0.887
2014-09-25,0.8796
2014-09-26,0.8761
2014-09-27,0.8738
2014-09-28,0.8738
2014-09-29,0.8738
2014-09-30,0.8737
2014-10-01,0.8734
2014-10-02,0.8793
2014-10-03,0.8675
2014-10-04,0.8747
2014-10-05,0.8747
2014-10-06,0.8747
2014-10-07,0.8808
2014-10-08,0.8751
2014-10-09,0.8778
2014-10-10,0.8719
2014-10-11,0.8727
2014-10-12,0.8727
2014-10-13,0.8727
2014-10-14,0.8727
2014-10-15,0.8794
2014-10-16,0.8766
2014-10-17,0.8761
2014-10-18,0.8786
2014-10-19,0.8786
2014-10-20,0.8786
2014-10-21,0.8797
2014-10-22,0.8793
2014-10-23,0.8773
2014-10-24,0.8812
2014-10-25,0.8799
2014-10-26,0.8799
2014-10-27,0.8799
2014-10-28,0.8848
2014-10-29,0.8904
2014-10-30,0.8825
2014-10-31,0.8791
2014-11-01,0.8701
2014-11-02,0.8701
2014-11-03,0.8701
2014-11-04,0.8729
2014-11-05,0.8592
2014-11-06,0.858
2014-11-07,0.862
2014-11-08,0.8625
2014-11-09,0.8625
2014-11-10,0.8625
2014-11-11,0.8735
2014-11-12,0.8735
2014-11-13,0.873
2014-11-14,0.8737
2014-11-15,0.8718
2014-11-16,0.8718
2014-11-17,0.8718
2014-11-18,0.8726
2014-11-19,0.8623
2014-11-20,0.861
2014-11-21,0.8674
2014-11-22,0.8615
2014-11-23,0.8615
2014-11-24,0.8615
2014-11-25,0.852
2014-11-26,0.8534
2014-11-27,0.8524
2014-11-28,0.8524
2014-11-29,0.8521
2014-11-30,0.8521
2014-12-01,0.8521
2014-12-02,0.8457
2014-12-03,0.8417
2014-12-04,0.8405
2014-12-05,0.833
2014-12-06,0.8296
2014-12-07,0.8296
2014-12-08,0.8296
2014-12-09,0.8341
2014-12-10,0.8305
2014-12-11,0.8265
2014-12-12,0.8268
2014-12-13,0.8232
2014-12-14,0.8232
2014-12-15,0.8232
2014-12-16,0.822
2014-12-17,0.8173
2014-12-18,0.8168
2014-12-19,0.8128
2014-12-20,0.8141
2014-12-21,0.8141
2014-12-22,0.8141
2014-12-23,0.8097
2014-12-24,0.8109
2014-12-25,0.8146
2014-12-26,0.8146
2014-12-27,0.8146
2014-12-28,0.8146
2014-12-29,0.8146
2014-12-30,0.8199
2014-12-31,0.8173
2015-01-01,0.8118
2015-01-02,0.8118
2015-01-03,0.8095
2015-01-04,0.8095
2015-01-05,0.8095
2015-01-06,0.8118
2015-01-07,0.8049
2015-01-08,0.8126
2015-01-09,0.8191
2015-01-10,0.8165
2015-01-11,0.8165
2015-01-12,0.8165
2015-01-13,0.8164
2015-01-14,0.8163
2015-01-15,0.8212
2015-01-16,0.8194
2015-01-17,0.8177
2015-01-18,0.8177
2015-01-19,0.8177
2015-01-20,0.8177
2015-01-21,0.8101
2015-01-22,0.8099
2015-01-23,0.7935
2015-01-24,0.7934
2015-01-25,0.7934
2015-01-26,0.7934
2015-01-27,0.7939
2015-01-28,0.7973
2015-01-29,0.7758
2015-01-30,0.7762
2015-01-31,0.7818
2015-02-01,0.7818
2015-02-02,0.7818
2015-02-03,0.7737
2015-02-04,0.7761
2015-02-05,0.7803
2015-02-06,0.7807
2015-02-07,0.7813
2015-02-08,0.7813
2015-02-09,0.7813
2015-02-10,0.7781
2015-02-11,0.7713
2015-02-12,0.7763
2015-02-13,0.7772
2015-02-14,0.7816
2015-02-15,0.7816
2015-02-16,0.7816
2015-02-17,0.7816
2015-02-18,0.7778
2015-02-19,0.781
2015-02-20,0.7833
2015-02-21,0.7807
2015-02-22,0.7807
2015-02-23,0.7807
2015-02-24,0.7808
2015-02-25,0.7898
2015-02-26,0.7816
2015-02-27,0.781
2015-02-28,0.778
2015-03-01,0.778
2015-03-02,0.778
2015-03-03,0.784
2015-03-04,0.7821
2015-03-05,0.7763
2015-03-06,0.7712
2015-03-07,0.7716
2015-03-08,0.7716
2015-03-09,0.7716
2015-03-10,0.7637
2015-03-11,0.7582
2015-03-12,0.7705
2015-03-13,0.7631
2015-03-14,0.7656
2015-03-15,0.7656
2015-03-16,0.7656
2015-03-17,0.7615
2015-03-18,0.7653
2015-03-19,0.7618
2015-03-20,0.7759
2015-03-21,0.7848
2015-03-22,0.7848
2015-03-23,0.7848
2015-03-24,0.7869
2015-03-25,0.7856
2015-03-26,0.7836
2015-03-27,0.7754
2015-03-28,0.7645
2015-03-29,0.7645
2015-03-30,0.7645
2015-03-31,0.7625
2015-04-01,0.7615
2015-04-02,0.7566
2015-04-03,0.7645
2015-04-04,0.7657
2015-04-05,0.7657
2015-04-06,0.7657
2015-04-07,0.7646
2015-04-08,0.7715
2015-04-09,0.7706
2015-04-10,0.7674
2015-04-11,0.7579
2015-04-12,0.7579
2015-04-13,0.7579
2015-04-14,0.7638
2015-04-15,0.761
2015-04-16,0.7796
2015-04-17,0.7776
2015-04-18,0.7727
2015-04-19,0.7727
2015-04-20,0.7727
2015-04-21,0.7741
2015-04-22,0.7771
2015-04-23,0.7782
2015-04-24,0.7825
2015-04-25,0.7859
2015-04-26,0.7859
2015-04-27,0.7859
2015-04-28,0.8017
2015-04-29,0.8065
2015-04-30,0.7867
2015-05-01,0.7813
2015-05-02,0.7839
2015-05-03,0.7839
2015-05-04,0.7839
2015-05-05,0.7941
2015-05-06,0.8005
2015-05-07,0.7914
2015-05-08,0.7914
2015-05-09,0.7899
2015-05-10,0.7899
2015-05-11,0.7899
2015-05-12,0.7989
2015-05-13,0.8118
2015-05-14,0.8082
2015-05-15,0.8053
2015-05-16,0.8001
2015-05-17,0.8001
2015-05-18,0.8001
2015-05-19,0.7918
2015-05-20,0.7877
2015-05-21,0.7888
2015-05-22,0.7828
2015-05-23,0.7738
2015-05-24,0.7738
2015-05-25,0.7738
2015-05-26,0.7738
2015-05-27,0.7712
2015-05-28,0.7631
2015-05-29,0.7659
2015-05-30,0.7613
2015-05-31,0.7613
2015-06-01,0.7613
2015-06-02,0.7748
2015-06-03,0.7803
2015-06-04,0.7673
2015-06-05,0.7622
2015-06-06,0.765
2015-06-07,0.765
2015-06-08,0.765
2015-06-09,0.7685
2015-06-10,0.7749
2015-06-11,0.7726
2015-06-12,0.7742
2015-06-13,0.7767
2015-06-14,0.7767
2015-06-15,0.7767
2015-06-16,0.7753
2015-06-17,0.7667
2015-06-18,0.7831
2015-06-19,0.7758
2015-06-20,0.7745
2015-06-21,0.7745
2015-06-22,0.7745
2015-06-23,0.7739
2015-06-24,0.7689
2015-06-25,0.7741
2015-06-26,0.765
2015-06-27,0.7677
2015-06-28,0.7677
2015-06-29,0.7677
2015-06-30,0.7704
2015-07-01,0.7664
2015-07-02,0.763
2015-07-03,0.7521
2015-07-04,0.7521
2015-07-05,0.7521
2015-07-06,0.7521
2015-07-07,0.7435
2015-07-08,0.7445
2015-07-09,0.7438
2015-07-10,0.7427
2015-07-11,0.7407
2015-07-12,0.7407
2015-07-13,0.7407
2015-07-14,0.745
2015-07-15,0.7366
2015-07-16,0.743
2015-07-17,0.7371
2015-07-18,0.738
2015-07-19,0.738
2015-07-20,0.738
2015-07-21,0.7429
2015-07-22,0.7368
2015-07-23,0.7375
2015-07-24,0.7279
2015-07-25,0.7304
2015-07-26,0.7304
2015-07-27,0.7304
2015-07-28,0.7325
2015-07-29,0.7307
2015-07-30,0.7278
2015-07-31,0.7332
2015-08-01,0.7277
2015-08-02,0.7277
2015-08-03,0.7277
2015-08-04,0.7419
2015-08-05,0.7346
2015-08-06,0.7343
2015-08-07,0.7393
2015-08-08,0.7404
2015-08-09,0.7404
2015-08-10,0.7404
2015-08-11,0.7288
2015-08-12,0.7375
2015-08-13,0.7361
2015-08-14,0.7376
2015-08-15,0.7386
2015-08-16,0.7386
2015-08-17,0.7386
2015-08-18,0.7334
2015-08-19,0.7316
2015-08-20,0.7357
2015-08-21,0.7343
2015-08-22,0.7202
2015-08-23,0.7202
2015-08-24,0.7202
2015-08-25,0.7183
2015-08-26,0.7087
2015-08-27,0.7179
2015-08-28,0.7129
2015-08-29,0.71
2015-08-30,0.71
2015-08-31,0.71
2015-09-01,0.7036
2015-09-02,0.7011
2015-09-03,0.7025
2015-09-04,0.6917
2015-09-05,0.7023
2015-09-06,0.7023
2015-09-07,0.7023
2015-09-08,0.7023
2015-09-09,0.7024
2015-09-10,0.7086
2015-09-11,0.7074
2015-09-12,0.7137
2015-09-13,0.7137
2015-09-14,0.7137
2015-09-15,0.7092
2015-09-16,0.7186
2015-09-17,0.7147
2015-09-18,0.7222
2015-09-19,0.7125
2015-09-20,0.7125
2015-09-21,0.7125
2015-09-22,0.7078
2015-09-23,0.7004
2015-09-24,0.6998
2015-09-25,0.7014
2015-09-26,0.7005
2015-09-27,0.7005
2015-09-28,0.7005
2015-09-29,0.7007
2015-09-30,0.702
2015-10-01,0.7044
2015-10-02,0.7025
2015-10-03,0.7088
2015-10-04,0.7088
2015-10-05,0.7088
2015-10-06,0.7143
2015-10-07,0.7213
2015-10-08,0.7225
2015-10-09,0.7328
2015-10-10,0.7283
2015-10-11,0.7283
2015-10-12,0.7283
2015-10-13,0.7283
2015-10-14,0.7256
2015-10-15,0.7316
2015-10-16,0.7261
2015-10-17,0.7254
2015-10-18,0.7254
2015-10-19,0.7254
2015-10-20,0.7256
2015-10-21,0.7226
2015-10-22,0.722
2015-10-23,0.7215
2015-10-24,0.7262
2015-10-25,0.7262
2015-10-26,0.7262
2015-10-27,0.7233
2015-10-28,0.7143
2015-10-29,0.7081
2015-10-30,0.7133
2015-10-31,0.7141
2015-11-01,0.7141
2015-11-02,0.7141
2015-11-03,0.7173
2015-11-04,0.7148
2015-11-05,0.7148
2015-11-06,0.7034
2015-11-07,0.7046
2015-11-08,0.7046
2015-11-09,0.7046
2015-11-10,0.703
2015-11-11,0.7116
2015-11-12,0.7116
2015-11-13,0.7118
2015-11-14,0.7085
2015-11-15,0.7085
2015-11-16,0.7085
2015-11-17,0.7115
2015-11-18,0.7078
2015-11-19,0.7208
2015-11-20,0.7233
2015-11-21,0.7188
2015-11-22,0.7188
2015-11-23,0.7188
2015-11-24,0.7241
2015-11-25,0.7246
2015-11-26,0.7192
2015-11-27,0.7192
2015-11-28,0.7235
2015-11-29,0.7235
2015-11-30,0.7235
2015-12-01,0.732
2015-12-02,0.7309
2015-12-03,0.731
2015-12-04,0.7346
2015-12-05,0.7268
2015-12-06,0.7268
2015-12-07,0.7268
2015-12-08,0.7211
2015-12-09,0.7204
2015-12-10,0.7299
2015-12-11,0.7214
2015-12-12,0.7258
2015-12-13,0.7258
2015-12-14,0.7258
2015-12-15,0.7176
2015-12-16,0.7207
2015-12-17,0.71
2015-12-18,0.7197
2015-12-19,0.7172
2015-12-20,0.7172
2015-12-21,0.7172
2015-12-22,0.7231
2015-12-23,0.7221
2015-12-24,0.7269
2015-12-25,0.7262
2015-12-26,0.7262
2015-12-27,0.7262
2015-12-28,0.7262
2015-12-29,0.7293
2015-12-30,0.7284
2015-12-31,0.7286
2016-01-01,0.7166
2016-01-02,0.7166
2016-01-03,0.7166
2016-01-04,0.7166
2016-01-05,0.7151
2016-01-06,0.707
2016-01-07,0.7025
2016-01-08,0.6976
2016-01-09,0.6992
2016-01-10,0.6992
2016-01-11,0.6992
2016-01-12,0.6975
2016-01-13,0.6996
2016-01-14,0.698
2016-01-15,0.6864
2016-01-16,0.6929
2016-01-17,0.6929
2016-01-18,0.6929
2016-01-19,0.6929
2016-01-20,0.6855
2016-01-21,0.7003
2016-01-22,0.7014
2016-01-23,0.697
2016-01-24,0.697
2016-01-25,0.697
2016-01-26,0.7005
2016-01-27,0.7074
2016-01-28,0.7085
2016-01-29,0.7071
2016-01-30,0.7084
2016-01-31,0.7084
2016-02-01,0.7084
2016-02-02,0.7058
2016-02-03,0.7134
2016-02-04,0.7216
2016-02-05,0.7084
2016-02-06,0.7103
2016-02-07,0.7103
2016-02-08,0.7103
2016-02-09,0.7065
2016-02-10,0.7089
2016-02-11,0.7096
2016-02-12,0.7098
2016-02-13,0.7103
2016-02-14,0.7103
2016-02-15,0.7103
2016-02-16,0.7103
2016-02-17,0.7168
2016-02-18,0.715
2016-02-19,0.7125
2016-02-20,0.7238
2016-02-21,0.7238
2016-02-22,0.7238
2016-02-23,0.7209
2016-02-24,0.7177
2016-02-25,0.7208
2016-02-26,0.713
2016-02-27,0.7152
2016-02-28,0.7152
2016-02-29,0.7152
2016-03-01,0.7172
2016-03-02,0.7268
2016-03-03,0.736
2016-03-04,0.7425
2016-03-05,0.7467
2016-03-06,0.7467
2016-03-07,0.7467
2016-03-08,0.7451
2016-03-09,0.7528
2016-03-10,0.7444
2016-03-11,0.7572
2016-03-12,0.7515
2016-03-13,0.7515
2016-03-14,0.7515
2016-03-15,0.7465
2016-03-16,0.7435
2016-03-17,0.7637
2016-03-18,0.7618
2016-03-19,0.7594
2016-03-20,0.7594
2016-03-21,0.7594
2016-03-22,0.7625
2016-03-23,0.7533
2016-03-24,0.7516
2016-03-25,0.7518
2016-03-26,0.7549
2016-03-27,0.7549
2016-03-28,0.7549
2016-03-29,0.7567
2016-03-30,0.7667
2016-03-31,0.7677
2016-04-01,0.7672
2016-04-02,0.7614
2016-04-03,0.7614
2016-04-04,0.7614
2016-04-05,0.7519
2016-04-06,0.7613
2016-04-07,0.7504
2016-04-08,0.7554
2016-04-09,0.7599
2016-04-10,0.7599
2016-04-11,0.7599
2016-04-12,0.7659
2016-04-13,0.7649
2016-04-14,0.7705
2016-04-15,0.7717
2016-04-16,0.7746
2016-04-17,0.7746
2016-04-18,0.7746
2016-04-19,0.7806
2016-04-20,0.7817
2016-04-21,0.7758
2016-04-22,0.7713
2016-04-23,0.7717
2016-04-24,0.7717
2016-04-25,0.7717
2016-04-26,0.7741
2016-04-27,0.7594
2016-04-28,0.7635
2016-04-29,0.7612
2016-04-30,0.7641
2016-05-01,0.7641
2016-05-02,0.7641
2016-05-03,0.7492
2016-05-04,0.7454
2016-05-05,0.7465
2016-05-06,0.7358
2016-05-07,0.7323
2016-05-08,0.7323
2016-05-09,0.7323
2016-05-10,0.7351
2016-05-11,0.7398
2016-05-12,0.7314
2016-05-13,0.7273
2016-05-14,0.73
2016-05-15,0.73
2016-05-16,0.73
2016-05-17,0.7352
2016-05-18,0.7285
2016-05-19,0.7213
2016-05-20,0.7215
2016-05-21,0.7203
2016-05-22,0.7203
2016-05-23,0.7203
2016-05-24,0.7184
2016-05-25,0.7186
2016-05-26,0.7227
2016-05-27,0.7205
2016-05-28,0.7242
2016-05-29,0.7242
2016-05-30,0.7242
2016-05-31,0.7242
2016-06-01,0.7242
2016-06-02,0.7225
2016-06-03,0.7339
2016-06-04,0.7362
2016-06-05,0.7362
2016-06-06,0.7362
2016-06-07,0.7452
2016-06-08,0.7479
2016-06-09,0.7431
2016-06-10,0.7395
2016-06-11,0.7394
2016-06-12,0.7394
2016-06-13,0.7394
2016-06-14,0.736
2016-06-15,0.7404
2016-06-16,0.7312
2016-06-17,0.7385
2016-06-18,0.7458
2016-06-19,0.7458
2016-06-20,0.7458
2016-06-21,0.7461
2016-06-22,0.7491
2016-06-23,0.7598
2016-06-24,0.7451
2016-06-25,0.7357
2016-06-26,0.7357
2016-06-27,0.7357
2016-06-28,0.7353
2016-06-29,0.7444
2016-06-30,0.7432
2016-07-01,0.7485
2016-07-02,0.7456
2016-07-03,0.7456
2016-07-04,0.7456
2016-07-05,0.7456
2016-07-06,0.7511
2016-07-07,0.7488
2016-07-08,0.7559
2016-07-09,0.7534
2016-07-10,0.7534
2016-07-11,0.7534
2016-07-12,0.7631
2016-07-13,0.7624
2016-07-14,0.7632
2016-07-15,0.7587
2016-07-16,0.7597
2016-07-17,0.7597
2016-07-18,0.7597
2016-07-19,0.7496
2016-07-20,0.7486
2016-07-21,0.7497
2016-07-22,0.7453
2016-07-23,0.7458
2016-07-24,0.7458
2016-07-25,0.7458
2016-07-26,0.7516
2016-07-27,0.746
2016-07-28,0.7511
2016-07-29,0.7599
2016-07-30,0.7567
2016-07-31,0.7567
2016-08-01,0.7567
2016-08-02,0.7611
2016-08-03,0.7592
2016-08-04,0.7637
2016-08-05,0.7615
2016-08-06,0.7656
2016-08-07,0.7656
2016-08-08,0.7656
2016-08-09,0.7677
2016-08-10,0.7717
2016-08-11,0.771
2016-08-12,0.7669
2016-08-13,0.7687
2016-08-14,0.7687
2016-08-15,0.7687
2016-08-16,0.7697
2016-08-17,0.7619
2016-08-18,0.7684
2016-08-19,0.762
2016-08-20,0.7629
2016-08-21,0.7629
2016-08-22,0.7629
2016-08-23,0.7632
2016-08-24,0.7605
2016-08-25,0.7611
2016-08-26,0.7614
2016-08-27,0.7576
2016-08-28,0.7576
2016-08-29,0.7576
2016-08-30,0.7516
2016-08-31,0.7519
2016-09-01,0.7542
2016-09-02,0.7557
2016-09-03,0.7674
2016-09-04,0.7674
2016-09-05,0.7674
2016-09-06,0.7674
2016-09-07,0.7675
2016-09-08,0.7666
2016-09-09,0.7549
2016-09-10,0.7526
2016-09-11,0.7526
2016-09-12,0.7526
2016-09-13,0.747
2016-09-14,0.7485
2016-09-15,0.7512
2016-09-16,0.7489
2016-09-17,0.756
2016-09-18,0.756
2016-09-19,0.756
2016-09-20,0.7552
2016-09-21,0.7589
2016-09-22,0.7644
2016-09-23,0.7621
2016-09-24,0.7642
2016-09-25,0.7642
2016-09-26,0.7642
2016-09-27,0.7658
2016-09-28,0.7659
2016-09-29,0.7676
2016-09-30,0.7667
2016-10-01,0.7664
2016-10-02,0.7664
2016-10-03,0.7664
2016-10-04,0.7644
2016-10-05,0.7618
2016-10-06,0.758
2016-10-07,0.7556
2016-10-08,0.7545
2016-10-09,0.7545
2016-10-10,0.7545
2016-10-11,0.7545
2016-10-12,0.7553
2016-10-13,0.7558
2016-10-14,0.761
2016-10-15,0.7626
2016-10-16,0.7626
2016-10-17,0.7626
2016-10-18,0.7679
2016-10-19,0.7715
2016-10-20,0.764
2016-10-21,0.7597
2016-10-22,0.7603
2016-10-23,0.7603
2016-10-24,0.7603
2016-10-25,0.7652
2016-10-26,0.7657
2016-10-27,0.7606
2016-10-28,0.7578
2016-10-29,0.7611
2016-10-30,0.7611
2016-10-31,0.7611
2016-11-01,0.7659
2016-11-02,0.7667
2016-11-03,0.7681
2016-11-04,0.7669
2016-11-05,0.77
2016-11-06,0.77
2016-11-07,0.77
2016-11-08,0.7733
2016-11-09,0.7674
2016-11-10,0.759
2016-11-11,0.7532
2016-11-12,0.7532
2016-11-13,0.7532
2016-11-14,0.7532
2016-11-15,0.754
2016-11-16,0.7492
2016-11-17,0.7455
2016-11-18,0.7345
2016-11-19,0.7357
2016-11-20,0.7357
2016-11-21,0.7357
2016-11-22,0.7388
2016-11-23,0.7391
2016-11-24,0.7425
2016-11-25,0.7425
2016-11-26,0.7478
2016-11-27,0.7478
2016-11-28,0.7478
2016-11-29,0.7469
2016-11-30,0.7387
2016-12-01,0.7411
2016-12-02,0.7445
2016-12-03,0.7476
2016-12-04,0.7476
2016-12-05,0.7476
2016-12-06,0.7454
2016-12-07,0.7479
2016-12-08,0.7448
2016-12-09,0.7442
2016-12-10,0.7486
2016-12-11,0.7486
2016-12-12,0.7486
2016-12-13,0.7494
2016-12-14,0.7512
2016-12-15,0.7343
2016-12-16,0.7298
2016-12-17,0.7264
2016-12-18,0.7264
2016-12-19,0.7264
2016-12-20,0.7252
2016-12-21,0.7244
2016-12-22,0.7216
2016-12-23,0.7174
2016-12-24,0.7189
2016-12-25,0.7189
2016-12-26,0.7189
2016-12-27,0.7189
2016-12-28,0.7185
2016-12-29,0.722
2016-12-30,0.723
2016-12-31,0.7231
2017-01-01,0.7231
2017-01-02,0.7231
2017-01-03,0.7231
2017-01-04,0.727
2017-01-05,0.7334
2017-01-06,0.7305
2017-01-07,0.7364
2017-01-08,0.7364
2017-01-09,0.7364
2017-01-10,0.737
2017-01-11,0.74
2017-01-12,0.7508
2017-01-13,0.7481
2017-01-14,0.754
2017-01-15,0.754
2017-01-16,0.754
2017-01-17,0.754
2017-01-18,0.7553
2017-01-19,0.7545
2017-01-20,0.7564
2017-01-21,0.7564
2017-01-22,0.7564
2017-01-23,0.7564
2017-01-24,0.7584
2017-01-25,0.7565
2017-01-26,0.7531
2017-01-27,0.7549
2017-01-28,0.7556
2017-01-29,0.7556
2017-01-30,0.7556
2017-01-31,0.7582
2017-02-01,0.7564
2017-02-02,0.7673
2017-02-03,0.7686
2017-02-04,0.7641
2017-02-05,0.7641
2017-02-06,0.7641
2017-02-07,0.7636
2017-02-08,0.7648
2017-02-09,0.7623
2017-02-10,0.7686
2017-02-11,0.7644
2017-02-12,0.7644
2017-02-13,0.7644
2017-02-14,0.7638
2017-02-15,0.7698
2017-02-16,0.7694
2017-02-17,0.7657
2017-02-18,0.7672
2017-02-19,0.7672
2017-02-20,0.7672
2017-02-21,0.7672
2017-02-22,0.7683
2017-02-23,0.7716
2017-02-24,0.7681
2017-02-25,0.7693
2017-02-26,0.7693
2017-02-27,0.7693
2017-02-28,0.7686
2017-03-01,0.7664
2017-03-02,0.7578
2017-03-03,0.7559
2017-03-04,0.7583
2017-03-05,0.7583
2017-03-06,0.7583
2017-03-07,0.7603
2017-03-08,0.7544
2017-03-09,0.7517
2017-03-10,0.7531
2017-03-11,0.7581
2017-03-12,0.7581
2017-03-13,0.7581
2017-03-14,0.7575
2017-03-15,0.7593
2017-03-16,0.7673
2017-03-17,0.769
2017-03-18,0.7733
2017-03-19,0.7733
2017-03-20,0.7733
2017-03-21,0.7717
2017-03-22,0.7674
2017-03-23,0.7644
2017-03-24,0.7619
2017-03-25,0.7623
2017-03-26,0.7623
2017-03-27,0.7623
2017-03-28,0.7651
2017-03-29,0.766
2017-03-30,0.7666
2017-03-31,0.7638
2017-04-01,0.7601
2017-04-02,0.7601
2017-04-03,0.7601
2017-04-04,0.7567
2017-04-05,0.7575
2017-04-06,0.7549
2017-04-07,0.7516
2017-04-08,0.75
2017-04-09,0.75
2017-04-10,0.75
2017-04-11,0.7497
2017-04-12,0.7485
2017-04-13,0.7585
2017-04-14,0.7575
2017-04-15,0.7604
2017-04-16,0.7604
2017-04-17,0.7604
2017-04-18,0.7553
2017-04-19,0.75
2017-04-20,0.754
2017-04-21,0.7539
2017-04-22,0.7558
2017-04-23,0.7558
2017-04-24,0.7558
2017-04-25,0.7538
2017-04-26,0.7462
2017-04-27,0.7452
2017-04-28,0.7475
2017-04-29,0.7534
2017-04-30,0.7534
2017-05-01,0.7534
2017-05-02,0.7523
2017-05-03,0.7451
2017-05-04,0.7403
2017-05-05,0.7414
2017-05-06,0.7386
2017-05-07,0.7386
2017-05-08,0.7386
2017-05-09,0.7352
2017-05-10,0.7383
2017-05-11,0.7374
2017-05-12,0.7397
2017-05-13,0.7425
2017-05-14,0.7425
2017-05-15,0.7425
2017-05-16,0.7429
2017-05-17,0.7426
2017-05-18,0.7432
2017-05-19,0.7449
2017-05-20,0.7476
2017-05-21,0.7476
2017-05-22,0.7476
2017-05-23,0.7485
2017-05-24,0.7463
2017-05-25,0.7466
2017-05-26,0.744
2017-05-27,0.7465
2017-05-28,0.7465
2017-05-29,0.7465
2017-05-30,0.7465
2017-05-31,0.7437
2017-06-01,0.7387
2017-06-02,0.7441
2017-06-03,0.7479
2017-06-04,0.7479
2017-06-05,0.7479
2017-06-06,0.7514
2017-06-07,0.755
2017-06-08,0.7543
2017-06-09,0.7532
2017-06-10,0.7539
2017-06-11,0.7539
2017-06-12,0.7539
2017-06-13,0.754
2017-06-14,0.7619
2017-06-15,0.7582
2017-06-16,0.7622
2017-06-17,0.7605
2017-06-18,0.7605
2017-06-19,0.7605
2017-06-20,0.7575
2017-06-21,0.7549
2017-06-22,0.7542
2017-06-23,0.7578
2017-06-24,0.759
2017-06-25,0.759
2017-06-26,0.759
2017-06-27,0.7588
2017-06-28,0.7638
2017-06-29,0.768
2017-06-30,0.7676
2017-07-01,0.7652
2017-07-02,0.7652
2017-07-03,0.7652
2017-07-04,0.7588
2017-07-05,0.7588
2017-07-06,0.7584
2017-07-07,0.7599
2017-07-08,0.7599
2017-07-09,0.7599
2017-07-10,0.7599
2017-07-11,0.7614
2017-07-12,0.7673
2017-07-13,0.7728
2017-07-14,0.7813
2017-07-15,0.7811
2017-07-16,0.7811
2017-07-17,0.7811
2017-07-18,0.7923
2017-07-19,0.7946
2017-07-20,0.7958
2017-07-21,0.7911
2017-07-22,0.7926
2017-07-23,0.7926
2017-07-24,0.7926
2017-07-25,0.7949
2017-07-26,0.7922
2017-07-27,0.7962
2017-07-28,0.7991
2017-07-29,0.7988
2017-07-30,0.7988
2017-07-31,0.7988
2017-08-01,0.7974
2017-08-02,0.7983
2017-08-03,0.7945
2017-08-04,0.7924
2017-08-05,0.7905
2017-08-06,0.7905
2017-08-07,0.7905
2017-08-08,0.7905
2017-08-09,0.7872
2017-08-10,0.7888
2017-08-11,0.788
2017-08-12,0.7864
2017-08-13,0.7864
2017-08-14,0.7864
2017-08-15,0.7822
2017-08-16,0.7882
2017-08-17,0.7918
2017-08-18,0.7933
2017-08-19,0.7936
2017-08-20,0.7936
2017-08-21,0.7936
2017-08-22,0.7913
2017-08-23,0.7893
2017-08-24,0.7905
2017-08-25,0.7929
2017-08-26,0.7956
2017-08-27,0.7956
2017-08-28,0.7956
2017-08-29,0.7973
2017-08-30,0.7905
2017-08-31,0.7932
2017-09-01,0.798
2017-09-02,0.801
2017-09-03,0.801
2017-09-04,0.801
2017-09-05,0.801
2017-09-06,0.8016
2017-09-07,0.8038
2017-09-08,0.8071
2017-09-09,0.8024
2017-09-10,0.8024
2017-09-11,0.8024
2017-09-12,0.8042
2017-09-13,0.7987
2017-09-14,0.798
2017-09-15,0.8007
2017-09-16,0.7966
2017-09-17,0.7966
2017-09-18,0.7966
2017-09-19,0.8014
2017-09-20,0.807
2017-09-21,0.794
2017-09-22,0.7975
2017-09-23,0.7937
2017-09-24,0.7937
2017-09-25,0.7937
2017-09-26,0.788
2017-09-27,0.7866
2017-09-28,0.7831
2017-09-29,0.784
2017-09-30,0.7825
2017-10-01,0.7825
2017-10-02,0.7825
2017-10-03,0.7828
2017-10-04,0.7856
2017-10-05,0.78
2017-10-06,0.7765
2017-10-07,0.7788
2017-10-08,0.7788
2017-10-09,0.7788
2017-10-10,0.7788
2017-10-11,0.7781
2017-10-12,0.7827
2017-10-13,0.7885
2017-10-14,0.7859
2017-10-15,0.7859
2017-10-16,0.7859
2017-10-17,0.7833
2017-10-18,0.7838
2017-10-19,0.7878
2017-10-20,0.7812
2017-10-21,0.7807
2017-10-22,0.7807
2017-10-23,0.7807
2017-10-24,0.778
2017-10-25,0.7694
2017-10-26,0.7688
2017-10-27,0.766
2017-10-28,0.7678
2017-10-29,0.7678
2017-10-30,0.7678
2017-10-31,0.7668
2017-11-01,0.7676
2017-11-02,0.7722
2017-11-03,0.765
2017-11-04,0.7673
2017-11-05,0.7673
2017-11-06,0.7673
2017-11-07,0.7637
2017-11-08,0.7677
2017-11-09,0.7668
2017-11-10,0.7622
2017-11-11,0.7622
2017-11-12,0.7622
2017-11-13,0.7622
2017-11-14,0.7628
2017-11-15,0.7576
2017-11-16,0.759
2017-11-17,0.7563
2017-11-18,0.7551
2017-11-19,0.7551
2017-11-20,0.7551
2017-11-21,0.7582
2017-11-22,0.7591
2017-11-23,0.7619
2017-11-24,0.7619
2017-11-25,0.7605
2017-11-26,0.7605
2017-11-27,0.7605
2017-11-28,0.7617
2017-11-29,0.7572
2017-11-30,0.7572
2017-12-01,0.7624
2017-12-02,0.7598
2017-12-03,0.7598
2017-12-04,0.7598
2017-12-05,0.7606
2017-12-06,0.7565
2017-12-07,0.7526
2017-12-08,0.7507
2017-12-09,0.754
2017-12-10,0.754
2017-12-11,0.754
2017-12-12,0.755
2017-12-13,0.7605
2017-12-14,0.7672
2017-12-15,0.7646
2017-12-16,0.7675
2017-12-17,0.7675
2017-12-18,0.7675
2017-12-19,0.7652
2017-12-20,0.7673
2017-12-21,0.7703
2017-12-22,0.7713
2017-12-23,0.7728
2017-12-24,0.7728
2017-12-25,0.7728
2017-12-26,0.7728
2017-12-27,0.7772
2017-12-28,0.7793
2017-12-29,0.7815
2017-12-30,0.7824
2017-12-31,0.7824
2018-01-01,0.7824
2018-01-02,0.7824
2018-01-03,0.784
2018-01-04,0.7856
2018-01-05,0.7859
2018-01-06,0.7838
2018-01-07,0.7838
2018-01-08,0.7838
2018-01-09,0.7822
2018-01-10,0.7841
2018-01-11,0.7885
2018-01-12,0.7886
2018-01-13,0.7958
2018-01-14,0.7958
2018-01-15,0.7958
2018-01-16,0.7958
2018-01-17,0.7982
2018-01-18,0.7993
2018-01-19,0.8001
2018-01-20,0.8004
2018-01-21,0.8004
2018-01-22,0.8004
2018-01-23,0.7984
2018-01-24,0.8066
2018-01-25,0.8089
2018-01-26,0.8105
2018-01-27,0.8089
2018-01-28,0.8089
2018-01-29,0.8089
2018-01-30,0.8076
2018-01-31,0.8069
2018-02-01,0.8028
2018-02-02,0.7929
2018-02-03,0.7926
2018-02-04,0.7926
2018-02-05,0.7926
2018-02-06,0.7877
2018-02-07,0.7842
2018-02-08,0.7789
2018-02-09,0.7809
2018-02-10,0.7836
2018-02-11,0.7836
2018-02-12,0.7836
2018-02-13,0.7857
2018-02-14,0.7873
2018-02-15,0.7912
2018-02-16,0.7925
2018-02-17,0.7903
2018-02-18,0.7903
2018-02-19,0.7903
2018-02-20,0.7903
2018-02-21,0.7833
2018-02-22,0.785
2018-02-23,0.7827
2018-02-24,0.7843
2018-02-25,0.7843
2018-02-26,0.7843
2018-02-27,0.7804
2018-02-28,0.7801
2018-03-01,0.7762
2018-03-02,0.7754
2018-03-03,0.7759
2018-03-04,0.7759
2018-03-05,0.7759
2018-03-06,0.7822
2018-03-07,0.7796
2018-03-08,0.7787
2018-03-09,0.7849
2018-03-10,0.7864
2018-03-11,0.7864
2018-03-12,0.7864
2018-03-13,0.7881
2018-03-14,0.7877
2018-03-15,0.7816
2018-03-16,0.7733
2018-03-17,0.7705
2018-03-18,0.7705
2018-03-19,0.7705
2018-03-20,0.7691
2018-03-21,0.7708
2018-03-22,0.7696
2018-03-23,0.7721
2018-03-24,0.7727
2018-03-25,0.7727
2018-03-26,0.7727
2018-03-27,0.7717
2018-03-28,0.7681
2018-03-29,0.7672
2018-03-30,0.769
2018-03-31,0.7658
2018-04-01,0.7658
2018-04-02,0.7658
2018-04-03,0.7674
2018-04-04,0.7701
2018-04-05,0.7688
2018-04-06,0.7684
2018-04-07,0.7708
2018-04-08,0.7708
2018-04-09,0.7708
2018-04-10,0.7762
2018-04-11,0.7765
2018-04-12,0.7757
2018-04-13,0.7768
2018-04-14,0.7777
2018-04-15,0.7777
2018-04-16,0.7777
2018-04-17,0.7768
2018-04-18,0.7784
2018-04-19,0.7751
2018-04-20,0.7671
2018-04-21,0.7614
2018-04-22,0.7614
2018-04-23,0.7614
2018-04-24,0.7598
2018-04-25,0.7559
2018-04-26,0.756
2018-04-27,0.7566
2018-04-28,0.7543
2018-04-29,0.7543
2018-04-30,0.7543
2018-05-01,0.7488
2018-05-02,0.7501
2018-05-03,0.7513
2018-05-04,0.7534
2018-05-05,0.7526
2018-05-06,0.7526
2018-05-07,0.7526
2018-05-08,0.7445
2018-05-09,0.7456
2018-05-10,0.7515
2018-05-11,0.7544
2018-05-12,0.7554
2018-05-13,0.7554
2018-05-14,0.7554
2018-05-15,0.7477
2018-05-16,0.7504
2018-05-17,0.7508
2018-05-18,0.7511
2018-05-19,0.7565
2018-05-20,0.7565
2018-05-21,0.7565
2018-05-22,0.7595
2018-05-23,0.7534
2018-05-24,0.7567
2018-05-25,0.7558
2018-05-26,0.7514
2018-05-27,0.7514
2018-05-28,0.7514
2018-05-29,0.7514
2018-05-30,0.7574
2018-05-31,0.757
2018-06-01,0.7566
2018-06-02,0.7648
2018-06-03,0.7648
2018-06-04,0.7648
2018-06-05,0.7606
2018-06-06,0.7677
2018-06-07,0.763
2018-06-08,0.7601
2018-06-09,0.7616
2018-06-10,0.7616
2018-06-11,0.7616
2018-06-12,0.7607
2018-06-13,0.7604
2018-06-14,0.7514
2018-06-15,0.7455
2018-06-16,0.7419
2018-06-17,0.7419
2018-06-18,0.7419
2018-06-19,0.7386
2018-06-20,0.7387
2018-06-21,0.7374
2018-06-22,0.7424
2018-06-23,0.7406
2018-06-24,0.7406
2018-06-25,0.7406
2018-06-26,0.7402
2018-06-27,0.7373
2018-06-28,0.7355
2018-06-29,0.7399
2018-06-30,0.7322
2018-07-01,0.7322
2018-07-02,0.7322
2018-07-03,0.7385
2018-07-04,0.7388
2018-07-05,0.7388
2018-07-06,0.7421
2018-07-07,0.7466
2018-07-08,0.7466
2018-07-09,0.7466
2018-07-10,0.7464
2018-07-11,0.74
2018-07-12,0.7418
2018-07-13,0.741
2018-07-14,0.7416
2018-07-15,0.7416
2018-07-16,0.7416
2018-07-17,0.7392
2018-07-18,0.7392
2018-07-19,0.7332
2018-07-20,0.741
2018-07-21,0.7383
2018-07-22,0.7383
2018-07-23,0.7383
2018-07-24,0.7416
2018-07-25,0.7412
2018-07-26,0.7384
2018-07-27,0.741
2018-07-28,0.7408
2018-07-29,0.7408
2018-07-30,0.7408
2018-07-31,0.7438
2018-08-01,0.7402
2018-08-02,0.7379
2018-08-03,0.7406
2018-08-04,0.7393
2018-08-05,0.7393
2018-08-06,0.7393
2018-08-07,0.7428
2018-08-08,0.742
2018-08-09,0.7394
2018-08-10,0.7298
2018-08-11,0.727
2018-08-12,0.727
2018-08-13,0.727
2018-08-14,0.724
2018-08-15,0.7233
2018-08-16,0.7276
2018-08-17,0.7282
2018-08-18,0.7308
2018-08-19,0.7308
2018-08-20,0.7308
2018-08-21,0.7352
2018-08-22,0.7352
2018-08-23,0.7264
2018-08-24,0.7332
2018-08-25,0.7346
2018-08-26,0.7346
2018-08-27,0.7346
2018-08-28,0.7352
2018-08-29,0.7292
2018-08-30,0.7262
2018-08-31,0.7192
2018-09-01,0.7174
2018-09-02,0.7174
2018-09-03,0.7174
2018-09-04,0.7174
2018-09-05,0.7189
2018-09-06,0.7198
2018-09-07,0.7135
2018-09-08,0.7118
2018-09-09,0.7118
2018-09-10,0.7118
2018-09-11,0.7107
2018-09-12,0.7161
2018-09-13,0.7192
2018-09-14,0.7178
2018-09-15,0.7186
2018-09-16,0.7186
2018-09-17,0.7186
2018-09-18,0.722
2018-09-19,0.7273
2018-09-20,0.7276
2018-09-21,0.7278
2018-09-22,0.7263
2018-09-23,0.7263
2018-09-24,0.7263
2018-09-25,0.7251
2018-09-26,0.726
2018-09-27,0.7218
2018-09-28,0.7238
2018-09-29,0.7223
2018-09-30,0.7223
2018-10-01,0.7223
2018-10-02,0.7199
2018-10-03,0.7138
2018-10-04,0.7078
2018-10-05,0.7048
2018-10-06,0.7092
2018-10-07,0.7092
2018-10-08,0.7092
2018-10-09,0.7092
2018-10-10,0.71
2018-10-11,0.7112
2018-10-12,0.7116
2018-10-13,0.7142
2018-10-14,0.7142
2018-10-15,0.7142
2018-10-16,0.714
2018-10-17,0.713
2018-10-18,0.7118
2018-10-19,0.7132
2018-10-20,0.7086
2018-10-21,0.7086
2018-10-22,0.7086
2018-10-23,0.7074
2018-10-24,0.7072
2018-10-25,0.7084
2018-10-26,0.7088
2018-10-27,0.7074
2018-10-28,0.7074
2018-10-29,0.7074
2018-10-30,0.7112
2018-10-31,0.709
2018-11-01,0.7189
2018-11-02,0.7199
2018-11-03,0.7198
2018-11-04,0.7198
2018-11-05,0.7198
2018-11-06,0.7221
2018-11-07,0.7282
2018-11-08,0.7286
2018-11-09,0.7226
2018-11-10,0.722
2018-11-11,0.722
2018-11-12,0.722
2018-11-13,0.722
2018-11-14,0.7219
2018-11-15,0.7269
2018-11-16,0.7312
2018-11-17,0.7291
2018-11-18,0.7291
2018-11-19,0.7291
2018-11-20,0.7246
2018-11-21,0.7267
2018-11-22,0.7225
2018-11-23,0.7225
2018-11-24,0.723
2018-11-25,0.723
2018-11-26,0.723
2018-11-27,0.7206
2018-11-28,0.7233
2018-11-29,0.7314
2018-11-30,0.7311
2018-12-01,0.736
2018-12-02,0.736
2018-12-03,0.736
2018-12-04,0.7353
2018-12-05,0.7216
2018-12-06,0.7216
2018-12-07,0.721
2018-12-08,0.719
2018-12-09,0.719
2018-12-10,0.719
2018-12-11,0.7204
2018-12-12,0.7223
2018-12-13,0.7228
2018-12-14,0.7176
2018-12-15,0.7182
2018-12-16,0.7182
2018-12-17,0.7182
2018-12-18,0.7172
2018-12-19,0.7172
2018-12-20,0.7104
2018-12-21,0.7072
2018-12-22,0.707
2018-12-23,0.707
2018-12-24,0.707
2018-12-25,0.707
2018-12-26,0.707
2018-12-27,0.702
2018-12-28,0.7044
2018-12-29,0.7046
2018-12-30,0.7046
2018-12-31,0.7046
2019-01-01,0.7
2019-01-02,0.7
2019-01-03,0.7014
2019-01-04,0.7108
2019-01-05,0.7143
2019-01-06,0.7143
2019-01-07,0.7143
2019-01-08,0.7134
2019-01-09,0.7172
2019-01-10,0.719
2019-01-11,0.7204
2019-01-12,0.7192
2019-01-13,0.7192
2019-01-14,0.7192
2019-01-15,0.7192
2019-01-16,0.7184
2019-01-17,0.7171
2019-01-18,0.7172
2019-01-19,0.7133
2019-01-20,0.7133
2019-01-21,0.7133
2019-01-22,0.7133
2019-01-23,0.7133
2019-01-24,0.7096
2019-01-25,0.7172
2019-01-26,0.7166
2019-01-27,0.7166
2019-01-28,0.7166
2019-01-29,0.7149
2019-01-30,0.7196
2019-01-31,0.7282
2019-02-01,0.726
2019-02-02,0.7218
2019-02-03,0.7218
2019-02-04,0.7218
2019-02-05,0.7234
2019-02-06,0.7128
2019-02-07,0.7093
2019-02-08,0.709
2019-02-09,0.7065
2019-02-10,0.7065
2019-02-11,0.7065
2019-02-12,0.7094
2019-02-13,0.7113
2019-02-14,0.7091
2019-02-15,0.7122
2019-02-16,0.7146
2019-02-17,0.7146
2019-02-18,0.7146
2019-02-19,0.7146
2019-02-20,0.708
2019-02-21,0.708
2019-02-22,0.7138
2019-02-23,0.7169
2019-02-24,0.7169
2019-02-25,0.7169
2019-02-26,0.7182
2019-02-27,0.7134
2019-02-28,0.7099
2019-03-01,0.708
2019-03-02,0.7084
2019-03-03,0.7084
2019-03-04,0.7084
2019-03-05,0.7073
2019-03-06,0.7023
2019-03-07,0.7032
2019-03-08,0.7048
2019-03-09,0.7056
2019-03-10,0.7056
2019-03-11,0.7056
2019-03-12,0.7082
2019-03-13,0.7087
2019-03-14,0.7061
2019-03-15,0.7089
2019-03-16,0.71
2019-03-17,0.71
2019-03-18,0.71
2019-03-19,0.7102
2019-03-20,0.7088
2019-03-21,0.711
2019-03-22,0.7091
2019-03-23,0.7114
2019-03-24,0.7114
2019-03-25,0.7114
2019-03-26,0.714
2019-03-27,0.707
2019-03-28,0.7079
2019-03-29,0.7104
2019-03-30,0.7117
2019-03-31,0.7117
2019-04-01,0.7117
2019-04-02,0.7058
2019-04-03,0.7124
2019-04-04,0.7112
2019-04-05,0.7099
2019-04-06,0.7124
2019-04-07,0.7124
2019-04-08,0.7124
2019-04-09,0.7129
2019-04-10,0.7158
2019-04-11,0.7128
2019-04-12,0.7176
2019-04-13,0.7178
2019-04-14,0.7178
2019-04-15,0.7178
2019-04-16,0.7174
2019-04-17,0.7168
2019-04-18,0.715
2019-04-19,0.715
2019-04-20,0.7134
2019-04-21,0.7134
2019-04-22,0.7134
2019-04-23,0.7096
2019-04-24,0.7026
2019-04-25,0.701
2019-04-26,0.7044
2019-04-27,0.7054
2019-04-28,0.7054
2019-04-29,0.7054
2019-04-30,0.704
2019-05-01,0.7038
2019-05-02,0.7002
2019-05-03,0.7018
2019-05-04,0.6995
2019-05-05,0.6995
2019-05-06,0.6995
2019-05-07,0.7004
2019-05-08,0.7004
2019-05-09,0.6976
2019-05-10,0.6998
2019-05-11,0.6948
2019-05-12,0.6948
2019-05-13,0.6948
2019-05-14,0.6946
2019-05-15,0.693
2019-05-16,0.6905
2019-05-17,0.6874
2019-05-18,0.6913
2019-05-19,0.6913
2019-05-20,0.6913
2019-05-21,0.6876
2019-05-22,0.688
2019-05-23,0.6896
2019-05-24,0.6914
2019-05-25,0.693
2019-05-26,0.693
2019-05-27,0.693
2019-05-28,0.693
2019-05-29,0.6912
2019-05-30,0.691
2019-05-31,0.693
2019-06-01,0.6955
2019-06-02,0.6955
2019-06-03,0.6955
2019-06-04,0.6987
2019-06-05,0.6974
2019-06-06,0.6984
2019-06-07,0.7002
2019-06-08,0.6964
2019-06-09,0.6964
2019-06-10,0.6964
2019-06-11,0.6956
2019-06-12,0.6942
2019-06-13,0.691
2019-06-14,0.6872
2019-06-15,0.686
2019-06-16,0.686
2019-06-17,0.686
2019-06-18,0.6872
2019-06-19,0.687
2019-06-20,0.6917
2019-06-21,0.692
2019-06-22,0.6964
2019-06-23,0.6964
2019-06-24,0.6964
2019-06-25,0.6975
2019-06-26,0.699
2019-06-27,0.6998
2019-06-28,0.7009
2019-06-29,0.6963
2019-06-30,0.6963
2019-07-01,0.6963
2019-07-02,0.6992
2019-07-03,0.7033
2019-07-04,0.6968
2019-07-05,0.6968
2019-07-06,0.6968
2019-07-07,0.6968
2019-07-08,0.6968
2019-07-09,0.6927
2019-07-10,0.6964
2019-07-11,0.6982
2019-07-12,0.7007
2019-07-13,0.7036
2019-07-14,0.7036
2019-07-15,0.7036
2019-07-16,0.702
2019-07-17,0.7021
2019-07-18,0.7043
2019-07-19,0.7042
2019-07-20,0.7042
2019-07-21,0.7042
2019-07-22,0.7042
2019-07-23,0.6999
2019-07-24,0.6978
2019-07-25,0.6954
2019-07-26,0.6908
2019-07-27,0.6908
2019-07-28,0.6908
2019-07-29,0.6908
2019-07-30,0.6872
2019-07-31,0.6888
2019-08-01,0.6858
2019-08-02,0.6806
2019-08-03,0.678
2019-08-04,0.678
2019-08-05,0.678
2019-08-06,0.677
2019-08-07,0.6754
2019-08-08,0.6812
2019-08-09,0.6796
2019-08-10,0.6756
2019-08-11,0.6756
2019-08-12,0.6756
2019-08-13,0.6798
2019-08-14,0.6742
2019-08-15,0.6784
2019-08-16,0.6782
2019-08-17,0.6772
2019-08-18,0.6772
2019-08-19,0.6772
2019-08-20,0.6777
2019-08-21,0.6792
2019-08-22,0.6764
2019-08-23,0.6749
2019-08-24,0.6782
2019-08-25,0.6782
2019-08-26,0.6782
2019-08-27,0.6758
2019-08-28,0.6746
2019-08-29,0.6734
2019-08-30,0.673
2019-08-31,0.6758
2019-09-01,0.6758
2019-09-02,0.6758
2019-09-03,0.6758
2019-09-04,0.6796
2019-09-05,0.682
2019-09-06,0.6856
2019-09-07,0.6874
2019-09-08,0.6874
2019-09-09,0.6874
2019-09-10,0.6868
2019-09-11,0.6858
2019-09-12,0.6871
2019-09-13,0.6886
2019-09-14,0.6865
2019-09-15,0.6865
2019-09-16,0.6865
2019-09-17,0.6858
2019-09-18,0.6844
2019-09-19,0.6795
2019-09-20,0.677
2019-09-21,0.6772
2019-09-22,0.6772
2019-09-23,0.6772
2019-09-24,0.6793
2019-09-25,0.675
2019-09-26,0.6754
2019-09-27,0.6764
2019-09-28,0.6746
2019-09-29,0.6746
2019-09-30,0.6746
2019-10-01,0.6703
2019-10-02,0.6698
2019-10-03,0.6751
2019-10-04,0.6764
2019-10-05,0.6742
2019-10-06,0.6742
2019-10-07,0.6742
2019-10-08,0.6727
2019-10-09,0.673
2019-10-10,0.677
2019-10-11,0.6804
2019-10-12,0.6757
2019-10-13,0.6757
2019-10-14,0.6757
2019-10-15,0.6757
2019-10-16,0.6755
2019-10-17,0.6826
2019-10-18,0.6846
2019-10-19,0.6867
2019-10-20,0.6867
2019-10-21,0.6867
2019-10-22,0.6863
2019-10-23,0.6847
2019-10-24,0.6817
2019-10-25,0.6829
2019-10-26,0.6839
2019-10-27,0.6839
2019-10-28,0.6839
2019-10-29,0.6862
2019-10-30,0.6872
2019-10-31,0.6888
2019-11-01,0.6914
2019-11-02,0.6898
2019-11-03,0.6898
2019-11-04,0.6898
2019-11-05,0.6892
2019-11-06,0.6881
2019-11-07,0.6895
2019-11-08,0.6854
2019-11-09,0.6846
2019-11-10,0.6846
2019-11-11,0.6846
2019-11-12,0.6846
2019-11-13,0.6831
2019-11-14,0.678
2019-11-15,0.681
2019-11-16,0.682
2019-11-17,0.682
2019-11-18,0.682
2019-11-19,0.6826
2019-11-20,0.6797
2019-11-21,0.6793
2019-11-22,0.6784
2019-11-23,0.677
2019-11-24,0.677
2019-11-25,0.677
2019-11-26,0.6787
2019-11-27,0.678
2019-11-28,0.6762
2019-11-29,0.6762
2019-11-30,0.6819
2019-12-01,0.6819
2019-12-02,0.6819
2019-12-03,0.6841
2019-12-04,0.6851
2019-12-05,0.6834
2019-12-06,0.6836
2019-12-07,0.6832
2019-12-08,0.6832
2019-12-09,0.6832
2019-12-10,0.6814
2019-12-11,0.6864
2019-12-12,0.6896
2019-12-13,0.6871
2019-12-14,0.6887
2019-12-15,0.6887
2019-12-16,0.6887
2019-12-17,0.6847
2019-12-18,0.6854
2019-12-19,0.6887
2019-12-20,0.6902
2019-12-21,0.6917
2019-12-22,0.6917
2019-12-23,0.6917
2019-12-24,0.6923
2019-12-25,0.6939
2019-12-26,0.6939
2019-12-27,0.6978
2019-12-28,0.7004
2019-12-29,0.7004
2019-12-30,0.7004
2019-12-31,0.703
2020-01-01,0.6982
2020-01-02,0.6982
2020-01-03,0.6963
2020-01-04,0.6932
2020-01-05,0.6932
2020-01-06,0.6932
2020-01-07,0.6861
2020-01-08,0.687
2020-01-09,0.6856
2020-01-10,0.6903
2020-01-11,0.6911
2020-01-12,0.6911
2020-01-13,0.6911
2020-01-14,0.6905
2020-01-15,0.6911
2020-01-16,0.6895
2020-01-17,0.6877
2020-01-18,0.6853
2020-01-19,0.6853
2020-01-20,0.6853
2020-01-21,0.6853
2020-01-22,0.6836
2020-01-23,0.6834
2020-01-24,0.6824
2020-01-25,0.6757
2020-01-26,0.6757
2020-01-27,0.6757
2020-01-28,0.6753
2020-01-29,0.6744
2020-01-30,0.6715
2020-01-31,0.6699
2020-02-01,0.6688
2020-02-02,0.6688
2020-02-03,0.6688
2020-02-04,0.6732
2020-02-05,0.6748
2020-02-06,0.6738
2020-02-07,0.6679
2020-02-08,0.6674
2020-02-09,0.6674
2020-02-10,0.6674
2020-02-11,0.6712
2020-02-12,0.6746
2020-02-13,0.6729
2020-02-14,0.6719
2020-02-15,0.6693
2020-02-16,0.6693
2020-02-17,0.6693
2020-02-18,0.6693
2020-02-19,0.6673
2020-02-20,0.6618
2020-02-21,0.6632
2020-02-22,0.6612
2020-02-23,0.6612
2020-02-24,0.6612
2020-02-25,0.6597
2020-02-26,0.6556
2020-02-27,0.6582
2020-02-28,0.6495
2020-02-29,0.6524
2020-03-01,0.6524
2020-03-02,0.6524
2020-03-03,0.6617
2020-03-04,0.6609
2020-03-05,0.66
2020-03-06,0.6634
2020-03-07,0.6654
2020-03-08,0.6654
2020-03-09,0.6654
2020-03-10,0.647
2020-03-11,0.6512
2020-03-12,0.628
2020-03-13,0.6161
2020-03-14,0.6132
2020-03-15,0.6132
2020-03-16,0.6132
2020-03-17,0.5976
2020-03-18,0.582
2020-03-19,0.5859
2020-03-20,0.5841
2020-03-21,0.5755
2020-03-22,0.5755
2020-03-23,0.5755
2020-03-24,0.5927
2020-03-25,0.5957
2020-03-26,0.6054
2020-03-27,0.6126
2020-03-28,0.6145
2020-03-29,0.6145
2020-03-30,0.6145
2020-03-31,0.6139
2020-04-01,0.6107
2020-04-02,0.6047
2020-04-03,0.6001
2020-04-04,0.6096
2020-04-05,0.6096
2020-04-06,0.6096
2020-04-07,0.6187
2020-04-08,0.6223
2020-04-09,0.6309
2020-04-10,0.6349
2020-04-11,0.638
2020-04-12,0.638
2020-04-13,0.638
2020-04-14,0.6419
2020-04-15,0.6328
2020-04-16,0.6301
2020-04-17,0.6357
2020-04-18,0.6387
2020-04-19,0.6387
2020-04-20,0.6387
2020-04-21,0.6279
2020-04-22,0.632
2020-04-23,0.6388
2020-04-24,0.6377
2020-04-25,0.646
2020-04-26,0.646
2020-04-27,0.646
2020-04-28,0.6499
2020-04-29,0.6536
2020-04-30,0.6523
2020-05-01,0.6424
2020-05-02,0.6412
2020-05-03,0.6412
2020-05-04,0.6412
2020-05-05,0.6458
2020-05-06,0.6414
2020-05-07,0.65
2020-05-08,0.6543
2020-05-09,0.6472
2020-05-10,0.6472
2020-05-11,0.6472
2020-05-12,0.6509
2020-05-13,0.6463
2020-05-14,0.6422
2020-05-15,0.641
2020-05-16,0.6513
2020-05-17,0.6513
2020-05-18,0.6513
2020-05-19,0.6567
2020-05-20,0.6601
2020-05-21,0.6562
2020-05-22,0.6528
2020-05-23,0.6644
2020-05-24,0.6644
2020-05-25,0.6644
2020-05-26,0.6644
2020-05-27,0.659
2020-05-28,0.6664
2020-05-29,0.6642
2020-05-30,0.6785
2020-05-31,0.6785
2020-06-01,0.6785
2020-06-02,0.6872
2020-06-03,0.6948
2020-06-04,0.6944
2020-06-05,0.6983
2020-06-06,0.6995
2020-06-07,0.6995
2020-06-08,0.6995
2020-06-09,0.6964
2020-06-10,0.7004
2020-06-11,0.6889
2020-06-12,0.6854
2020-06-13,0.6851
2020-06-14,0.6851
2020-06-15,0.6851
2020-06-16,0.6886
2020-06-17,0.6897
2020-06-18,0.6847
2020-06-19,0.6856
2020-06-20,0.6904
2020-06-21,0.6904
2020-06-22,0.6904
2020-06-23,0.6955
2020-06-24,0.6875
2020-06-25,0.6868
2020-06-26,0.6861
2020-06-27,0.6851
2020-06-28,0.6851
2020-06-29,0.6851
2020-06-30,0.6893
2020-07-01,0.6917
2020-07-02,0.6921
2020-07-03,0.6973
2020-07-04,0.6973
2020-07-05,0.6973
2020-07-06,0.6973
2020-07-07,0.6972
2020-07-08,0.6967
2020-07-09,0.6958
2020-07-10,0.6959
2020-07-11,0.6983
2020-07-12,0.6983
2020-07-13,0.6983
2020-07-14,0.697
2020-07-15,0.7003
2020-07-16,0.7008
2020-07-17,0.6994
2020-07-18,0.7009
2020-07-19,0.7009
2020-07-20,0.7009
2020-07-21,0.7111
2020-07-22,0.7147
2020-07-23,0.7136
2020-07-24,0.7094
2020-07-25,0.7134
2020-07-26,0.7134
2020-07-27,0.7134
2020-07-28,0.7161
2020-07-29,0.7168
2020-07-30,0.7139
2020-07-31,0.7159
2020-08-01,0.7107
2020-08-02,0.7107
2020-08-03,0.7107
2020-08-04,0.715
2020-08-05,0.7216
2020-08-06,0.7228
2020-08-07,0.7163
2020-08-08,0.7162
2020-08-09,0.7162
2020-08-10,0.7162
2020-08-11,0.7155
2020-08-12,0.7167
2020-08-13,0.716
2020-08-14,0.7168
2020-08-15,0.7211
2020-08-16,0.7211
2020-08-17,0.7211
2020-08-18,0.7235
2020-08-19,0.7234
2020-08-20,0.7178
2020-08-21,0.7156
2020-08-22,0.7174
2020-08-23,0.7174
2020-08-24,0.7174
2020-08-25,0.718
2020-08-26,0.7222
2020-08-27,0.726
2020-08-28,0.7352
2020-08-29,0.7388
2020-08-30,0.7388
2020-08-31,0.7388
2020-09-01,0.7375
2020-09-02,0.7319
2020-09-03,0.7272
2020-09-04,0.7264
2020-09-05,0.723
2020-09-06,0.723
2020-09-07,0.723
2020-09-08,0.723
2020-09-09,0.7275
2020-09-10,0.7287
2020-09-11,0.7277
2020-09-12,0.7299
2020-09-13,0.7299
2020-09-14,0.7299
2020-09-15,0.7296
2020-09-16,0.7336
2020-09-17,0.7289
2020-09-18,0.7311
2020-09-19,0.7212
2020-09-20,0.7212
2020-09-21,0.7212
2020-09-22,0.7173
2020-09-23,0.7093
2020-09-24,0.7046
2020-09-25,0.7012
2020-09-26,0.7067
2020-09-27,0.7067
2020-09-28,0.7067
2020-09-29,0.7109
2020-09-30,0.716
2020-10-01,0.7189
2020-10-02,0.7147
2020-10-03,0.7181
2020-10-04,0.7181
2020-10-05,0.7181
2020-10-06,0.7149
2020-10-07,0.714
2020-10-08,0.7158
2020-10-09,0.7237
2020-10-10,0.7165
2020-10-11,0.7165
2020-10-12,0.7165
2020-10-13,0.7165
2020-10-14,0.7169
2020-10-15,0.7079
2020-10-16,0.7083
2020-10-17,0.709
2020-10-18,0.709
2020-10-19,0.709
2020-10-20,0.7057
2020-10-21,0.712
2020-10-22,0.7109
2020-10-23,0.7118
2020-10-24,0.712
2020-10-25,0.712
2020-10-26,0.712
2020-10-27,0.7143
2020-10-28,0.7067
2020-10-29,0.7006
2020-10-30,0.7023
2020-10-31,0.7045
2020-11-01,0.7045
2020-11-02,0.7045
2020-11-03,0.7159
2020-11-04,0.7192
2020-11-05,0.7265
2020-11-06,0.7268
2020-11-07,0.7275
2020-11-08,0.7275
2020-11-09,0.7275
2020-11-10,0.7273
2020-11-11,0.7267
2020-11-12,0.7267
2020-11-13,0.7256
2020-11-14,0.7323
2020-11-15,0.7323
2020-11-16,0.7323
2020-11-17,0.7298
2020-11-18,0.7325
2020-11-19,0.7265
2020-11-20,0.7315
2020-11-21,0.7279
2020-11-22,0.7279
2020-11-23,0.7279
2020-11-24,0.7351
2020-11-25,0.736
2020-11-26,0.7351
2020-11-27,0.7351
2020-11-28,0.7351
2020-11-29,0.7351
2020-11-30,0.7351
2020-12-01,0.7355
2020-12-02,0.7395
2020-12-03,0.7444
2020-12-04,0.7438
2020-12-05,0.7449
2020-12-06,0.7449
2020-12-07,0.7449
2020-12-08,0.7414
2020-12-09,0.7451
2020-12-10,0.752
2020-12-11,0.7532
2020-12-12,0.7537
2020-12-13,0.7537
2020-12-14,0.7537
2020-12-15,0.7555
2020-12-16,0.7565
2020-12-17,0.762
2020-12-18,0.7615
2020-12-19,0.7575
2020-12-20,0.7575
2020-12-21,0.7575
2020-12-22,0.7531
2020-12-23,0.7587
2020-12-24,0.7568
2020-12-25,0.7568
2020-12-26,0.7568
2020-12-27,0.7568
2020-12-28,0.7568
2020-12-29,0.7623
2020-12-30,0.7682
2020-12-31,0.7709
2021-01-01,0.7657
2021-01-02,0.7657
2021-01-03,0.7657
2021-01-04,0.7657
2021-01-05,0.7752
2021-01-06,0.7787
2021-01-07,0.7755
2021-01-08,0.7778
2021-01-09,0.7714
2021-01-10,0.7714
2021-01-11,0.7714
2021-01-12,0.7732
2021-01-13,0.774
2021-01-14,0.779
2021-01-15,0.7723
2021-01-16,0.7703
2021-01-17,0.7703
2021-01-18,0.7703
2021-01-19,0.7703
2021-01-20,0.7754
2021-01-21,0.7754
2021-01-22,0.7728
2021-01-23,0.7703
2021-01-24,0.7703
2021-01-25,0.7703
2021-01-26,0.7737
2021-01-27,0.768
2021-01-28,0.7674
2021-01-29,0.7661
2021-01-30,0.7625
2021-01-31,0.7625
2021-02-01,0.7625
2021-02-02,0.7586
2021-02-03,0.7622
2021-02-04,0.7599
2021-02-05,0.7656
2021-02-06,0.7702
2021-02-07,0.7702
2021-02-08,0.7702
2021-02-09,0.7724
2021-02-10,0.7735
2021-02-11,0.7756
2021-02-12,0.7762
2021-02-13,0.7759
2021-02-14,0.7759
2021-02-15,0.7759
2021-02-16,0.7759
2021-02-17,0.774
2021-02-18,0.775
2021-02-19,0.7873
2021-02-20,0.7916
2021-02-21,0.7916
2021-02-22,0.7916
2021-02-23,0.7902
2021-02-24,0.7935
2021-02-25,0.7953
2021-02-26,0.772
2021-02-27,0.7776
2021-02-28,0.7776
2021-03-01,0.7776
2021-03-02,0.7822
2021-03-03,0.7808
2021-03-04,0.7807
2021-03-05,0.7665
2021-03-06,0.7653
2021-03-07,0.7653
2021-03-08,0.7653
2021-03-09,0.7699
2021-03-10,0.7721
2021-03-11,0.7773
2021-03-12,0.7772
2021-03-13,0.7729
2021-03-14,0.7729
2021-03-15,0.7729
2021-03-16,0.7748
2021-03-17,0.7709
2021-03-18,0.7795
2021-03-19,0.7746
2021-03-20,0.775
2021-03-21,0.775
2021-03-22,0.775
2021-03-23,0.7682
2021-03-24,0.7622
2021-03-25,0.757
2021-03-26,0.7629
2021-03-27,0.7643
2021-03-28,0.7643
2021-03-29,0.7643
2021-03-30,0.7607
2021-03-31,0.7613
2021-04-01,0.7604
2021-04-02,0.7607
2021-04-03,0.7657
2021-04-04,0.7657
2021-04-05,0.7657
2021-04-06,0.766
2021-04-07,0.7627
2021-04-08,0.764
2021-04-09,0.7631
2021-04-10,0.762
2021-04-11,0.762
2021-04-12,0.762
2021-04-13,0.7629
2021-04-14,0.7731
2021-04-15,0.7746
2021-04-16,0.7734
2021-04-17,0.7759
2021-04-18,0.7759
2021-04-19,0.7759
2021-04-20,0.7742
2021-04-21,0.7755
2021-04-22,0.7725
2021-04-23,0.7739
2021-04-24,0.7802
2021-04-25,0.7802
2021-04-26,0.7802
2021-04-27,0.7775
2021-04-28,0.7768
2021-04-29,0.7759
2021-04-30,0.7716
2021-05-01,0.7758
2021-05-02,0.7758
2021-05-03,0.7758
2021-05-04,0.7688
2021-05-05,0.775
2021-05-06,0.7768
2021-05-07,0.7861
2021-05-08,0.7876
2021-05-09,0.7876
2021-05-10,0.7876
2021-05-11,0.7843
2021-05-12,0.7734
2021-05-13,0.7723
2021-05-14,0.7776
2021-05-15,0.7765
2021-05-16,0.7765
2021-05-17,0.7765
2021-05-18,0.7782
2021-05-19,0.7753
2021-05-20,0.778
2021-05-21,0.7731
2021-05-22,0.7741
2021-05-23,0.7741
2021-05-24,0.7741
2021-05-25,0.7741
2021-05-26,0.7743
2021-05-27,0.7736
2021-05-28,0.7706
2021-05-29,0.7765
2021-05-30,0.7765
2021-05-31,0.7765
2021-06-01,0.7765
2021-06-02,0.7752
2021-06-03,0.7652
2021-06-04,0.7742
2021-06-05,0.7765
2021-06-06,0.7765
2021-06-07,0.7765
2021-06-08,0.7741
2021-06-09,0.7731
2021-06-10,0.7752
2021-06-11,0.7696
2021-06-12,0.7718
2021-06-13,0.7718
2021-06-14,0.7718
2021-06-15,0.7676
2021-06-16,0.7712
2021-06-17,0.7555
2021-06-18,0.7499
2021-06-19,0.7528
2021-06-20,0.7528
2021-06-21,0.7528
2021-06-22,0.7528
2021-06-23,0.7589
2021-06-24,0.7573
2021-06-25,0.7595
2021-06-26,0.7574
2021-06-27,0.7574
2021-06-28,0.7574
2021-06-29,0.7517
2021-06-30,0.7496
2021-07-01,0.7472
2021-07-02,0.7499
2021-07-03,0.7496
2021-07-04,0.7496
2021-07-05,0.7496
2021-07-06,0.7496
2021-07-07,0.7485
2021-07-08,0.7437
2021-07-09,0.748
2021-07-10,0.749
2021-07-11,0.749
2021-07-12,0.749
2021-07-13,0.7471
2021-07-14,0.7469
2021-07-15,0.7436
2021-07-16,0.7409
2021-07-17,0.7343
2021-07-18,0.7343
2021-07-19,0.7343
2021-07-20,0.7325
2021-07-21,0.7357
2021-07-22,0.7365
2021-07-23,0.7364
2021-07-24,0.7386
2021-07-25,0.7386
2021-07-26,0.7386
2021-07-27,0.7368
2021-07-28,0.7349
2021-07-29,0.74
2021-07-30,0.7351
2021-07-31,0.7364
2021-08-01,0.7364
2021-08-02,0.7364
2021-08-03,0.7385
2021-08-04,0.7378
2021-08-05,0.7409
2021-08-06,0.7357
2021-08-07,0.734
2021-08-08,0.734
2021-08-09,0.734
2021-08-10,0.7346
2021-08-11,0.7374
2021-08-12,0.7345
2021-08-13,0.7377
2021-08-14,0.7339
2021-08-15,0.7339
2021-08-16,0.7339
2021-08-17,0.7254
2021-08-18,0.7236
2021-08-19,0.717
2021-08-20,0.7133
2021-08-21,0.7208
2021-08-22,0.7208
2021-08-23,0.7208
2021-08-24,0.7254
2021-08-25,0.7266
2021-08-26,0.7248
2021-08-27,0.7309
2021-08-28,0.7295
2021-08-29,0.7295
2021-08-30,0.7295
2021-08-31,0.7307
2021-09-01,0.7369
2021-09-02,0.7401
2021-09-03,0.7442
2021-09-04,0.7394
2021-09-05,0.7394
2021-09-06,0.7394
2021-09-07,0.7394
2021-09-08,0.7368
2021-09-09,0.738
2021-09-10,0.7366
2021-09-11,0.737
2021-09-12,0.737
2021-09-13,0.737
2021-09-14,0.7335
2021-09-15,0.7324
2021-09-16,0.7288
2021-09-17,0.7276
2021-09-18,0.7248
2021-09-19,0.7248
2021-09-20,0.7248
2021-09-21,0.724
2021-09-22,0.7264
2021-09-23,0.7297
2021-09-24,0.7258
2021-09-25,0.7284
2021-09-26,0.7284
2021-09-27,0.7284
2021-09-28,0.7237
2021-09-29,0.719
2021-09-30,0.7228
2021-10-01,0.7271
2021-10-02,0.7284
2021-10-03,0.7284
2021-10-04,0.7284
2021-10-05,0.7295
2021-10-06,0.7258
2021-10-07,0.7321
2021-10-08,0.7308
2021-10-09,0.7366
2021-10-10,0.7366
2021-10-11,0.7366
2021-10-12,0.7366
2021-10-13,0.7371
2021-10-14,0.7419
2021-10-15,0.7416
2021-10-16,0.7417
2021-10-17,0.7417
2021-10-18,0.7417
2021-10-19,0.7481
2021-10-20,0.7512
2021-10-21,0.7492
2021-10-22,0.7463
2021-10-23,0.7494
2021-10-24,0.7494
2021-10-25,0.7494
2021-10-26,0.7497
2021-10-27,0.7515
2021-10-28,0.7547
2021-10-29,0.751
2021-10-30,0.7534
2021-10-31,0.7534
2021-11-01,0.7534
2021-11-02,0.7429
2021-11-03,0.743
2021-11-04,0.7402
2021-11-05,0.7408
2021-11-06,0.7429
2021-11-07,0.7429
2021-11-08,0.7429
2021-11-09,0.7369
2021-11-10,0.736
2021-11-11,0.7322
2021-11-12,0.7322
2021-11-13,0.7361
2021-11-14,0.7361
2021-11-15,0.7361
2021-11-16,0.7309
2021-11-17,0.7273
2021-11-18,0.727
2021-11-19,0.7257
2021-11-20,0.7235
2021-11-21,0.7235
2021-11-22,0.7235
2021-11-23,0.7222
2021-11-24,0.7197
2021-11-25,0.7124
2021-11-26,0.7124
2021-11-27,0.7119
2021-11-28,0.7119
2021-11-29,0.7119
2021-11-30,0.7088
2021-12-01,0.7132
2021-12-02,0.7097
2021-12-03,0.7011
2021-12-04,0.7044
2021-12-05,0.7044
2021-12-06,0.7044
2021-12-07,0.7113
2021-12-08,0.7167
2021-12-09,0.7146
2021-12-10,0.7177
2021-12-11,0.7123
2021-12-12,0.7123
2021-12-13,0.7123
2021-12-14,0.7103
2021-12-15,0.7125
2021-12-16,0.7191
2021-12-17,0.7148
2021-12-18,0.7117
2021-12-19,0.7117
2021-12-20,0.7117
2021-12-21,0.714
2021-12-22,0.7215
2021-12-23,0.724
2021-12-24,0.7238
2021-12-25,0.7238
2021-12-26,0.7238
2021-12-27,0.7238
2021-12-28,0.7233
2021-12-29,0.7241
2021-12-30,0.726
2021-12-31,0.7195
2022-01-01,0.7195
2022-01-02,0.7195
2022-01-03,0.7195
2022-01-04,0.7241
2022-01-05,0.726
2022-01-06,0.7168
2022-01-07,0.7186
2022-01-08,0.717
2022-01-09,0.717
2022-01-10,0.717
2022-01-11,0.7198
2022-01-12,0.7277
2022-01-13,0.7299
2022-01-14,0.7222
2022-01-15,0.7188
2022-01-16,0.7188
2022-01-17,0.7188
2022-01-18,0.7188
2022-01-19,0.7226
2022-01-20,0.7266
2022-01-21,0.7199
2022-01-22,0.7101
2022-01-23,0.7101
2022-01-24,0.7101
2022-01-25,0.7138
2022-01-26,0.7167
2022-01-27,0.7044
2022-01-28,0.6998
2022-01-29,0.7064
2022-01-30,0.7064
2022-01-31,0.7064
2022-02-01,0.711
2022-02-02,0.7125
2022-02-03,0.7143
2022-02-04,0.7067
2022-02-05,0.7111
2022-02-06,0.7111
2022-02-07,0.7111
2022-02-08,0.7133
2022-02-09,0.7183
2022-02-10,0.7245
2022-02-11,0.7177
2022-02-12,0.7127
2022-02-13,0.7127
2022-02-14,0.7127
2022-02-15,0.7152
2022-02-16,0.7183
2022-02-17,0.7195
2022-02-18,0.7174
2022-02-19,0.7226
2022-02-20,0.7226
2022-02-21,0.7226
2022-02-22,0.7226
2022-02-23,0.7245
2022-02-24,0.7133
2022-02-25,0.7218
2022-02-26,0.7261
2022-02-27,0.7261
2022-02-28,0.7261
2022-03-01,0.7248
2022-03-02,0.7282
2022-03-03,0.7315
2022-03-04,0.7362
2022-03-05,0.7321
2022-03-06,0.7321
2022-03-07,0.7321
2022-03-08,0.7262
2022-03-09,0.7323
2022-03-10,0.7361
2022-03-11,0.7308
2022-03-12,0.7228
2022-03-13,0.7228
2022-03-14,0.7228
2022-03-15,0.7196
2022-03-16,0.7251
2022-03-17,0.7388
2022-03-18,0.7402
2022-03-19,0.7419
2022-03-20,0.7419
2022-03-21,0.7419
2022-03-22,0.7438
2022-03-23,0.7498
2022-03-24,0.7505
2022-03-25,0.7501
2022-03-26,0.7483
2022-03-27,0.7483
2022-03-28,0.7483
2022-03-29,0.7502
2022-03-30,0.7508
2022-03-31,0.7499
2022-04-01,0.7493
2022-04-02,0.7549
2022-04-03,0.7549
2022-04-04,0.7549
2022-04-05,0.7598
2022-04-06,0.7542
2022-04-07,0.7472
2022-04-08,0.7461
2022-04-09,0.742
2022-04-10,0.742
2022-04-11,0.742
2022-04-12,0.748
2022-04-13,0.743
2022-04-14,0.7404
2022-04-15,0.7401
2022-04-16,0.7353
2022-04-17,0.7353
2022-04-18,0.7353
2022-04-19,0.737
2022-04-20,0.7452
2022-04-21,0.7376
2022-04-22,0.7257
2022-04-23,0.7147
2022-04-24,0.7147
2022-04-25,0.7147
2022-04-26,0.7145
2022-04-27,0.7124
2022-04-28,0.7077
2022-04-29,0.7101
2022-04-30,0.7058
2022-05-01,0.7058
2022-05-02,0.7058
2022-05-03,0.7099
2022-05-04,0.7145
2022-05-05,0.7089
2022-05-06,0.7091
2022-05-07,0.6989
2022-05-08,0.6989
2022-05-09,0.6989
2022-05-10,0.6925
2022-05-11,0.6994
2022-05-12,0.6852
2022-05-13,0.6918
2022-05-14,0.6943
2022-05-15,0.6943
2022-05-16,0.6943
2022-05-17,0.7013
2022-05-18,0.6998
2022-05-19,0.7057
2022-05-20,0.7032
2022-05-21,0.7099
2022-05-22,0.7099
2022-05-23,0.7099
2022-05-24,0.7081
2022-05-25,0.7066
2022-05-26,0.7078
2022-05-27,0.7155
2022-05-28,0.7188
2022-05-29,0.7188
2022-05-30,0.7188
2022-05-31,0.7188
2022-06-01,0.7164
2022-06-02,0.7251
2022-06-03,0.7209
2022-06-04,0.7207
2022-06-05,0.7207
2022-06-06,0.7207
2022-06-07,0.7212
2022-06-08,0.7218
2022-06-09,0.712
2022-06-10,0.7054
2022-06-11,0.6946
2022-06-12,0.6946
2022-06-13,0.6946
2022-06-14,0.6885
2022-06-15,0.6946
2022-06-16,0.6998
2022-06-17,0.6923
2022-06-18,0.6975
2022-06-19,0.6975
2022-06-20,0.6975
2022-06-21,0.6975
2022-06-22,0.6934
2022-06-23,0.6893
2022-06-24,0.6946
2022-06-25,0.6942
2022-06-26,0.6942
2022-06-27,0.6942
2022-06-28,0.6916
2022-06-29,0.6887
2022-06-30,0.6905
2022-07-01,0.6789
2022-07-02,0.6774
2022-07-03,0.6774
2022-07-04,0.6774
2022-07-05,0.6774
2022-07-06,0.6774
2022-07-07,0.6827
2022-07-08,0.6858
2022-07-09,0.675
2022-07-10,0.675
2022-07-11,0.675
2022-07-12,0.6772
2022-07-13,0.6786
2022-07-14,0.6744
2022-07-15,0.6793
2022-07-16,0.6838
2022-07-17,0.6838
2022-07-18,0.6838
2022-07-19,0.6904
2022-07-20,0.6897
2022-07-21,0.6896
2022-07-22,0.6948
2022-07-23,0.6954
2022-07-24,0.6954
2022-07-25,0.6954
2022-07-26,0.6939
2022-07-27,0.6921
2022-07-28,0.6971
2022-07-29,0.6985
2022-07-30,0.7035
2022-07-31,0.7035
2022-08-01,0.7035
2022-08-02,0.6952
2022-08-03,0.693
2022-08-04,0.6966
2022-08-05,0.6901
2022-08-06,0.6991
2022-08-07,0.6991
2022-08-08,0.6991
2022-08-09,0.6973
2022-08-10,0.7099
2022-08-11,0.7119
2022-08-12,0.7106
2022-08-13,0.7046
2022-08-14,0.7046
2022-08-15,0.7046
2022-08-16,0.7011
2022-08-17,0.6914
2022-08-18,0.693
2022-08-19,0.687
2022-08-20,0.6871
2022-08-21,0.6871
2022-08-22,0.6871
2022-08-23,0.6943
2022-08-24,0.6913
2022-08-25,0.6961
2022-08-26,0.6921
2022-08-27,0.6909
2022-08-28,0.6909
2022-08-29,0.6909
2022-08-30,0.6875
2022-08-31,0.6866
2022-09-01,0.678
2022-09-02,0.6845
2022-09-03,0.675
2022-09-04,0.675
2022-09-05,0.675
2022-09-06,0.675
2022-09-07,0.6731
2022-09-08,0.674
2022-09-09,0.6846
2022-09-10,0.6887
2022-09-11,0.6887
2022-09-12,0.6887
2022-09-13,0.6763
2022-09-14,0.6752
2022-09-15,0.6708
2022-09-16,0.6703
2022-09-17,0.6694
2022-09-18,0.6694
2022-09-19,0.6694
2022-09-20,0.6704
2022-09-21,0.6661
2022-09-22,0.6636
2022-09-23,0.6543
2022-09-24,0.6466
2022-09-25,0.6466
2022-09-26,0.6466
2022-09-27,0.6445
2022-09-28,0.6512
2022-09-29,0.649
2022-09-30,0.6437
2022-10-01,0.6501
2022-10-02,0.6501
2022-10-03,0.6501
2022-10-04,0.6493
2022-10-05,0.6466
2022-10-06,0.6411
2022-10-07,0.6393
2022-10-08,0.6329
2022-10-09,0.6329
2022-10-10,0.6329
2022-10-11,0.6329
2022-10-12,0.6273
2022-10-13,0.6285
2022-10-14,0.6219
2022-10-15,0.6309
2022-10-16,0.6309
2022-10-17,0.6309
2022-10-18,0.6281
2022-10-19,0.6271
2022-10-20,0.6336
2022-10-21,0.6368
2022-10-22,0.631
2022-10-23,0.631
2022-10-24,0.631
2022-10-25,0.6395
2022-10-26,0.6499
2022-10-27,0.6477
2022-10-28,0.6396
2022-10-29,0.6394
2022-10-30,0.6394
2022-10-31,0.6394
2022-11-01,0.6392
2022-11-02,0.6412
2022-11-03,0.6294
2022-11-04,0.6435
2022-11-05,0.6463
2022-11-06,0.6463
2022-11-07,0.6463
2022-11-08,0.6545
2022-11-09,0.6448
2022-11-10,0.659
2022-11-11,0.6695
2022-11-12,0.6695
2022-11-13,0.6695
2022-11-14,0.6695
2022-11-15,0.6779
2022-11-16,0.6733
2022-11-17,0.6666
2022-11-18,0.6681
2022-11-19,0.659
2022-11-20,0.659
2022-11-21,0.659
2022-11-22,0.6635
2022-11-23,0.6707
2022-11-24,0.675
2022-11-25,0.675
2022-11-26,0.6694
2022-11-27,0.6694
2022-11-28,0.6694
2022-11-29,0.6691
2022-11-30,0.6717
2022-12-01,0.6804
2022-12-02,0.6801
2022-12-03,0.6713
2022-12-04,0.6713
2022-12-05,0.6713
2022-12-06,0.6698
2022-12-07,0.6722
2022-12-08,0.6769
2022-12-09,0.6809
2022-12-10,0.6741
2022-12-11,0.6741
2022-12-12,0.6741
2022-12-13,0.6869
2022-12-14,0.6861
2022-12-15,0.67
2022-12-16,0.6691
2022-12-17,0.6711
2022-12-18,0.6711
2022-12-19,0.6711
2022-12-20,0.6665
2022-12-21,0.6696
2022-12-22,0.6671
2022-12-23,0.671
2022-12-24,0.6742
2022-12-25,0.6742
2022-12-26,0.6742
2022-12-27,0.6742
2022-12-28,0.6752
2022-12-29,0.6779
2022-12-30,0.6805
2022-12-31,0.673
2023-01-01,0.673
2023-01-02,0.673
2023-01-03,0.673
2023-01-04,0.686
2023-01-05,0.6744
2023-01-06,0.6864
2023-01-07,0.6948
2023-01-08,0.6948
2023-01-09,0.6948
2023-01-10,0.6883
2023-01-11,0.6899
2023-01-12,0.6946
2023-01-13,0.695
2023-01-14,0.6986
2023-01-15,0.6986
2023-01-16,0.6986
2023-01-17,0.6986
2023-01-18,0.6988
2023-01-19,0.6887
2023-01-20,0.6953
2023-01-21,0.7024
2023-01-22,0.7024
2023-01-23,0.7024
2023-01-24,0.7042
2023-01-25,0.7083
2023-01-26,0.7094
2023-01-27,0.7102
2023-01-28,0.7076
2023-01-29,0.7076
2023-01-30,0.7076
2023-01-31,0.705
2023-02-01,0.7067
2023-02-02,0.7084
2023-02-03,0.6946
2023-02-04,0.6869
2023-02-05,0.6869
2023-02-06,0.6869
2023-02-07,0.6925
2023-02-08,0.6941
2023-02-09,0.6964
2023-02-10,0.6919
2023-02-11,0.6964
2023-02-12,0.6964
2023-02-13,0.6964
2023-02-14,0.6962
2023-02-15,0.6893
2023-02-16,0.6889
2023-02-17,0.6865
2023-02-18,0.6865
2023-02-19,0.6865
2023-02-20,0.6865
2023-02-21,0.6865
2023-02-22,0.6819
2023-02-23,0.6787
2023-02-24,0.6735
2023-02-25,0.673
2023-02-26,0.673
2023-02-27,0.673
2023-02-28,0.6744
2023-03-01,0.6768
2023-03-02,0.672
2023-03-03,0.6759
2023-03-04,0.6738
2023-03-05,0.6738
2023-03-06,0.6738
2023-03-07,0.66
2023-03-08,0.6602
2023-03-09,0.6611
2023-03-10,0.661
2023-03-11,0.6686
2023-03-12,0.6686
2023-03-13,0.6686
2023-03-14,0.6662
2023-03-15,0.6611
2023-03-16,0.6652
2023-03-17,0.6683
2023-03-18,0.6711
2023-03-19,0.6711
2023-03-20,0.6711
2023-03-21,0.6652
2023-03-22,0.6686
2023-03-23,0.6719
2023-03-24,0.6643
2023-03-25,0.6642
2023-03-26,0.6642
2023-03-27,0.6642
2023-03-28,0.6709
2023-03-29,0.668
2023-03-30,0.6701
2023-03-31,0.6704
2023-04-01,0.6784
2023-04-02,0.6784
2023-04-03,0.6784
2023-04-04,0.6742
2023-04-05,0.6728
2023-04-06,0.6674
2023-04-07,0.6668
2023-04-08,0.6625
2023-04-09,0.6625
2023-04-10,0.6625
2023-04-11,0.6649
2023-04-12,0.6688
2023-04-13,0.6779
2023-04-14,0.6702
2023-04-15,0.6692
2023-04-16,0.6692
2023-04-17,0.6692
2023-04-18,0.6719
2023-04-19,0.6717
2023-04-20,0.6754
2023-04-21,0.6691
2023-04-22,0.6681
2023-04-23,0.6681
2023-04-24,0.6681
2023-04-25,0.6628
2023-04-26,0.6616
2023-04-27,0.6614
2023-04-28,0.6617
2023-04-29,0.6636
2023-04-30,0.6636
2023-05-01,0.6636
2023-05-02,0.667
2023-05-03,0.6675
2023-05-04,0.6676
2023-05-05,0.6747
2023-05-06,0.6792
2023-05-07,0.6792
2023-05-08,0.6792
2023-05-09,0.6752
2023-05-10,0.6764
2023-05-11,0.6694
2023-05-12,0.6649
2023-05-13,0.6698
2023-05-14,0.6698
2023-05-15,0.6698
2023-05-16,0.6663
2023-05-17,0.6651
2023-05-18,0.6618
2023-05-19,0.6661
2023-05-20,0.6644
2023-05-21,0.6644
2023-05-22,0.6644
2023-05-23,0.6622
2023-05-24,0.6541
2023-05-25,0.6506
2023-05-26,0.6511
2023-05-27,0.6513
2023-05-28,0.6513
2023-05-29,0.6513
2023-05-30,0.6513
2023-05-31,0.6473
2023-06-01,0.6577
2023-06-02,0.6616
2023-06-03,0.6626
2023-06-04,0.6626
2023-06-05,0.6626
2023-06-06,0.6674
2023-06-07,0.6661
2023-06-08,0.6707
2023-06-09,0.674
2023-06-10,0.6747
2023-06-11,0.6747
2023-06-12,0.6747
2023-06-13,0.6776
2023-06-14,0.6832
2023-06-15,0.6871
2023-06-16,0.6865
2023-06-17,0.677
2023-06-18,0.677
2023-06-19,0.677
2023-06-20,0.677
2023-06-21,0.6781
2023-06-22,0.6753
2023-06-23,0.6687
2023-06-24,0.6683
2023-06-25,0.6683
2023-06-26,0.6683
2023-06-27,0.6683
2023-06-28,0.662
2023-06-29,0.6633
2023-06-30,0.6663
2023-07-01,0.6678
2023-07-02,0.6678
2023-07-03,0.6678
2023-07-04,0.6663
2023-07-05,0.6663
2023-07-06,0.6619
2023-07-07,0.6686
2023-07-08,0.6669
2023-07-09,0.6669
2023-07-10,0.6669
2023-07-11,0.6664
2023-07-12,0.6782
2023-07-13,0.6873
2023-07-14,0.6843
2023-07-15,0.6821
2023-07-16,0.6821
2023-07-17,0.6821
2023-07-18,0.6817
2023-07-19,0.6763
2023-07-20,0.6778
2023-07-21,0.6737
2023-07-22,0.675
2023-07-23,0.675
2023-07-24,0.675
2023-07-25,0.6791
2023-07-26,0.6756
2023-07-27,0.674
2023-07-28,0.667
2023-07-29,0.673
2023-07-30,0.673
2023-07-31,0.673
2023-08-01,0.6611
2023-08-02,0.6542
2023-08-03,0.6554
2023-08-04,0.6605
2023-08-05,0.6564
2023-08-06,0.6564
2023-08-07,0.6564
2023-08-08,0.6514
2023-08-09,0.6525
2023-08-10,0.6557
2023-08-11,0.6493
2023-08-12,0.6496
2023-08-13,0.6496
2023-08-14,0.6496
2023-08-15,0.6484
2023-08-16,0.644
2023-08-17,0.6417
2023-08-18,0.6413
2023-08-19,0.6393
2023-08-20,0.6393
2023-08-21,0.6393
2023-08-22,0.6425
2023-08-23,0.6469
2023-08-24,0.6426
2023-08-25,0.6401
2023-08-26,0.6426
2023-08-27,0.6426
2023-08-28,0.6426
2023-08-29,0.6459
2023-08-30,0.6495
2023-08-31,0.6468
2023-09-01,0.6449
2023-09-02,0.6382
2023-09-03,0.6382
2023-09-04,0.6382
2023-09-05,0.6382
2023-09-06,0.6382
2023-09-07,0.638
2023-09-08,0.6386
2023-09-09,0.6435
2023-09-10,0.6435
2023-09-11,0.6435
2023-09-12,0.6423
2023-09-13,0.6425
2023-09-14,0.6445
2023-09-15,0.6442
2023-09-16,0.6442
2023-09-17,0.6442
2023-09-18,0.6442
2023-09-19,0.6458
2023-09-20,0.6499
2023-09-21,0.6422
2023-09-22,0.6453
2023-09-23,0.642
2023-09-24,0.642
2023-09-25,0.642
2023-09-26,0.6405
2023-09-27,0.6368
2023-09-28,0.6427
2023-09-29,0.6451
2023-09-30,0.6375
2023-10-01,0.6375
2023-10-02,0.6375
2023-10-03,0.6293
2023-10-04,0.6337
2023-10-05,0.635
2023-10-06,0.6394
2023-10-07,0.643
2023-10-08,0.643
2023-10-09,0.643
2023-10-10,0.643
2023-10-11,0.6407
2023-10-12,0.6334
2023-10-13,0.629
2023-10-14,0.6339
2023-10-15,0.6339
2023-10-16,0.6339
2023-10-17,0.6377
2023-10-18,0.6336
2023-10-19,0.6325
2023-10-20,0.6319
2023-10-21,0.6337
2023-10-22,0.6337
2023-10-23,0.6337
2023-10-24,0.6349
2023-10-25,0.6334
2023-10-26,0.6312
2023-10-27,0.6352
2023-10-28,0.6374
2023-10-29,0.6374
2023-10-30,0.6374
2023-10-31,0.6332
2023-11-01,0.6363
2023-11-02,0.6422
2023-11-03,0.6507
2023-11-04,0.6503
2023-11-05,0.6503
2023-11-06,0.6503
2023-11-07,0.6424
2023-11-08,0.6421
2023-11-09,0.642
2023-11-10,0.6387
2023-11-11,0.6387
2023-11-12,0.6387
2023-11-13,0.6387
2023-11-14,0.6491
2023-11-15,0.6518
2023-11-16,0.6464
2023-11-17,0.6494
2023-11-18,0.6557
2023-11-19,0.6557
2023-11-20,0.6557
2023-11-21,0.6568
2023-11-22,0.6535
2023-11-23,0.6584
2023-11-24,0.6584
2023-11-25,0.6597
2023-11-26,0.6597
2023-11-27,0.6597
2023-11-28,0.6666
2023-11-29,0.6618
2023-11-30,0.6614
2023-12-01,0.666
2023-12-02,0.662
2023-12-03,0.662
2023-12-04,0.662
2023-12-05,0.6551
2023-12-06,0.6569
2023-12-07,0.6601
2023-12-08,0.6569
2023-12-09,0.6563
2023-12-10,0.6563
2023-12-11,0.6563
2023-12-12,0.6561
2023-12-13,0.6583
2023-12-14,0.6713
2023-12-15,0.6715
2023-12-16,0.6697
2023-12-17,0.6697
2023-12-18,0.6697
2023-12-19,0.6765
2023-12-20,0.6764
2023-12-21,0.679
2023-12-22,0.6803
2023-12-23,0.6816
2023-12-24,0.6816
2023-12-25,0.6816
2023-12-26,0.6816
2023-12-27,0.6844
2023-12-28,0.6844
2023-12-29,0.6828
2023-12-30,0.6771
2023-12-31,0.6771
2024-01-01,0.6771
2024-01-02,0.6771
2024-01-03,0.672
2024-01-04,0.671
2024-01-05,0.6722
2024-01-06,0.6719
2024-01-07,0.6719
2024-01-08,0.6719
2024-01-09,0.6692
2024-01-10,0.6692
2024-01-11,0.6653
2024-01-12,0.6692
2024-01-13,0.6597
2024-01-14,0.6597
2024-01-15,0.6597
2024-01-16,0.6597
2024-01-17,0.6539
2024-01-18,0.6564
2024-01-19,0.6581
2024-01-20,0.6586
2024-01-21,0.6586
2024-01-22,0.6586
2024-01-23,0.6566
2024-01-24,0.6601
2024-01-25,0.6581
2024-01-26,0.6589
2024-01-27,0.6594
2024-01-28,0.6594
2024-01-29,0.6594
2024-01-30,0.6595
2024-01-31,0.66
2024-02-01,0.6566
2024-02-02,0.651
2024-02-03,0.6478
2024-02-04,0.6478
2024-02-05,0.6478
2024-02-06,0.6517
2024-02-07,0.6523
2024-02-08,0.649
2024-02-09,0.6516
2024-02-10,0.6538
2024-02-11,0.6538
2024-02-12,0.6538
2024-02-13,0.646
2024-02-14,0.6489
2024-02-15,0.6508
2024-02-16,0.6531
2024-02-17,0.656
2024-02-18,0.656
2024-02-19,0.656
2024-02-20,0.656
2024-02-21,0.6546
2024-02-22,0.6547
2024-02-23,0.6566
2024-02-24,0.6539
2024-02-25,0.6539
2024-02-26,0.6539
2024-02-27,0.6547
2024-02-28,0.6496
2024-02-29,0.6503
2024-03-01,0.6529
2024-03-02,0.6521
2024-03-03,0.6521
2024-03-04,0.6521
2024-03-05,0.6507
2024-03-06,0.6577
2024-03-07,0.6618
2024-03-08,0.6627
2024-03-09,0.6608
2024-03-10,0.6608
2024-03-11,0.6608
2024-03-12,0.6601
2024-03-13,0.6623
2024-03-14,0.6585
2024-03-15,0.6569
2024-03-16,0.6562
2024-03-17,0.6562
2024-03-18,0.6562
2024-03-19,0.6528
2024-03-20,0.6532
2024-03-21,0.657
2024-03-22,0.652
2024-03-23,0.6539
2024-03-24,0.6539
2024-03-25,0.6539
2024-03-26,0.6538
2024-03-27,0.6525
2024-03-28,0.6525
2024-03-29,0.6524
2024-03-30,0.6484
2024-03-31,0.6484
2024-04-01,0.6484
2024-04-02,0.6513
2024-04-03,0.6558
2024-04-04,0.6615
2024-04-05,0.6584
2024-04-06,0.6602
2024-04-07,0.6602
2024-04-08,0.6602
2024-04-09,0.6622
2024-04-10,0.6509
2024-04-11,0.6525
2024-04-12,0.6478
2024-04-13,0.6469
2024-04-14,0.6469
2024-04-15,0.6469
2024-04-16,0.6412
2024-04-17,0.6419
2024-04-18,0.6437
2024-04-19,0.6423
2024-04-20,0.6439
2024-04-21,0.6439
2024-04-22,0.6439
2024-04-23,0.6479
2024-04-24,0.6486
2024-04-25,0.6506
2024-04-26,0.6528
2024-04-27,0.6565
2024-04-28,0.6565
2024-04-29,0.6565
2024-04-30,0.649
2024-05-01,0.6496
2024-05-02,0.6547
2024-05-03,0.6616
2024-05-04,0.6623
2024-05-05,0.6623
2024-05-06,0.6623
2024-05-07,0.6608
2024-05-08,0.6585
2024-05-09,0.6606
2024-05-10,0.6607
2024-05-11,0.6611
2024-05-12,0.6611
2024-05-13,0.6611
2024-05-14,0.6623
2024-05-15,0.6674
2024-05-16,0.6683
2024-05-17,0.6686
2024-05-18,0.6675
2024-05-19,0.6675
2024-05-20,0.6675
2024-05-21,0.6666
2024-05-22,0.6636
2024-05-23,0.6629
2024-05-24,0.6629
2024-05-25,0.6666
2024-05-26,0.6666
2024-05-27,0.6666
2024-05-28,0.6666
2024-05-29,0.6619
2024-05-30,0.6642
2024-05-31,0.664
2024-06-01,0.6683
2024-06-02,0.6683
2024-06-03,0.6683
2024-06-04,0.6643
2024-06-05,0.6643
2024-06-06,0.6662
2024-06-07,0.6589
2024-06-08,0.6611
2024-06-09,0.6611
2024-06-10,0.6611
2024-06-11,0.6598
2024-06-12,0.6701
2024-06-13,0.6641
2024-06-14,0.6617
2024-06-15,0.6599
2024-06-16,0.6599
2024-06-17,0.6599
2024-06-18,0.6652
2024-06-19,0.6656
2024-06-20,0.6656
2024-06-21,0.664
2024-06-22,0.6655
2024-06-23,0.6655
2024-06-24,0.6655
2024-06-25,0.6642
2024-06-26,0.6649
2024-06-27,0.6648
2024-06-28,0.6677
2024-06-29,0.6656
2024-06-30,0.6656
2024-07-01,0.6656
2024-07-02,0.6659
2024-07-03,0.6719
2024-07-04,0.6743
2024-07-05,0.6743
2024-07-06,0.6741
2024-07-07,0.6741
2024-07-08,0.6741
2024-07-09,0.6737
2024-07-10,0.6747
2024-07-11,0.6776
2024-07-12,0.6788
2024-07-13,0.6778
2024-07-14,0.6778
2024-07-15,0.6778
2024-07-16,0.6726
2024-07-17,0.6728
2024-07-18,0.6726
2024-07-19,0.6694
2024-07-20,0.6639
2024-07-21,0.6639
2024-07-22,0.6639
2024-07-23,0.6619
2024-07-24,0.66
2024-07-25,0.6552
2024-07-26,0.6557
2024-07-27,0.654
2024-07-28,0.654
2024-07-29,0.654
2024-07-30,0.6537
2024-07-31,0.6535
2024-08-01,0.6522
2024-08-02,0.6528
2024-08-03,0.6488
2024-08-04,0.6488
2024-08-05,0.6488
2024-08-06,0.6519
2024-08-07,0.6552
2024-08-08,0.6581
2024-08-09,0.6577
2024-08-10,0.6595
2024-08-11,0.6595
2024-08-12,0.6595
2024-08-13,0.6613
2024-08-14,0.6617
2024-08-15,0.6629
2024-08-16,0.6649
2024-08-17,0.6715
2024-08-18,0.6715
2024-08-19,0.6715
2024-08-20,0.6743
2024-08-21,0.6753
2024-08-22,0.6708
2024-08-23,0.6777
2024-08-24,0.6772
2024-08-25,0.6772
2024-08-26,0.6772
2024-08-27,0.6779
2024-08-28,0.6781
2024-08-29,0.6807
2024-08-30,0.6765
2024-08-31,0.6721
2024-09-01,0.6721
2024-09-02,0.6721
2024-09-03,0.6721
2024-09-04,0.6724
2024-09-05,0.6727
2024-09-06,0.6678
2024-09-07,0.6664
2024-09-08,0.6664
2024-09-09,0.6664
2024-09-10,0.6652
2024-09-11,0.665
2024-09-12,0.6696
2024-09-13,0.6712
2024-09-14,0.6739
2024-09-15,0.6739
2024-09-16,0.6739
2024-09-17,0.6754
2024-09-18,0.6761
2024-09-19,0.6817
2024-09-20,0.6806
2024-09-21,0.6848
2024-09-22,0.6848
2024-09-23,0.6848
2024-09-24,0.6873
2024-09-25,0.6837
2024-09-26,0.6902
2024-09-27,0.6911
2024-09-28,0.6934
2024-09-29,0.6934
2024-09-30,0.6934
2024-10-01,0.6888
2024-10-02,0.6895
2024-10-03,0.6843
2024-10-04,0.6797
2024-10-05,0.6761
2024-10-06,0.6761
2024-10-07,0.6761
2024-10-08,0.6738
2024-10-09,0.6725
2024-10-10,0.6733
2024-10-11,0.6756
2024-10-12,0.6709
2024-10-13,0.6709
2024-10-14,0.6709
2024-10-15,0.6709
2024-10-16,0.6662
2024-10-17,0.6702
2024-10-18,0.67
2024-10-19,0.6661
2024-10-20,0.6661
2024-10-21,0.6661
2024-10-22,0.6679
2024-10-23,0.6632
2024-10-24,0.6629
2024-10-25,0.6621
2024-10-26,0.6587
2024-10-27,0.6587
2024-10-28,0.6587
2024-10-29,0.6557
2024-10-30,0.6584
2024-10-31,0.655
2024-11-01,0.6582
2024-11-02,0.6584
2024-11-03,0.6584
2024-11-04,0.6584
2024-11-05,0.6633
2024-11-06,0.6573
2024-11-07,0.6671
2024-11-08,0.6573
2024-11-09,0.6522
2024-11-10,0.6522
2024-11-11,0.6522
2024-11-12,0.6522
2024-11-13,0.6486
2024-11-14,0.6473
2024-11-15,0.6461
2024-11-16,0.6498
2024-11-17,0.6498
2024-11-18,0.6498
2024-11-19,0.6524
2024-11-20,0.6494
2024-11-21,0.6503
2024-11-22,0.6495
2024-11-23,0.6491
2024-11-24,0.6491
2024-11-25,0.6491
2024-11-26,0.6461
2024-11-27,0.6492
2024-11-28,0.6513
2024-11-29,0.6513
2024-11-30,0.6459
2024-12-01,0.6459
2024-12-02,0.6459
2024-12-03,0.6483
2024-12-04,0.6436
2024-12-05,0.6439
2024-12-06,0.6382
2024-12-07,0.6462
2024-12-08,0.6462
2024-12-09,0.6462
2024-12-10,0.6377
2024-12-11,0.6378
2024-12-12,0.6388
2024-12-13,0.6359
2024-12-14,0.6372
2024-12-15,0.6372
2024-12-16,0.6372
2024-12-17,0.6339
2024-12-18,0.6302
2024-12-19,0.6252
2024-12-20,0.6266
2024-12-21,0.6243
2024-12-22,0.6243
2024-12-23,0.6243
2024-12-24,0.623
2024-12-25,0.6227
2024-12-26,0.6227
2024-12-27,0.6208
2024-12-28,0.6219
2024-12-29,0.6219
2024-12-30,0.6219
2024-12-31,0.6185
2025-01-01,0.6208
2025-01-02,0.6208
2025-01-03,0.6209
2025-01-04,0.6251
2025-01-05,0.6251
2025-01-06,0.6251
2025-01-07,0.6245
2025-01-08,0.6217
2025-01-09,0.6196
2025-01-10,0.6147
2025-01-11,0.6155
2025-01-12,0.6155
2025-01-13,0.6155
2025-01-14,0.6184
2025-01-15,0.6218
2025-01-16,0.6221
2025-01-17,0.621
2025-01-18,0.6272
2025-01-19,0.6272
2025-01-20,0.6272
2025-01-21,0.6272
2025-01-22,0.6276
2025-01-23,0.6287
2025-01-24,0.6322
2025-01-25,0.628
2025-01-26,0.628
2025-01-27,0.628
2025-01-28,0.6247
2025-01-29,0.6228
2025-01-30,0.6233
2025-01-31,0.6242
2025-02-01,0.6177
2025-02-02,0.6177
2025-02-03,0.6177
2025-02-04,0.6257
2025-02-05,0.6296
2025-02-06,0.6279
2025-02-07,0.6264
2025-02-08,0.6279
2025-02-09,0.6279
2025-02-10,0.6279
2025-02-11,0.6294
2025-02-12,0.6285
2025-02-13,0.6292
2025-02-14,0.6359
2025-02-15,0.6353
2025-02-16,0.6353
2025-02-17,0.6353
2025-02-18,0.6353
2025-02-19,0.6341
2025-02-20,0.6393
2025-02-21,0.6376
2025-02-22,0.6361
2025-02-23,0.6361
2025-02-24,0.6361
2025-02-25,0.6332
2025-02-26,0.6323
2025-02-27,0.6256
2025-02-28,0.6211
