DATE,DEXUSUK
2014-03-01,1.6712
2014-03-02,1.6712
2014-03-03,1.6712
2014-03-04,1.6665
2014-03-05,1.6729
2014-03-06,1.6743
2014-03-07,1.6725
2014-03-08,1.6633
2014-03-09,1.6633
2014-03-10,1.6633
2014-03-11,1.6628
2014-03-12,1.6605
2014-03-13,1.6677
2014-03-14,1.663
2014-03-15,1.6645
2014-03-16,1.6645
2014-03-17,1.6645
2014-03-18,1.6574
2014-03-19,1.6629
2014-03-20,1.6511
2014-03-21,1.6498
2014-03-22,1.6491
2014-03-23,1.6491
2014-03-24,1.6491
2014-03-25,1.6507
2014-03-26,1.6566
2014-03-27,1.6627
2014-03-28,1.6637
2014-03-29,1.6675
2014-03-30,1.6675
2014-03-31,1.6675
2014-04-01,1.6639
2014-04-02,1.6634
2014-04-03,1.6583
2014-04-04,1.6594
2014-04-05,1.6616
2014-04-06,1.6616
2014-04-07,1.6616
2014-04-08,1.6743
2014-04-09,1.6751
2014-04-10,1.6781
2014-04-11,1.6736
2014-04-12,1.6741
2014-04-13,1.6741
2014-04-14,1.6741
2014-04-15,1.6725
2014-04-16,1.6794
2014-04-17,1.6809
2014-04-18,1.6792
2014-04-19,1.6792
2014-04-20,1.6792
2014-04-21,1.6792
2014-04-22,1.6833
2014-04-23,1.6768
2014-04-24,1.6797
2014-04-25,1.681
2014-04-26,1.6812
2014-04-27,1.6812
2014-04-28,1.6812
2014-04-29,1.6829
2014-04-30,1.6883
2014-05-01,1.69
2014-05-02,1.6865
2014-05-03,1.687
2014-05-04,1.687
2014-05-05,1.687
2014-05-06,1.6976
2014-05-07,1.6964
2014-05-08,1.6944
2014-05-09,1.6849
2014-05-10,1.6871
2014-05-11,1.6871
2014-05-12,1.6871
2014-05-13,1.6838
2014-05-14,1.6784
2014-05-15,1.6791
2014-05-16,1.6827
2014-05-17,1.6822
2014-05-18,1.6822
2014-05-19,1.6822
2014-05-20,1.6847
2014-05-21,1.6869
2014-05-22,1.6859
2014-05-23,1.6822
2014-05-24,1.68
2014-05-25,1.68
2014-05-26,1.68
2014-05-27,1.68
2014-05-28,1.6709
2014-05-29,1.6719
2014-05-30,1.6764
2014-05-31,1.6756
2014-06-01,1.6756
2014-06-02,1.6756
2014-06-03,1.6753
2014-06-04,1.6747
2014-06-05,1.6796
2014-06-06,1.6794
2014-06-07,1.6798
2014-06-08,1.6798
2014-06-09,1.6798
2014-06-10,1.6753
2014-06-11,1.6795
2014-06-12,1.6853
2014-06-13,1.6953
2014-06-14,1.6988
2014-06-15,1.6988
2014-06-16,1.6988
2014-06-17,1.6965
2014-06-18,1.6951
2014-06-19,1.7046
2014-06-20,1.7014
2014-06-21,1.701
2014-06-22,1.701
2014-06-23,1.701
2014-06-24,1.6971
2014-06-25,1.6986
2014-06-26,1.7018
2014-06-27,1.7016
2014-06-28,1.7105
2014-06-29,1.7105
2014-06-30,1.7105
2014-07-01,1.7147
2014-07-02,1.7165
2014-07-03,1.7152
2014-07-04,1.7128
2014-07-05,1.7128
2014-07-06,1.7128
2014-07-07,1.7128
2014-07-08,1.7127
2014-07-09,1.713
2014-07-10,1.7122
2014-07-11,1.7108
2014-07-12,1.7079
2014-07-13,1.7079
2014-07-14,1.7079
2014-07-15,1.7149
2014-07-16,1.7131
2014-07-17,1.7104
2014-07-18,1.7069
2014-07-19,1.7067
2014-07-20,1.7067
2014-07-21,1.7067
2014-07-22,1.7058
2014-07-23,1.7036
2014-07-24,1.6981
2014-07-25,1.6972
2014-07-26,1.6991
2014-07-27,1.6991
2014-07-28,1.6991
2014-07-29,1.6939
2014-07-30,1.6903
2014-07-31,1.6889
2014-08-01,1.6832
2014-08-02,1.6841
2014-08-03,1.6841
2014-08-04,1.6841
2014-08-05,1.6874
2014-08-06,1.6833
2014-08-07,1.6849
2014-08-08,1.6778
2014-08-09,1.6787
2014-08-10,1.6787
2014-08-11,1.6787
2014-08-12,1.6806
2014-08-13,1.6696
2014-08-14,1.6694
2014-08-15,1.6686
2014-08-16,1.672
2014-08-17,1.672
2014-08-18,1.672
2014-08-19,1.662
2014-08-20,1.6633
2014-08-21,1.6589
2014-08-22,1.6574
2014-08-23,1.6585
2014-08-24,1.6585
2014-08-25,1.6585
2014-08-26,1.657
2014-08-27,1.6573
2014-08-28,1.6579
2014-08-29,1.6585
2014-08-30,1.6502
2014-08-31,1.6502
2014-09-01,1.6502
2014-09-02,1.6502
2014-09-03,1.6451
2014-09-04,1.6349
2014-09-05,1.6312
2014-09-06,1.6141
2014-09-07,1.6141
2014-09-08,1.6141
2014-09-09,1.6088
2014-09-10,1.6134
2014-09-11,1.6225
2014-09-12,1.6243
2014-09-13,1.6243
2014-09-14,1.6243
2014-09-15,1.6243
2014-09-16,1.629
2014-09-17,1.6329
2014-09-18,1.6372
2014-09-19,1.6314
2014-09-20,1.634
2014-09-21,1.634
2014-09-22,1.634
2014-09-23,1.637
2014-09-24,1.6344
2014-09-25,1.6313
2014-09-26,1.6254
2014-09-27,1.6262
2014-09-28,1.6262
2014-09-29,1.6262
2014-09-30,1.622
2014-10-01,1.6216
2014-10-02,1.614
2014-10-03,1.5962
2014-10-04,1.6029
2014-10-05,1.6029
2014-10-06,1.6029
2014-10-07,1.6072
2014-10-08,1.6068
2014-10-09,1.6123
2014-10-10,1.6049
2014-10-11,1.593
2014-10-12,1.593
2014-10-13,1.593
2014-10-14,1.593
2014-10-15,1.5959
2014-10-16,1.6065
2014-10-17,1.6086
2014-10-18,1.6137
2014-10-19,1.6137
2014-10-20,1.6137
2014-10-21,1.6134
2014-10-22,1.607
2014-10-23,1.6037
2014-10-24,1.6098
2014-10-25,1.6133
2014-10-26,1.6133
2014-10-27,1.6133
2014-10-28,1.6157
2014-10-29,1.6149
2014-10-30,1.6023
2014-10-31,1.5999
2014-11-01,1.5986
2014-11-02,1.5986
2014-11-03,1.5986
2014-11-04,1.5991
2014-11-05,1.5984
2014-11-06,1.5862
2014-11-07,1.5844
2014-11-08,1.5857
2014-11-09,1.5857
2014-11-10,1.5857
2014-11-11,1.5815
2014-11-12,1.5815
2014-11-13,1.5717
2014-11-14,1.5657
2014-11-15,1.5645
2014-11-16,1.5645
2014-11-17,1.5645
2014-11-18,1.5648
2014-11-19,1.567
2014-11-20,1.5683
2014-11-21,1.5672
2014-11-22,1.5701
2014-11-23,1.5701
2014-11-24,1.5701
2014-11-25,1.5714
2014-11-26,1.5787
2014-11-27,1.5638
2014-11-28,1.5638
2014-11-29,1.5743
2014-11-30,1.5743
2014-12-01,1.5743
2014-12-02,1.5651
2014-12-03,1.57
2014-12-04,1.5707
2014-12-05,1.56
2014-12-06,1.5625
2014-12-07,1.5625
2014-12-08,1.5625
2014-12-09,1.5694
2014-12-10,1.5689
2014-12-11,1.5712
2014-12-12,1.5728
2014-12-13,1.5663
2014-12-14,1.5663
2014-12-15,1.5663
2014-12-16,1.5736
2014-12-17,1.5652
2014-12-18,1.5662
2014-12-19,1.5609
2014-12-20,1.5618
2014-12-21,1.5618
2014-12-22,1.5618
2014-12-23,1.5517
2014-12-24,1.5549
2014-12-25,1.5524
2014-12-26,1.5524
2014-12-27,1.5524
2014-12-28,1.5524
2014-12-29,1.5524
2014-12-30,1.5573
2014-12-31,1.5578
2015-01-01,1.5361
2015-01-02,1.5361
2015-01-03,1.5234
2015-01-04,1.5234
2015-01-05,1.5234
2015-01-06,1.5174
2015-01-07,1.5073
2015-01-08,1.5118
2015-01-09,1.5151
2015-01-10,1.5168
2015-01-11,1.5168
2015-01-12,1.5168
2015-01-13,1.5166
2015-01-14,1.5234
2015-01-15,1.5161
2015-01-16,1.5132
2015-01-17,1.5162
2015-01-18,1.5162
2015-01-19,1.5162
2015-01-20,1.5162
2015-01-21,1.5118
2015-01-22,1.5052
2015-01-23,1.5022
2015-01-24,1.5088
2015-01-25,1.5088
2015-01-26,1.5088
2015-01-27,1.5196
2015-01-28,1.5165
2015-01-29,1.5043
2015-01-30,1.5026
2015-01-31,1.5027
2015-02-01,1.5027
2015-02-02,1.5027
2015-02-03,1.5129
2015-02-04,1.5209
2015-02-05,1.5293
2015-02-06,1.5247
2015-02-07,1.5217
2015-02-08,1.5217
2015-02-09,1.5217
2015-02-10,1.5252
2015-02-11,1.5232
2015-02-12,1.538
2015-02-13,1.5394
2015-02-14,1.5349
2015-02-15,1.5349
2015-02-16,1.5349
2015-02-17,1.5349
2015-02-18,1.543
2015-02-19,1.5451
2015-02-20,1.5385
2015-02-21,1.5465
2015-02-22,1.5465
2015-02-23,1.5465
2015-02-24,1.5434
2015-02-25,1.5499
2015-02-26,1.5424
2015-02-27,1.5439
2015-02-28,1.5371
2015-03-01,1.5371
2015-03-02,1.5371
2015-03-03,1.5391
2015-03-04,1.5266
2015-03-05,1.5229
2015-03-06,1.5063
2015-03-07,1.5097
2015-03-08,1.5097
2015-03-09,1.5097
2015-03-10,1.5086
2015-03-11,1.4945
2015-03-12,1.4907
2015-03-13,1.4755
2015-03-14,1.48
2015-03-15,1.48
2015-03-16,1.48
2015-03-17,1.4744
2015-03-18,1.4686
2015-03-19,1.4729
2015-03-20,1.4923
2015-03-21,1.4936
2015-03-22,1.4936
2015-03-23,1.4936
2015-03-24,1.487
2015-03-25,1.4915
2015-03-26,1.4844
2015-03-27,1.4878
2015-03-28,1.4792
2015-03-29,1.4792
2015-03-30,1.4792
2015-03-31,1.485
2015-04-01,1.4823
2015-04-02,1.4842
2015-04-03,1.4916
2015-04-04,1.4959
2015-04-05,1.4959
2015-04-06,1.4959
2015-04-07,1.4857
2015-04-08,1.4924
2015-04-09,1.4739
2015-04-10,1.4648
2015-04-11,1.4658
2015-04-12,1.4658
2015-04-13,1.4658
2015-04-14,1.479
2015-04-15,1.4782
2015-04-16,1.4923
2015-04-17,1.4942
2015-04-18,1.4913
2015-04-19,1.4913
2015-04-20,1.4913
2015-04-21,1.4944
2015-04-22,1.5027
2015-04-23,1.5047
2015-04-24,1.5176
2015-04-25,1.5235
2015-04-26,1.5235
2015-04-27,1.5235
2015-04-28,1.5328
2015-04-29,1.5485
2015-04-30,1.5328
2015-05-01,1.5137
2015-05-02,1.5118
2015-05-03,1.5118
2015-05-04,1.5118
2015-05-05,1.5178
2015-05-06,1.5244
2015-05-07,1.5223
2015-05-08,1.5455
2015-05-09,1.5593
2015-05-10,1.5593
2015-05-11,1.5593
2015-05-12,1.5685
2015-05-13,1.5748
2015-05-14,1.5766
2015-05-15,1.5772
2015-05-16,1.5679
2015-05-17,1.5679
2015-05-18,1.5679
2015-05-19,1.5523
2015-05-20,1.5544
2015-05-21,1.5672
2015-05-22,1.5484
2015-05-23,1.5398
2015-05-24,1.5398
2015-05-25,1.5398
2015-05-26,1.5398
2015-05-27,1.5324
2015-05-28,1.5291
2015-05-29,1.5286
2015-05-30,1.5187
2015-05-31,1.5187
2015-06-01,1.5187
2015-06-02,1.5331
2015-06-03,1.5351
2015-06-04,1.5367
2015-06-05,1.5267
2015-06-06,1.528
2015-06-07,1.528
2015-06-08,1.528
2015-06-09,1.5383
2015-06-10,1.553
2015-06-11,1.5493
2015-06-12,1.5587
2015-06-13,1.5572
2015-06-14,1.5572
2015-06-15,1.5572
2015-06-16,1.5637
2015-06-17,1.5708
2015-06-18,1.5882
2015-06-19,1.5881
2015-06-20,1.5823
2015-06-21,1.5823
2015-06-22,1.5823
2015-06-23,1.5751
2015-06-24,1.5681
2015-06-25,1.5728
2015-06-26,1.5739
2015-06-27,1.5764
2015-06-28,1.5764
2015-06-29,1.5764
2015-06-30,1.5727
2015-07-01,1.5617
2015-07-02,1.5614
2015-07-03,1.5619
2015-07-04,1.5619
2015-07-05,1.5619
2015-07-06,1.5619
2015-07-07,1.5443
2015-07-08,1.5353
2015-07-09,1.5375
2015-07-10,1.5503
2015-07-11,1.5518
2015-07-12,1.5518
2015-07-13,1.5518
2015-07-14,1.5584
2015-07-15,1.5621
2015-07-16,1.5601
2015-07-17,1.5624
2015-07-18,1.5587
2015-07-19,1.5587
2015-07-20,1.5587
2015-07-21,1.555
2015-07-22,1.5617
2015-07-23,1.5533
2015-07-24,1.5514
2015-07-25,1.5595
2015-07-26,1.5595
2015-07-27,1.5595
2015-07-28,1.5617
2015-07-29,1.5624
2015-07-30,1.5581
2015-07-31,1.5634
2015-08-01,1.5603
2015-08-02,1.5603
2015-08-03,1.5603
2015-08-04,1.5612
2015-08-05,1.5604
2015-08-06,1.5521
2015-08-07,1.5467
2015-08-08,1.5546
2015-08-09,1.5546
2015-08-10,1.5546
2015-08-11,1.5572
2015-08-12,1.5639
2015-08-13,1.5595
2015-08-14,1.5625
2015-08-15,1.5598
2015-08-16,1.5598
2015-08-17,1.5598
2015-08-18,1.5658
2015-08-19,1.5645
2015-08-20,1.5688
2015-08-21,1.5698
2015-08-22,1.5731
2015-08-23,1.5731
2015-08-24,1.5731
2015-08-25,1.5698
2015-08-26,1.5493
2015-08-27,1.5411
2015-08-28,1.5362
2015-08-29,1.5363
2015-08-30,1.5363
2015-08-31,1.5363
2015-09-01,1.5341
2015-09-02,1.531
2015-09-03,1.5254
2015-09-04,1.5195
2015-09-05,1.5381
2015-09-06,1.5381
2015-09-07,1.5381
2015-09-08,1.5381
2015-09-09,1.5363
2015-09-10,1.5457
2015-09-11,1.5426
2015-09-12,1.5423
2015-09-13,1.5423
2015-09-14,1.5423
2015-09-15,1.5352
2015-09-16,1.5499
2015-09-17,1.5509
2015-09-18,1.5573
2015-09-19,1.5506
2015-09-20,1.5506
2015-09-21,1.5506
2015-09-22,1.5356
2015-09-23,1.5243
2015-09-24,1.5254
2015-09-25,1.5172
2015-09-26,1.5208
2015-09-27,1.5208
2015-09-28,1.5208
2015-09-29,1.5168
2015-09-30,1.5116
2015-10-01,1.5162
2015-10-02,1.5216
2015-10-03,1.5165
2015-10-04,1.5165
2015-10-05,1.5165
2015-10-06,1.5227
2015-10-07,1.5315
2015-10-08,1.5316
2015-10-09,1.5315
2015-10-10,1.5242
2015-10-11,1.5242
2015-10-12,1.5242
2015-10-13,1.5242
2015-10-14,1.5445
2015-10-15,1.5475
2015-10-16,1.5441
2015-10-17,1.5471
2015-10-18,1.5471
2015-10-19,1.5471
2015-10-20,1.547
2015-10-21,1.5463
2015-10-22,1.5399
2015-10-23,1.534
2015-10-24,1.5361
2015-10-25,1.5361
2015-10-26,1.5361
2015-10-27,1.5312
2015-10-28,1.5319
2015-10-29,1.5296
2015-10-30,1.5445
2015-10-31,1.5428
2015-11-01,1.5428
2015-11-02,1.5428
2015-11-03,1.5404
2015-11-04,1.5377
2015-11-05,1.5236
2015-11-06,1.5071
2015-11-07,1.5124
2015-11-08,1.5124
2015-11-09,1.5124
2015-11-10,1.511
2015-11-11,1.5206
2015-11-12,1.5206
2015-11-13,1.5208
2015-11-14,1.5204
2015-11-15,1.5204
2015-11-16,1.5204
2015-11-17,1.5214
2015-11-18,1.521
2015-11-19,1.5327
2015-11-20,1.5199
2015-11-21,1.5125
2015-11-22,1.5125
2015-11-23,1.5125
2015-11-24,1.5057
2015-11-25,1.5109
2015-11-26,1.504
2015-11-27,1.504
2015-11-28,1.5044
2015-11-29,1.5044
2015-11-30,1.5044
2015-12-01,1.5074
2015-12-02,1.4927
2015-12-03,1.5088
2015-12-04,1.51
2015-12-05,1.5076
2015-12-06,1.5076
2015-12-07,1.5076
2015-12-08,1.5
2015-12-09,1.5168
2015-12-10,1.5176
2015-12-11,1.5213
2015-12-12,1.513
2015-12-13,1.513
2015-12-14,1.513
2015-12-15,1.5044
2015-12-16,1.5013
2015-12-17,1.4876
2015-12-18,1.4914
2015-12-19,1.4906
2015-12-20,1.4906
2015-12-21,1.4906
2015-12-22,1.4811
2015-12-23,1.4863
2015-12-24,1.4943
2015-12-25,1.4883
2015-12-26,1.4883
2015-12-27,1.4883
2015-12-28,1.4883
2015-12-29,1.4794
2015-12-30,1.4832
2015-12-31,1.4746
2016-01-01,1.4686
2016-01-02,1.4686
2016-01-03,1.4686
2016-01-04,1.4686
2016-01-05,1.4664
2016-01-06,1.4626
2016-01-07,1.4579
2016-01-08,1.4523
2016-01-09,1.4564
2016-01-10,1.4564
2016-01-11,1.4564
2016-01-12,1.4403
2016-01-13,1.447
2016-01-14,1.4409
2016-01-15,1.4289
2016-01-16,1.4171
2016-01-17,1.4171
2016-01-18,1.4171
2016-01-19,1.4171
2016-01-20,1.4167
2016-01-21,1.4198
2016-01-22,1.4308
2016-01-23,1.4245
2016-01-24,1.4245
2016-01-25,1.4245
2016-01-26,1.4342
2016-01-27,1.4261
2016-01-28,1.4351
2016-01-29,1.4184
2016-01-30,1.4367
2016-01-31,1.4367
2016-02-01,1.4367
2016-02-02,1.4399
2016-02-03,1.4576
2016-02-04,1.458
2016-02-05,1.4468
2016-02-06,1.4415
2016-02-07,1.4415
2016-02-08,1.4415
2016-02-09,1.4473
2016-02-10,1.4473
2016-02-11,1.4448
2016-02-12,1.446
2016-02-13,1.429
2016-02-14,1.429
2016-02-15,1.429
2016-02-16,1.429
2016-02-17,1.4317
2016-02-18,1.4333
2016-02-19,1.4343
2016-02-20,1.4157
2016-02-21,1.4157
2016-02-22,1.4157
2016-02-23,1.404
2016-02-24,1.3932
2016-02-25,1.3937
2016-02-26,1.3867
2016-02-27,1.3926
2016-02-28,1.3926
2016-02-29,1.3926
2016-03-01,1.3948
2016-03-02,1.4059
2016-03-03,1.4152
2016-03-04,1.4226
2016-03-05,1.4256
2016-03-06,1.4256
2016-03-07,1.4256
2016-03-08,1.4225
2016-03-09,1.4236
2016-03-10,1.4306
2016-03-11,1.4426
2016-03-12,1.4324
2016-03-13,1.4324
2016-03-14,1.4324
2016-03-15,1.4166
2016-03-16,1.41
2016-03-17,1.449
2016-03-18,1.4514
2016-03-19,1.4402
2016-03-20,1.4402
2016-03-21,1.4402
2016-03-22,1.4217
2016-03-23,1.4111
2016-03-24,1.4143
2016-03-25,1.4131
2016-03-26,1.425
2016-03-27,1.425
2016-03-28,1.425
2016-03-29,1.4281
2016-03-30,1.439
2016-03-31,1.4381
2016-04-01,1.4204
2016-04-02,1.4279
2016-04-03,1.4279
2016-04-04,1.4279
2016-04-05,1.4149
2016-04-06,1.4162
2016-04-07,1.4082
2016-04-08,1.4105
2016-04-09,1.424
2016-04-10,1.424
2016-04-11,1.424
2016-04-12,1.4244
2016-04-13,1.4223
2016-04-14,1.4148
2016-04-15,1.4217
2016-04-16,1.4276
2016-04-17,1.4276
2016-04-18,1.4276
2016-04-19,1.4396
2016-04-20,1.4375
2016-04-21,1.4338
2016-04-22,1.439
2016-04-23,1.4492
2016-04-24,1.4492
2016-04-25,1.4492
2016-04-26,1.4611
2016-04-27,1.4554
2016-04-28,1.4581
2016-04-29,1.4625
2016-04-30,1.4666
2016-05-01,1.4666
2016-05-02,1.4666
2016-05-03,1.4543
2016-05-04,1.4475
2016-05-05,1.4486
2016-05-06,1.4439
2016-05-07,1.4409
2016-05-08,1.4409
2016-05-09,1.4409
2016-05-10,1.4454
2016-05-11,1.448
2016-05-12,1.4452
2016-05-13,1.4369
2016-05-14,1.4411
2016-05-15,1.4411
2016-05-16,1.4411
2016-05-17,1.4485
2016-05-18,1.4615
2016-05-19,1.4608
2016-05-20,1.4513
2016-05-21,1.4444
2016-05-22,1.4444
2016-05-23,1.4444
2016-05-24,1.4623
2016-05-25,1.4694
2016-05-26,1.4673
2016-05-27,1.4644
2016-05-28,1.453
2016-05-29,1.453
2016-05-30,1.453
2016-05-31,1.453
2016-06-01,1.4395
2016-06-02,1.4419
2016-06-03,1.4521
2016-06-04,1.445
2016-06-05,1.445
2016-06-06,1.445
2016-06-07,1.4564
2016-06-08,1.4546
2016-06-09,1.4467
2016-06-10,1.4342
2016-06-11,1.4223
2016-06-12,1.4223
2016-06-13,1.4223
2016-06-14,1.413
2016-06-15,1.4185
2016-06-16,1.4075
2016-06-17,1.4285
2016-06-18,1.4688
2016-06-19,1.4688
2016-06-20,1.4688
2016-06-21,1.4668
2016-06-22,1.4682
2016-06-23,1.48
2016-06-24,1.3639
2016-06-25,1.3217
2016-06-26,1.3217
2016-06-27,1.3217
2016-06-28,1.3294
2016-06-29,1.351
2016-06-30,1.3242
2016-07-01,1.3281
2016-07-02,1.3021
2016-07-03,1.3021
2016-07-04,1.3021
2016-07-05,1.3021
2016-07-06,1.2921
2016-07-07,1.2926
2016-07-08,1.2938
2016-07-09,1.2986
2016-07-10,1.2986
2016-07-11,1.2986
2016-07-12,1.3237
2016-07-13,1.318
2016-07-14,1.3332
2016-07-15,1.3194
2016-07-16,1.3279
2016-07-17,1.3279
2016-07-18,1.3279
2016-07-19,1.3123
2016-07-20,1.3179
2016-07-21,1.3216
2016-07-22,1.3091
2016-07-23,1.313
2016-07-24,1.313
2016-07-25,1.313
2016-07-26,1.3133
2016-07-27,1.3094
2016-07-28,1.3151
2016-07-29,1.327
2016-07-30,1.3209
2016-07-31,1.3209
2016-08-01,1.3209
2016-08-02,1.3326
2016-08-03,1.3335
2016-08-04,1.3143
2016-08-05,1.3069
2016-08-06,1.3042
2016-08-07,1.3042
2016-08-08,1.3042
2016-08-09,1.301
2016-08-10,1.2998
2016-08-11,1.296
2016-08-12,1.2934
2016-08-13,1.2874
2016-08-14,1.2874
2016-08-15,1.2874
2016-08-16,1.3019
2016-08-17,1.3012
2016-08-18,1.3147
2016-08-19,1.3061
2016-08-20,1.3133
2016-08-21,1.3133
2016-08-22,1.3133
2016-08-23,1.3179
2016-08-24,1.3236
2016-08-25,1.3177
2016-08-26,1.3168
2016-08-27,1.3089
2016-08-28,1.3089
2016-08-29,1.3089
2016-08-30,1.3084
2016-08-31,1.3129
2016-09-01,1.3273
2016-09-02,1.3299
2016-09-03,1.3429
2016-09-04,1.3429
2016-09-05,1.3429
2016-09-06,1.3429
2016-09-07,1.3339
2016-09-08,1.3301
2016-09-09,1.3257
2016-09-10,1.3313
2016-09-11,1.3313
2016-09-12,1.3313
2016-09-13,1.3184
2016-09-14,1.3204
2016-09-15,1.3215
2016-09-16,1.309
2016-09-17,1.3051
2016-09-18,1.3051
2016-09-19,1.3051
2016-09-20,1.2974
2016-09-21,1.2978
2016-09-22,1.3092
2016-09-23,1.2959
2016-09-24,1.2978
2016-09-25,1.2978
2016-09-26,1.2978
2016-09-27,1.3005
2016-09-28,1.2996
2016-09-29,1.2991
2016-09-30,1.3015
2016-10-01,1.284
2016-10-02,1.284
2016-10-03,1.284
2016-10-04,1.2746
2016-10-05,1.2745
2016-10-06,1.2647
2016-10-07,1.2434
2016-10-08,1.2218
2016-10-09,1.2218
2016-10-10,1.2218
2016-10-11,1.2218
2016-10-12,1.2195
2016-10-13,1.2201
2016-10-14,1.2189
2016-10-15,1.2186
2016-10-16,1.2186
2016-10-17,1.2186
2016-10-18,1.231
2016-10-19,1.2279
2016-10-20,1.2256
2016-10-21,1.221
2016-10-22,1.2204
2016-10-23,1.2204
2016-10-24,1.2204
2016-10-25,1.2164
2016-10-26,1.2234
2016-10-27,1.2173
2016-10-28,1.2155
2016-10-29,1.2212
2016-10-30,1.2212
2016-10-31,1.2212
2016-11-01,1.2218
2016-11-02,1.2315
2016-11-03,1.2454
2016-11-04,1.2546
2016-11-05,1.2403
2016-11-06,1.2403
2016-11-07,1.2403
2016-11-08,1.2372
2016-11-09,1.2474
2016-11-10,1.2523
2016-11-11,1.2469
2016-11-12,1.2469
2016-11-13,1.2469
2016-11-14,1.2469
2016-11-15,1.2422
2016-11-16,1.245
2016-11-17,1.245
2016-11-18,1.2327
2016-11-19,1.2474
2016-11-20,1.2474
2016-11-21,1.2474
2016-11-22,1.2424
2016-11-23,1.2458
2016-11-24,1.2462
2016-11-25,1.2462
2016-11-26,1.2411
2016-11-27,1.2411
2016-11-28,1.2411
2016-11-29,1.2505
2016-11-30,1.2481
2016-12-01,1.2596
2016-12-02,1.2685
2016-12-03,1.2708
2016-12-04,1.2708
2016-12-05,1.2708
2016-12-06,1.2706
2016-12-07,1.2604
2016-12-08,1.2574
2016-12-09,1.259
2016-12-10,1.2677
2016-12-11,1.2677
2016-12-12,1.2677
2016-12-13,1.2685
2016-12-14,1.2706
2016-12-15,1.2389
2016-12-16,1.2478
2016-12-17,1.2419
2016-12-18,1.2419
2016-12-19,1.2419
2016-12-20,1.2358
2016-12-21,1.2348
2016-12-22,1.2301
2016-12-23,1.2252
2016-12-24,1.2261
2016-12-25,1.2261
2016-12-26,1.2261
2016-12-27,1.2261
2016-12-28,1.2222
2016-12-29,1.2237
2016-12-30,1.2337
2016-12-31,1.2256
2017-01-01,1.2256
2017-01-02,1.2256
2017-01-03,1.2256
2017-01-04,1.2299
2017-01-05,1.2415
2017-01-06,1.2314
2017-01-07,1.2167
2017-01-08,1.2167
2017-01-09,1.2167
2017-01-10,1.2165
2017-01-11,1.2118
2017-01-12,1.2211
2017-01-13,1.2198
2017-01-14,1.2388
2017-01-15,1.2388
2017-01-16,1.2388
2017-01-17,1.2388
2017-01-18,1.2309
2017-01-19,1.2319
2017-01-20,1.2485
2017-01-21,1.2485
2017-01-22,1.2485
2017-01-23,1.2485
2017-01-24,1.2531
2017-01-25,1.262
2017-01-26,1.2579
2017-01-27,1.2531
2017-01-28,1.2478
2017-01-29,1.2478
2017-01-30,1.2478
2017-01-31,1.2585
2017-02-01,1.2643
2017-02-02,1.2541
2017-02-03,1.2504
2017-02-04,1.245
2017-02-05,1.245
2017-02-06,1.245
2017-02-07,1.2486
2017-02-08,1.2543
2017-02-09,1.2516
2017-02-10,1.2502
2017-02-11,1.251
2017-02-12,1.251
2017-02-13,1.251
2017-02-14,1.2465
2017-02-15,1.2465
2017-02-16,1.2477
2017-02-17,1.2428
2017-02-18,1.2465
2017-02-19,1.2465
2017-02-20,1.2465
2017-02-21,1.2465
2017-02-22,1.2456
2017-02-23,1.2548
2017-02-24,1.2499
2017-02-25,1.2473
2017-02-26,1.2473
2017-02-27,1.2473
2017-02-28,1.2427
2017-03-01,1.2318
2017-03-02,1.2267
2017-03-03,1.2249
2017-03-04,1.2243
2017-03-05,1.2243
2017-03-06,1.2243
2017-03-07,1.2209
2017-03-08,1.2152
2017-03-09,1.2166
2017-03-10,1.2158
2017-03-11,1.2234
2017-03-12,1.2234
2017-03-13,1.2234
2017-03-14,1.2168
2017-03-15,1.2222
2017-03-16,1.237
2017-03-17,1.2372
2017-03-18,1.2365
2017-03-19,1.2365
2017-03-20,1.2365
2017-03-21,1.2479
2017-03-22,1.2476
2017-03-23,1.2526
2017-03-24,1.2491
2017-03-25,1.2583
2017-03-26,1.2583
2017-03-27,1.2583
2017-03-28,1.2503
2017-03-29,1.2411
2017-03-30,1.2489
2017-03-31,1.2537
2017-04-01,1.2479
2017-04-02,1.2479
2017-04-03,1.2479
2017-04-04,1.2437
2017-04-05,1.2488
2017-04-06,1.2486
2017-04-07,1.2398
2017-04-08,1.2418
2017-04-09,1.2418
2017-04-10,1.2418
2017-04-11,1.2484
2017-04-12,1.25
2017-04-13,1.2522
2017-04-14,1.2531
2017-04-15,1.2587
2017-04-16,1.2587
2017-04-17,1.2587
2017-04-18,1.2769
2017-04-19,1.2789
2017-04-20,1.283
2017-04-21,1.2783
2017-04-22,1.2783
2017-04-23,1.2783
2017-04-24,1.2783
2017-04-25,1.2836
2017-04-26,1.2838
2017-04-27,1.2889
2017-04-28,1.2938
2017-04-29,1.2917
2017-04-30,1.2917
2017-05-01,1.2917
2017-05-02,1.2921
2017-05-03,1.2916
2017-05-04,1.291
2017-05-05,1.295
2017-05-06,1.2942
2017-05-07,1.2942
2017-05-08,1.2942
2017-05-09,1.2939
2017-05-10,1.2939
2017-05-11,1.2885
2017-05-12,1.288
2017-05-13,1.2917
2017-05-14,1.2917
2017-05-15,1.2917
2017-05-16,1.2912
2017-05-17,1.2944
2017-05-18,1.3009
2017-05-19,1.3018
2017-05-20,1.3006
2017-05-21,1.3006
2017-05-22,1.3006
2017-05-23,1.2984
2017-05-24,1.2935
2017-05-25,1.2954
2017-05-26,1.2795
2017-05-27,1.2858
2017-05-28,1.2858
2017-05-29,1.2858
2017-05-30,1.2858
2017-05-31,1.2905
2017-06-01,1.2894
2017-06-02,1.2885
2017-06-03,1.2917
2017-06-04,1.2917
2017-06-05,1.2917
2017-06-06,1.2901
2017-06-07,1.2941
2017-06-08,1.2939
2017-06-09,1.2737
2017-06-10,1.2658
2017-06-11,1.2658
2017-06-12,1.2658
2017-06-13,1.2739
2017-06-14,1.2808
2017-06-15,1.2768
2017-06-16,1.2778
2017-06-17,1.2743
2017-06-18,1.2743
2017-06-19,1.2743
2017-06-20,1.2628
2017-06-21,1.2667
2017-06-22,1.2659
2017-06-23,1.2727
2017-06-24,1.2732
2017-06-25,1.2732
2017-06-26,1.2732
2017-06-27,1.2791
2017-06-28,1.2936
2017-06-29,1.2984
2017-06-30,1.2995
2017-07-01,1.2951
2017-07-02,1.2951
2017-07-03,1.2951
2017-07-04,1.2934
2017-07-05,1.2934
2017-07-06,1.2967
2017-07-07,1.288
2017-07-08,1.2884
2017-07-09,1.2884
2017-07-10,1.2884
2017-07-11,1.2851
2017-07-12,1.2889
2017-07-13,1.2921
2017-07-14,1.3079
2017-07-15,1.3058
2017-07-16,1.3058
2017-07-17,1.3058
2017-07-18,1.3026
2017-07-19,1.3036
2017-07-20,1.2976
2017-07-21,1.2968
2017-07-22,1.3028
2017-07-23,1.3028
2017-07-24,1.3028
2017-07-25,1.3046
2017-07-26,1.3048
2017-07-27,1.3065
2017-07-28,1.3124
2017-07-29,1.3196
2017-07-30,1.3196
2017-07-31,1.3196
2017-08-01,1.3206
2017-08-02,1.3236
2017-08-03,1.3144
2017-08-04,1.3036
2017-08-05,1.3021
2017-08-06,1.3021
2017-08-07,1.3021
2017-08-08,1.2968
2017-08-09,1.2997
2017-08-10,1.2978
2017-08-11,1.2988
2017-08-12,1.2975
2017-08-13,1.2975
2017-08-14,1.2975
2017-08-15,1.2862
2017-08-16,1.286
2017-08-17,1.2888
2017-08-18,1.2847
2017-08-19,1.2903
2017-08-20,1.2903
2017-08-21,1.2903
2017-08-22,1.2834
2017-08-23,1.2787
2017-08-24,1.2802
2017-08-25,1.2873
2017-08-26,1.2927
2017-08-27,1.2927
2017-08-28,1.2927
2017-08-29,1.2937
2017-08-30,1.2934
2017-08-31,1.2888
2017-09-01,1.2972
2017-09-02,1.3013
2017-09-03,1.3013
2017-09-04,1.3013
2017-09-05,1.3013
2017-09-06,1.3073
2017-09-07,1.3094
2017-09-08,1.3211
2017-09-09,1.3173
2017-09-10,1.3173
2017-09-11,1.3173
2017-09-12,1.328
2017-09-13,1.3218
2017-09-14,1.3398
2017-09-15,1.3578
2017-09-16,1.3485
2017-09-17,1.3485
2017-09-18,1.3485
2017-09-19,1.3517
2017-09-20,1.3564
2017-09-21,1.3576
2017-09-22,1.3531
2017-09-23,1.3457
2017-09-24,1.3457
2017-09-25,1.3457
2017-09-26,1.3422
2017-09-27,1.3401
2017-09-28,1.3435
2017-09-29,1.3402
2017-09-30,1.3268
2017-10-01,1.3268
2017-10-02,1.3268
2017-10-03,1.3251
2017-10-04,1.3268
2017-10-05,1.3132
2017-10-06,1.3063
2017-10-07,1.3215
2017-10-08,1.3215
2017-10-09,1.3215
2017-10-10,1.3215
2017-10-11,1.321
2017-10-12,1.3174
2017-10-13,1.3304
2017-10-14,1.3285
2017-10-15,1.3285
2017-10-16,1.3285
2017-10-17,1.3182
2017-10-18,1.3183
2017-10-19,1.3181
2017-10-20,1.3179
2017-10-21,1.3201
2017-10-22,1.3201
2017-10-23,1.3201
2017-10-24,1.3124
2017-10-25,1.3252
2017-10-26,1.3181
2017-10-27,1.3108
2017-10-28,1.3195
2017-10-29,1.3195
2017-10-30,1.3195
2017-10-31,1.3281
2017-11-01,1.3257
2017-11-02,1.3068
2017-11-03,1.3067
2017-11-04,1.3145
2017-11-05,1.3145
2017-11-06,1.3145
2017-11-07,1.3152
2017-11-08,1.3108
2017-11-09,1.3133
2017-11-10,1.3101
2017-11-11,1.3101
2017-11-12,1.3101
2017-11-13,1.3101
2017-11-14,1.3128
2017-11-15,1.3165
2017-11-16,1.3197
2017-11-17,1.3222
2017-11-18,1.3241
2017-11-19,1.3241
2017-11-20,1.3241
2017-11-21,1.3232
2017-11-22,1.3291
2017-11-23,1.3336
2017-11-24,1.3336
2017-11-25,1.3333
2017-11-26,1.3333
2017-11-27,1.3333
2017-11-28,1.3231
2017-11-29,1.3436
2017-11-30,1.3506
2017-12-01,1.3505
2017-12-02,1.3465
2017-12-03,1.3465
2017-12-04,1.3465
2017-12-05,1.345
2017-12-06,1.3382
2017-12-07,1.3432
2017-12-08,1.3367
2017-12-09,1.3363
2017-12-10,1.3363
2017-12-11,1.3363
2017-12-12,1.3323
2017-12-13,1.3365
2017-12-14,1.344
2017-12-15,1.3316
2017-12-16,1.3398
2017-12-17,1.3398
2017-12-18,1.3398
2017-12-19,1.3356
2017-12-20,1.3408
2017-12-21,1.3372
2017-12-22,1.3379
2017-12-23,1.3369
2017-12-24,1.3369
2017-12-25,1.3369
2017-12-26,1.3369
2017-12-27,1.3403
2017-12-28,1.345
2017-12-29,1.3529
2017-12-30,1.3596
2017-12-31,1.3596
2018-01-01,1.3596
2018-01-02,1.3596
2018-01-03,1.3522
2018-01-04,1.3539
2018-01-05,1.3562
2018-01-06,1.3566
2018-01-07,1.3566
2018-01-08,1.3566
2018-01-09,1.3518
2018-01-10,1.3513
2018-01-11,1.3543
2018-01-12,1.3689
2018-01-13,1.3774
2018-01-14,1.3774
2018-01-15,1.3774
2018-01-16,1.3774
2018-01-17,1.3824
2018-01-18,1.3889
2018-01-19,1.3857
2018-01-20,1.3944
2018-01-21,1.3944
2018-01-22,1.3944
2018-01-23,1.3968
2018-01-24,1.4198
2018-01-25,1.4264
2018-01-26,1.4179
2018-01-27,1.4042
2018-01-28,1.4042
2018-01-29,1.4042
2018-01-30,1.4124
2018-01-31,1.419
2018-02-01,1.4247
2018-02-02,1.4126
2018-02-03,1.4022
2018-02-04,1.4022
2018-02-05,1.4022
2018-02-06,1.3951
2018-02-07,1.3881
2018-02-08,1.3915
2018-02-09,1.3794
2018-02-10,1.382
2018-02-11,1.382
2018-02-12,1.382
2018-02-13,1.3892
2018-02-14,1.3955
2018-02-15,1.4061
2018-02-16,1.4055
2018-02-17,1.4021
2018-02-18,1.4021
2018-02-19,1.4021
2018-02-20,1.4021
2018-02-21,1.3946
2018-02-22,1.3939
2018-02-23,1.3979
2018-02-24,1.3952
2018-02-25,1.3952
2018-02-26,1.3952
2018-02-27,1.3906
2018-02-28,1.3794
2018-03-01,1.3755
2018-03-02,1.3769
2018-03-03,1.3856
2018-03-04,1.3856
2018-03-05,1.3856
2018-03-06,1.3886
2018-03-07,1.3888
2018-03-08,1.3824
2018-03-09,1.3863
2018-03-10,1.3898
2018-03-11,1.3898
2018-03-12,1.3898
2018-03-13,1.3987
2018-03-14,1.3946
2018-03-15,1.3951
2018-03-16,1.3919
2018-03-17,1.4032
2018-03-18,1.4032
2018-03-19,1.4032
2018-03-20,1.4013
2018-03-21,1.4064
2018-03-22,1.4098
2018-03-23,1.4151
2018-03-24,1.4236
2018-03-25,1.4236
2018-03-26,1.4236
2018-03-27,1.4161
2018-03-28,1.411
2018-03-29,1.4029
2018-03-30,1.4027
2018-03-31,1.4032
2018-04-01,1.4032
2018-04-02,1.4032
2018-04-03,1.4068
2018-04-04,1.4076
2018-04-05,1.3991
2018-04-06,1.4088
2018-04-07,1.4136
2018-04-08,1.4136
2018-04-09,1.4136
2018-04-10,1.4161
2018-04-11,1.4194
2018-04-12,1.4244
2018-04-13,1.4255
2018-04-14,1.4332
2018-04-15,1.4332
2018-04-16,1.4332
2018-04-17,1.4301
2018-04-18,1.4227
2018-04-19,1.4193
2018-04-20,1.4033
2018-04-21,1.3953
2018-04-22,1.3953
2018-04-23,1.3953
2018-04-24,1.3975
2018-04-25,1.3941
2018-04-26,1.3927
2018-04-27,1.3785
2018-04-28,1.3751
2018-04-29,1.3751
2018-04-30,1.3751
2018-05-01,1.3611
2018-05-02,1.361
2018-05-03,1.3569
2018-05-04,1.3535
2018-05-05,1.3567
2018-05-06,1.3567
2018-05-07,1.3567
2018-05-08,1.3521
2018-05-09,1.3567
2018-05-10,1.3487
2018-05-11,1.3549
2018-05-12,1.3595
2018-05-13,1.3595
2018-05-14,1.3595
2018-05-15,1.3512
2018-05-16,1.3478
2018-05-17,1.3507
2018-05-18,1.3476
2018-05-19,1.3418
2018-05-20,1.3418
2018-05-21,1.3418
2018-05-22,1.3445
2018-05-23,1.3341
2018-05-24,1.3384
2018-05-25,1.3321
2018-05-26,1.3258
2018-05-27,1.3258
2018-05-28,1.3258
2018-05-29,1.3258
2018-05-30,1.3296
2018-05-31,1.3289
2018-06-01,1.3358
2018-06-02,1.3314
2018-06-03,1.3314
2018-06-04,1.3314
2018-06-05,1.336
2018-06-06,1.3429
2018-06-07,1.3427
2018-06-08,1.3406
2018-06-09,1.3386
2018-06-10,1.3386
2018-06-11,1.3386
2018-06-12,1.3416
2018-06-13,1.3378
2018-06-14,1.3333
2018-06-15,1.3283
2018-06-16,1.3247
2018-06-17,1.3247
2018-06-18,1.3247
2018-06-19,1.3172
2018-06-20,1.3213
2018-06-21,1.3251
2018-06-22,1.3258
2018-06-23,1.3273
2018-06-24,1.3273
2018-06-25,1.3273
2018-06-26,1.3243
2018-06-27,1.3139
2018-06-28,1.3095
2018-06-29,1.3197
2018-06-30,1.3133
2018-07-01,1.3133
2018-07-02,1.3133
2018-07-03,1.3174
2018-07-04,1.3228
2018-07-05,1.3228
2018-07-06,1.3262
2018-07-07,1.3202
2018-07-08,1.3202
2018-07-09,1.3202
2018-07-10,1.3266
2018-07-11,1.3241
2018-07-12,1.3238
2018-07-13,1.3216
2018-07-14,1.3236
2018-07-15,1.3236
2018-07-16,1.3236
2018-07-17,1.3161
2018-07-18,1.305
2018-07-19,1.2987
2018-07-20,1.3114
2018-07-21,1.3105
2018-07-22,1.3105
2018-07-23,1.3105
2018-07-24,1.3135
2018-07-25,1.315
2018-07-26,1.3119
2018-07-27,1.3118
2018-07-28,1.314
2018-07-29,1.314
2018-07-30,1.314
2018-07-31,1.3125
2018-08-01,1.312
2018-08-02,1.3035
2018-08-03,1.3021
2018-08-04,1.2947
2018-08-05,1.2947
2018-08-06,1.2947
2018-08-07,1.2957
2018-08-08,1.288
2018-08-09,1.287
2018-08-10,1.2769
2018-08-11,1.2757
2018-08-12,1.2757
2018-08-13,1.2757
2018-08-14,1.2738
2018-08-15,1.2685
2018-08-16,1.2722
2018-08-17,1.2735
2018-08-18,1.2765
2018-08-19,1.2765
2018-08-20,1.2765
2018-08-21,1.286
2018-08-22,1.291
2018-08-23,1.283
2018-08-24,1.2858
2018-08-25,1.2891
2018-08-26,1.2891
2018-08-27,1.2891
2018-08-28,1.2886
2018-08-29,1.3006
2018-08-30,1.2997
2018-08-31,1.2964
2018-09-01,1.2833
2018-09-02,1.2833
2018-09-03,1.2833
2018-09-04,1.2833
2018-09-05,1.2903
2018-09-06,1.2933
2018-09-07,1.2934
2018-09-08,1.3026
2018-09-09,1.3026
2018-09-10,1.3026
2018-09-11,1.3015
2018-09-12,1.3029
2018-09-13,1.3104
2018-09-14,1.3084
2018-09-15,1.3146
2018-09-16,1.3146
2018-09-17,1.3146
2018-09-18,1.3158
2018-09-19,1.3162
2018-09-20,1.3237
2018-09-21,1.3067
2018-09-22,1.3128
2018-09-23,1.3128
2018-09-24,1.3128
2018-09-25,1.3162
2018-09-26,1.3182
2018-09-27,1.3104
2018-09-28,1.3053
2018-09-29,1.3032
2018-09-30,1.3032
2018-10-01,1.3032
2018-10-02,1.2984
2018-10-03,1.2993
2018-10-04,1.3014
2018-10-05,1.3101
2018-10-06,1.3139
2018-10-07,1.3139
2018-10-08,1.3139
2018-10-09,1.3139
2018-10-10,1.3206
2018-10-11,1.3193
2018-10-12,1.3154
2018-10-13,1.3168
2018-10-14,1.3168
2018-10-15,1.3168
2018-10-16,1.321
2018-10-17,1.3137
2018-10-18,1.3061
2018-10-19,1.3045
2018-10-20,1.2974
2018-10-21,1.2974
2018-10-22,1.2974
2018-10-23,1.2982
2018-10-24,1.2898
2018-10-25,1.2827
2018-10-26,1.2826
2018-10-27,1.2807
2018-10-28,1.2807
2018-10-29,1.2807
2018-10-30,1.2731
2018-10-31,1.2779
2018-11-01,1.2974
2018-11-02,1.2965
2018-11-03,1.302
2018-11-04,1.302
2018-11-05,1.302
2018-11-06,1.3076
2018-11-07,1.3144
2018-11-08,1.3116
2018-11-09,1.2978
2018-11-10,1.3031
2018-11-11,1.3031
2018-11-12,1.3031
2018-11-13,1.3031
2018-11-14,1.3011
2018-11-15,1.2749
2018-11-16,1.2839
2018-11-17,1.2842
2018-11-18,1.2842
2018-11-19,1.2842
2018-11-20,1.2809
2018-11-21,1.2776
2018-11-22,1.2804
2018-11-23,1.2804
2018-11-24,1.2809
2018-11-25,1.2809
2018-11-26,1.2809
2018-11-27,1.2729
2018-11-28,1.2766
2018-11-29,1.2789
2018-11-30,1.2772
2018-12-01,1.2742
2018-12-02,1.2742
2018-12-03,1.2742
2018-12-04,1.2719
2018-12-05,1.2777
2018-12-06,1.2777
2018-12-07,1.2749
2018-12-08,1.2558
2018-12-09,1.2558
2018-12-10,1.2558
2018-12-11,1.2524
2018-12-12,1.2658
2018-12-13,1.2635
2018-12-14,1.257
2018-12-15,1.2606
2018-12-16,1.2606
2018-12-17,1.2606
2018-12-18,1.2644
2018-12-19,1.2669
2018-12-20,1.265
2018-12-21,1.2681
2018-12-22,1.2676
2018-12-23,1.2676
2018-12-24,1.2676
2018-12-25,1.2676
2018-12-26,1.2676
2018-12-27,1.2627
2018-12-28,1.2699
2018-12-29,1.2763
2018-12-30,1.2763
2018-12-31,1.2763
2019-01-01,1.2598
2019-01-02,1.2598
2019-01-03,1.2633
2019-01-04,1.274
2019-01-05,1.2757
2019-01-06,1.2757
2019-01-07,1.2757
2019-01-08,1.2724
2019-01-09,1.2764
2019-01-10,1.2768
2019-01-11,1.2836
2019-01-12,1.2761
2019-01-13,1.2761
2019-01-14,1.2761
2019-01-15,1.2761
2019-01-16,1.2862
2019-01-17,1.294
2019-01-18,1.2898
2019-01-19,1.2955
2019-01-20,1.2955
2019-01-21,1.2955
2019-01-22,1.2955
2019-01-23,1.3074
2019-01-24,1.3027
2019-01-25,1.3176
2019-01-26,1.3158
2019-01-27,1.3158
2019-01-28,1.3158
2019-01-29,1.3146
2019-01-30,1.3062
2019-01-31,1.3135
2019-02-01,1.3094
2019-02-02,1.3068
2019-02-03,1.3068
2019-02-04,1.3068
2019-02-05,1.2947
2019-02-06,1.2956
2019-02-07,1.2966
2019-02-08,1.2933
2019-02-09,1.2862
2019-02-10,1.2862
2019-02-11,1.2862
2019-02-12,1.2887
2019-02-13,1.2865
2019-02-14,1.2793
2019-02-15,1.2857
2019-02-16,1.3036
2019-02-17,1.3036
2019-02-18,1.3036
2019-02-19,1.3036
2019-02-20,1.306
2019-02-21,1.306
2019-02-22,1.3067
2019-02-23,1.3059
2019-02-24,1.3059
2019-02-25,1.3059
2019-02-26,1.3252
2019-02-27,1.3318
2019-02-28,1.3274
2019-03-01,1.3222
2019-03-02,1.3186
2019-03-03,1.3186
2019-03-04,1.3186
2019-03-05,1.3141
2019-03-06,1.3148
2019-03-07,1.3107
2019-03-08,1.301
2019-03-09,1.3095
2019-03-10,1.3095
2019-03-11,1.3095
2019-03-12,1.3101
2019-03-13,1.323
2019-03-14,1.3281
2019-03-15,1.3278
2019-03-16,1.3223
2019-03-17,1.3223
2019-03-18,1.3223
2019-03-19,1.3263
2019-03-20,1.3191
2019-03-21,1.3073
2019-03-22,1.3219
2019-03-23,1.3203
2019-03-24,1.3203
2019-03-25,1.3203
2019-03-26,1.3215
2019-03-27,1.3192
2019-03-28,1.3088
2019-03-29,1.3032
2019-03-30,1.3144
2019-03-31,1.3144
2019-04-01,1.3144
2019-04-02,1.3035
2019-04-03,1.3181
2019-04-04,1.3072
2019-04-05,1.301
2019-04-06,1.3048
2019-04-07,1.3048
2019-04-08,1.3048
2019-04-09,1.3048
2019-04-10,1.31
2019-04-11,1.3068
2019-04-12,1.3086
2019-04-13,1.3105
2019-04-14,1.3105
2019-04-15,1.3105
2019-04-16,1.3049
2019-04-17,1.3036
2019-04-18,1.3003
2019-04-19,1.3003
2019-04-20,1.2983
2019-04-21,1.2983
2019-04-22,1.2983
2019-04-23,1.2943
2019-04-24,1.2947
2019-04-25,1.2901
2019-04-26,1.293
2019-04-27,1.2924
2019-04-28,1.2924
2019-04-29,1.2924
2019-04-30,1.303
2019-05-01,1.3091
2019-05-02,1.3032
2019-05-03,1.3139
2019-05-04,1.3093
2019-05-05,1.3093
2019-05-06,1.3093
2019-05-07,1.3052
2019-05-08,1.3014
2019-05-09,1.3013
2019-05-10,1.3036
2019-05-11,1.2961
2019-05-12,1.2961
2019-05-13,1.2961
2019-05-14,1.2921
2019-05-15,1.2878
2019-05-16,1.2803
2019-05-17,1.2723
2019-05-18,1.2718
2019-05-19,1.2718
2019-05-20,1.2718
2019-05-21,1.2747
2019-05-22,1.2674
2019-05-23,1.2666
2019-05-24,1.27
2019-05-25,1.2668
2019-05-26,1.2668
2019-05-27,1.2668
2019-05-28,1.2668
2019-05-29,1.2631
2019-05-30,1.2619
2019-05-31,1.262
2019-06-01,1.2621
2019-06-02,1.2621
2019-06-03,1.2621
2019-06-04,1.2675
2019-06-05,1.2706
2019-06-06,1.2713
2019-06-07,1.274
2019-06-08,1.2684
2019-06-09,1.2684
2019-06-10,1.2684
2019-06-11,1.2724
2019-06-12,1.2693
2019-06-13,1.2678
2019-06-14,1.2601
2019-06-15,1.2568
2019-06-16,1.2568
2019-06-17,1.2568
2019-06-18,1.2547
2019-06-19,1.2625
2019-06-20,1.27
2019-06-21,1.2703
2019-06-22,1.2728
2019-06-23,1.2728
2019-06-24,1.2728
2019-06-25,1.2721
2019-06-26,1.2697
2019-06-27,1.2674
2019-06-28,1.2704
2019-06-29,1.2644
2019-06-30,1.2644
2019-07-01,1.2644
2019-07-02,1.2599
2019-07-03,1.2568
2019-07-04,1.2506
2019-07-05,1.2506
2019-07-06,1.2503
2019-07-07,1.2503
2019-07-08,1.2503
2019-07-09,1.2463
2019-07-10,1.2507
2019-07-11,1.2549
2019-07-12,1.2553
2019-07-13,1.2523
2019-07-14,1.2523
2019-07-15,1.2523
2019-07-16,1.2408
2019-07-17,1.2438
2019-07-18,1.2494
2019-07-19,1.25
2019-07-20,1.2475
2019-07-21,1.2475
2019-07-22,1.2475
2019-07-23,1.2449
2019-07-24,1.2498
2019-07-25,1.2471
2019-07-26,1.2387
2019-07-27,1.2236
2019-07-28,1.2236
2019-07-29,1.2236
2019-07-30,1.2148
2019-07-31,1.222
2019-08-01,1.2145
2019-08-02,1.2132
2019-08-03,1.2165
2019-08-04,1.2165
2019-08-05,1.2165
2019-08-06,1.2149
2019-08-07,1.2158
2019-08-08,1.2138
2019-08-09,1.2085
2019-08-10,1.207
2019-08-11,1.207
2019-08-12,1.207
2019-08-13,1.2067
2019-08-14,1.2068
2019-08-15,1.2112
2019-08-16,1.2152
2019-08-17,1.2138
2019-08-18,1.2138
2019-08-19,1.2138
2019-08-20,1.2153
2019-08-21,1.2142
2019-08-22,1.225
2019-08-23,1.2261
2019-08-24,1.2232
2019-08-25,1.2232
2019-08-26,1.2232
2019-08-27,1.2288
2019-08-28,1.2248
2019-08-29,1.2197
2019-08-30,1.2166
2019-08-31,1.2086
2019-09-01,1.2086
2019-09-02,1.2086
2019-09-03,1.2086
2019-09-04,1.219
2019-09-05,1.2337
2019-09-06,1.2299
2019-09-07,1.2368
2019-09-08,1.2368
2019-09-09,1.2368
2019-09-10,1.2355
2019-09-11,1.2329
2019-09-12,1.2357
2019-09-13,1.2462
2019-09-14,1.2423
2019-09-15,1.2423
2019-09-16,1.2423
2019-09-17,1.2493
2019-09-18,1.2478
2019-09-19,1.2481
2019-09-20,1.2489
2019-09-21,1.2428
2019-09-22,1.2428
2019-09-23,1.2428
2019-09-24,1.2475
2019-09-25,1.2363
2019-09-26,1.2343
2019-09-27,1.2312
2019-09-28,1.2305
2019-09-29,1.2305
2019-09-30,1.2305
2019-10-01,1.2242
2019-10-02,1.2313
2019-10-03,1.239
2019-10-04,1.2309
2019-10-05,1.2322
2019-10-06,1.2322
2019-10-07,1.2322
2019-10-08,1.2206
2019-10-09,1.2215
2019-10-10,1.2382
2019-10-11,1.2683
2019-10-12,1.2737
2019-10-13,1.2737
2019-10-14,1.2737
2019-10-15,1.2737
2019-10-16,1.2854
2019-10-17,1.2853
2019-10-18,1.2904
2019-10-19,1.2983
2019-10-20,1.2983
2019-10-21,1.2983
2019-10-22,1.2948
2019-10-23,1.2886
2019-10-24,1.281
2019-10-25,1.2833
2019-10-26,1.286
2019-10-27,1.286
2019-10-28,1.286
2019-10-29,1.2905
2019-10-30,1.2872
2019-10-31,1.2939
2019-11-01,1.295
2019-11-02,1.2906
2019-11-03,1.2906
2019-11-04,1.2906
2019-11-05,1.287
2019-11-06,1.2872
2019-11-07,1.2829
2019-11-08,1.279
2019-11-09,1.2855
2019-11-10,1.2855
2019-11-11,1.2855
2019-11-12,1.2855
2019-11-13,1.284
2019-11-14,1.2879
2019-11-15,1.2901
2019-11-16,1.2965
2019-11-17,1.2965
2019-11-18,1.2965
2019-11-19,1.2926
2019-11-20,1.2918
2019-11-21,1.2915
2019-11-22,1.2829
2019-11-23,1.2885
2019-11-24,1.2885
2019-11-25,1.2885
2019-11-26,1.285
2019-11-27,1.2881
2019-11-28,1.2939
2019-11-29,1.2939
2019-11-30,1.2936
2019-12-01,1.2936
2019-12-02,1.2936
2019-12-03,1.3002
2019-12-04,1.3095
2019-12-05,1.3165
2019-12-06,1.3127
2019-12-07,1.3157
2019-12-08,1.3157
2019-12-09,1.3157
2019-12-10,1.3178
2019-12-11,1.3176
2019-12-12,1.3133
2019-12-13,1.3349
2019-12-14,1.333
2019-12-15,1.333
2019-12-16,1.333
2019-12-17,1.3116
2019-12-18,1.3078
2019-12-19,1.3034
2019-12-20,1.3036
2019-12-21,1.2917
2019-12-22,1.2917
2019-12-23,1.2917
2019-12-24,1.2955
2019-12-25,1.3007
2019-12-26,1.3007
2019-12-27,1.309
2019-12-28,1.314
2019-12-29,1.314
2019-12-30,1.314
2019-12-31,1.3269
2020-01-01,1.3128
2020-01-02,1.3128
2020-01-03,1.3091
2020-01-04,1.3163
2020-01-05,1.3163
2020-01-06,1.3163
2020-01-07,1.3127
2020-01-08,1.311
2020-01-09,1.3069
2020-01-10,1.306
2020-01-11,1.2983
2020-01-12,1.2983
2020-01-13,1.2983
2020-01-14,1.3018
2020-01-15,1.303
2020-01-16,1.3076
2020-01-17,1.3029
2020-01-18,1.3047
2020-01-19,1.3047
2020-01-20,1.3047
2020-01-21,1.3047
2020-01-22,1.3136
2020-01-23,1.3104
2020-01-24,1.3071
2020-01-25,1.3054
2020-01-26,1.3054
2020-01-27,1.3054
2020-01-28,1.2996
2020-01-29,1.3012
2020-01-30,1.3106
2020-01-31,1.3195
2020-02-01,1.3006
2020-02-02,1.3006
2020-02-03,1.3006
2020-02-04,1.3029
2020-02-05,1.3
2020-02-06,1.2935
2020-02-07,1.2908
2020-02-08,1.2919
2020-02-09,1.2919
2020-02-10,1.2919
2020-02-11,1.2945
2020-02-12,1.2978
2020-02-13,1.3051
2020-02-14,1.3039
2020-02-15,1.3017
2020-02-16,1.3017
2020-02-17,1.3017
2020-02-18,1.3017
2020-02-19,1.2934
2020-02-20,1.2877
2020-02-21,1.2966
2020-02-22,1.2923
2020-02-23,1.2923
2020-02-24,1.2923
2020-02-25,1.3004
2020-02-26,1.2921
2020-02-27,1.2876
2020-02-28,1.2778
2020-02-29,1.2791
2020-03-01,1.2791
2020-03-02,1.2791
2020-03-03,1.2827
2020-03-04,1.2836
2020-03-05,1.2939
2020-03-06,1.301
2020-03-07,1.31
2020-03-08,1.31
2020-03-09,1.31
2020-03-10,1.2933
2020-03-11,1.2887
2020-03-12,1.2541
2020-03-13,1.2406
2020-03-14,1.2278
2020-03-15,1.2278
2020-03-16,1.2278
2020-03-17,1.2017
2020-03-18,1.176
2020-03-19,1.1662
2020-03-20,1.1743
2020-03-21,1.1492
2020-03-22,1.1492
2020-03-23,1.1492
2020-03-24,1.1784
2020-03-25,1.1763
2020-03-26,1.214
2020-03-27,1.236
2020-03-28,1.2392
2020-03-29,1.2392
2020-03-30,1.2392
2020-03-31,1.2454
2020-04-01,1.2394
2020-04-02,1.238
2020-04-03,1.2228
2020-04-04,1.2298
2020-04-05,1.2298
2020-04-06,1.2298
2020-04-07,1.2343
2020-04-08,1.2394
2020-04-09,1.2458
2020-04-10,1.2485
2020-04-11,1.2518
2020-04-12,1.2518
2020-04-13,1.2518
2020-04-14,1.2617
2020-04-15,1.2523
2020-04-16,1.2433
2020-04-17,1.2503
2020-04-18,1.2467
2020-04-19,1.2467
2020-04-20,1.2467
2020-04-21,1.2266
2020-04-22,1.2332
2020-04-23,1.2369
2020-04-24,1.2335
2020-04-25,1.2421
2020-04-26,1.2421
2020-04-27,1.2421
2020-04-28,1.2438
2020-04-29,1.2429
2020-04-30,1.2602
2020-05-01,1.2509
2020-05-02,1.243
2020-05-03,1.243
2020-05-04,1.243
2020-05-05,1.2449
2020-05-06,1.2347
2020-05-07,1.2349
2020-05-08,1.2436
2020-05-09,1.233
2020-05-10,1.233
2020-05-11,1.233
2020-05-12,1.2299
2020-05-13,1.2225
2020-05-14,1.2194
2020-05-15,1.2129
2020-05-16,1.2211
2020-05-17,1.2211
2020-05-18,1.2211
2020-05-19,1.2255
2020-05-20,1.2257
2020-05-21,1.2227
2020-05-22,1.2178
2020-05-23,1.2337
2020-05-24,1.2337
2020-05-25,1.2337
2020-05-26,1.2337
2020-05-27,1.2231
2020-05-28,1.2325
2020-05-29,1.232
2020-05-30,1.2472
2020-05-31,1.2472
2020-06-01,1.2472
2020-06-02,1.2531
2020-06-03,1.26
2020-06-04,1.2608
2020-06-05,1.2703
2020-06-06,1.2694
2020-06-07,1.2694
2020-06-08,1.2694
2020-06-09,1.2736
2020-06-10,1.2758
2020-06-11,1.2635
2020-06-12,1.2527
2020-06-13,1.2543
2020-06-14,1.2543
2020-06-15,1.2543
2020-06-16,1.2586
2020-06-17,1.2526
2020-06-18,1.243
2020-06-19,1.2362
2020-06-20,1.2447
2020-06-21,1.2447
2020-06-22,1.2447
2020-06-23,1.2531
2020-06-24,1.2432
2020-06-25,1.2406
2020-06-26,1.2337
2020-06-27,1.2279
2020-06-28,1.2279
2020-06-29,1.2279
2020-06-30,1.2369
2020-07-01,1.2474
2020-07-02,1.2469
2020-07-03,1.2482
2020-07-04,1.2482
2020-07-05,1.2482
2020-07-06,1.2482
2020-07-07,1.2572
2020-07-08,1.2593
2020-07-09,1.2614
2020-07-10,1.2654
2020-07-11,1.2614
2020-07-12,1.2614
2020-07-13,1.2614
2020-07-14,1.2546
2020-07-15,1.2586
2020-07-16,1.2621
2020-07-17,1.255
2020-07-18,1.2658
2020-07-19,1.2658
2020-07-20,1.2658
2020-07-21,1.2736
2020-07-22,1.2729
2020-07-23,1.2759
2020-07-24,1.2791
2020-07-25,1.2887
2020-07-26,1.2887
2020-07-27,1.2887
2020-07-28,1.295
2020-07-29,1.2974
2020-07-30,1.3035
2020-07-31,1.3133
2020-08-01,1.3053
2020-08-02,1.3053
2020-08-03,1.3053
2020-08-04,1.3059
2020-08-05,1.3141
2020-08-06,1.3147
2020-08-07,1.3043
2020-08-08,1.3082
2020-08-09,1.3082
2020-08-10,1.3082
2020-08-11,1.3077
2020-08-12,1.3047
2020-08-13,1.3082
2020-08-14,1.3108
2020-08-15,1.3105
2020-08-16,1.3105
2020-08-17,1.3105
2020-08-18,1.3228
2020-08-19,1.3191
2020-08-20,1.319
2020-08-21,1.3098
2020-08-22,1.3078
2020-08-23,1.3078
2020-08-24,1.3078
2020-08-25,1.3136
2020-08-26,1.3186
2020-08-27,1.3229
2020-08-28,1.3341
2020-08-29,1.3375
2020-08-30,1.3375
2020-08-31,1.3375
2020-09-01,1.3416
2020-09-02,1.3315
2020-09-03,1.3263
2020-09-04,1.323
2020-09-05,1.3039
2020-09-06,1.3039
2020-09-07,1.3039
2020-09-08,1.3039
2020-09-09,1.3011
2020-09-10,1.2846
2020-09-11,1.2788
2020-09-12,1.2876
2020-09-13,1.2876
2020-09-14,1.2876
2020-09-15,1.2866
2020-09-16,1.298
2020-09-17,1.2955
2020-09-18,1.295
2020-09-19,1.2794
2020-09-20,1.2794
2020-09-21,1.2794
2020-09-22,1.2726
2020-09-23,1.275
2020-09-24,1.2739
2020-09-25,1.2706
2020-09-26,1.2865
2020-09-27,1.2865
2020-09-28,1.2865
2020-09-29,1.2847
2020-09-30,1.2921
2020-10-01,1.2901
2020-10-02,1.2928
2020-10-03,1.2972
2020-10-04,1.2972
2020-10-05,1.2972
2020-10-06,1.2945
2020-10-07,1.2914
2020-10-08,1.2944
2020-10-09,1.3003
2020-10-10,1.2968
2020-10-11,1.2968
2020-10-12,1.2968
2020-10-13,1.2968
2020-10-14,1.3023
2020-10-15,1.2917
2020-10-16,1.2931
2020-10-17,1.2998
2020-10-18,1.2998
2020-10-19,1.2998
2020-10-20,1.2951
2020-10-21,1.3143
2020-10-22,1.309
2020-10-23,1.3039
2020-10-24,1.3021
2020-10-25,1.3021
2020-10-26,1.3021
2020-10-27,1.3067
2020-10-28,1.2997
2020-10-29,1.289
2020-10-30,1.2933
2020-10-31,1.2904
2020-11-01,1.2904
2020-11-02,1.2904
2020-11-03,1.305
2020-11-04,1.3021
2020-11-05,1.3116
2020-11-06,1.3162
2020-11-07,1.3137
2020-11-08,1.3137
2020-11-09,1.3137
2020-11-10,1.3234
2020-11-11,1.3142
2020-11-12,1.3142
2020-11-13,1.3176
2020-11-14,1.3197
2020-11-15,1.3197
2020-11-16,1.3197
2020-11-17,1.3247
2020-11-18,1.3299
2020-11-19,1.3225
2020-11-20,1.3294
2020-11-21,1.33
2020-11-22,1.33
2020-11-23,1.33
2020-11-24,1.335
2020-11-25,1.3378
2020-11-26,1.3338
2020-11-27,1.3338
2020-11-28,1.3338
2020-11-29,1.3338
2020-11-30,1.3338
2020-12-01,1.3392
2020-12-02,1.3348
2020-12-03,1.3496
2020-12-04,1.3485
2020-12-05,1.3353
2020-12-06,1.3353
2020-12-07,1.3353
2020-12-08,1.3358
2020-12-09,1.3392
2020-12-10,1.3293
2020-12-11,1.3197
2020-12-12,1.3324
2020-12-13,1.3324
2020-12-14,1.3324
2020-12-15,1.3434
2020-12-16,1.3503
2020-12-17,1.3609
2020-12-18,1.3497
2020-12-19,1.3354
2020-12-20,1.3354
2020-12-21,1.3354
2020-12-22,1.3349
2020-12-23,1.351
2020-12-24,1.3447
2020-12-25,1.3447
2020-12-26,1.3447
2020-12-27,1.3447
2020-12-28,1.3447
2020-12-29,1.3512
2020-12-30,1.3605
2020-12-31,1.3662
2021-01-01,1.3551
2021-01-02,1.3551
2021-01-03,1.3551
2021-01-04,1.3551
2021-01-05,1.362
2021-01-06,1.3593
2021-01-07,1.3551
2021-01-08,1.3583
2021-01-09,1.3522
2021-01-10,1.3522
2021-01-11,1.3522
2021-01-12,1.3637
2021-01-13,1.3631
2021-01-14,1.369
2021-01-15,1.3599
2021-01-16,1.3627
2021-01-17,1.3627
2021-01-18,1.3627
2021-01-19,1.3627
2021-01-20,1.3721
2021-01-21,1.3721
2021-01-22,1.3685
2021-01-23,1.3668
2021-01-24,1.3668
2021-01-25,1.3668
2021-01-26,1.3729
2021-01-27,1.3688
2021-01-28,1.3727
2021-01-29,1.3723
2021-01-30,1.3672
2021-01-31,1.3672
2021-02-01,1.3672
2021-02-02,1.3644
2021-02-03,1.3652
2021-02-04,1.3665
2021-02-05,1.3714
2021-02-06,1.3738
2021-02-07,1.3738
2021-02-08,1.3738
2021-02-09,1.3796
2021-02-10,1.385
2021-02-11,1.3822
2021-02-12,1.3855
2021-02-13,1.391
2021-02-14,1.391
2021-02-15,1.391
2021-02-16,1.391
2021-02-17,1.3848
2021-02-18,1.3956
2021-02-19,1.4025
2021-02-20,1.4077
2021-02-21,1.4077
2021-02-22,1.4077
2021-02-23,1.4092
2021-02-24,1.4106
2021-02-25,1.4105
2021-02-26,1.3947
2021-02-27,1.3938
2021-02-28,1.3938
2021-03-01,1.3938
2021-03-02,1.3962
2021-03-03,1.3978
2021-03-04,1.3999
2021-03-05,1.3817
2021-03-06,1.381
2021-03-07,1.381
2021-03-08,1.381
2021-03-09,1.3884
2021-03-10,1.3899
2021-03-11,1.398
2021-03-12,1.3925
2021-03-13,1.3866
2021-03-14,1.3866
2021-03-15,1.3866
2021-03-16,1.3892
2021-03-17,1.3888
2021-03-18,1.3938
2021-03-19,1.3872
2021-03-20,1.3856
2021-03-21,1.3856
2021-03-22,1.3856
2021-03-23,1.3795
2021-03-24,1.3723
2021-03-25,1.3722
2021-03-26,1.3794
2021-03-27,1.3793
2021-03-28,1.3793
2021-03-29,1.3793
2021-03-30,1.3729
2021-03-31,1.3795
2021-04-01,1.3825
2021-04-02,1.3825
2021-04-03,1.3907
2021-04-04,1.3907
2021-04-05,1.3907
2021-04-06,1.3849
2021-04-07,1.3757
2021-04-08,1.3739
2021-04-09,1.3734
2021-04-10,1.3741
2021-04-11,1.3741
2021-04-12,1.3741
2021-04-13,1.3742
2021-04-14,1.379
2021-04-15,1.3781
2021-04-16,1.3826
2021-04-17,1.3977
2021-04-18,1.3977
2021-04-19,1.3977
2021-04-20,1.3955
2021-04-21,1.3936
2021-04-22,1.3851
2021-04-23,1.3845
2021-04-24,1.389
2021-04-25,1.389
2021-04-26,1.389
2021-04-27,1.3908
2021-04-28,1.3917
2021-04-29,1.3956
2021-04-30,1.3838
2021-05-01,1.3913
2021-05-02,1.3913
2021-05-03,1.3913
2021-05-04,1.3873
2021-05-05,1.3913
2021-05-06,1.388
2021-05-07,1.4
2021-05-08,1.4153
2021-05-09,1.4153
2021-05-10,1.4153
2021-05-11,1.4149
2021-05-12,1.4081
2021-05-13,1.4033
2021-05-14,1.4096
2021-05-15,1.4127
2021-05-16,1.4127
2021-05-17,1.4127
2021-05-18,1.4184
2021-05-19,1.4169
2021-05-20,1.4182
2021-05-21,1.4158
2021-05-22,1.4147
2021-05-23,1.4147
2021-05-24,1.4147
2021-05-25,1.4123
2021-05-26,1.4129
2021-05-27,1.4172
2021-05-28,1.4188
2021-05-29,1.4168
2021-05-30,1.4168
2021-05-31,1.4168
2021-06-01,1.4168
2021-06-02,1.4177
2021-06-03,1.4099
2021-06-04,1.4175
2021-06-05,1.4179
2021-06-06,1.4179
2021-06-07,1.4179
2021-06-08,1.4146
2021-06-09,1.4124
2021-06-10,1.4165
2021-06-11,1.4114
2021-06-12,1.4116
2021-06-13,1.4116
2021-06-14,1.4116
2021-06-15,1.4073
2021-06-16,1.411
2021-06-17,1.3916
2021-06-18,1.3817
2021-06-19,1.3915
2021-06-20,1.3915
2021-06-21,1.3915
2021-06-22,1.3921
2021-06-23,1.3977
2021-06-24,1.3907
2021-06-25,1.3899
2021-06-26,1.3895
2021-06-27,1.3895
2021-06-28,1.3895
2021-06-29,1.3845
2021-06-30,1.3806
2021-07-01,1.378
2021-07-02,1.3795
2021-07-03,1.3792
2021-07-04,1.3792
2021-07-05,1.3792
2021-07-06,1.3792
2021-07-07,1.3792
2021-07-08,1.3767
2021-07-09,1.3842
2021-07-10,1.3886
2021-07-11,1.3886
2021-07-12,1.3886
2021-07-13,1.3847
2021-07-14,1.3854
2021-07-15,1.3849
2021-07-16,1.3785
2021-07-17,1.369
2021-07-18,1.369
2021-07-19,1.369
2021-07-20,1.3615
2021-07-21,1.3695
2021-07-22,1.375
2021-07-23,1.3749
2021-07-24,1.3829
2021-07-25,1.3829
2021-07-26,1.3829
2021-07-27,1.3884
2021-07-28,1.3884
2021-07-29,1.3966
2021-07-30,1.3913
2021-07-31,1.3886
2021-08-01,1.3886
2021-08-02,1.3886
2021-08-03,1.3905
2021-08-04,1.3912
2021-08-05,1.3929
2021-08-06,1.3873
2021-08-07,1.3852
2021-08-08,1.3852
2021-08-09,1.3852
2021-08-10,1.384
2021-08-11,1.3866
2021-08-12,1.3833
2021-08-13,1.3857
2021-08-14,1.3849
2021-08-15,1.3849
2021-08-16,1.3849
2021-08-17,1.3739
2021-08-18,1.3749
2021-08-19,1.3673
2021-08-20,1.3625
2021-08-21,1.3717
2021-08-22,1.3717
2021-08-23,1.3717
2021-08-24,1.3716
2021-08-25,1.3723
2021-08-26,1.3712
2021-08-27,1.3769
2021-08-28,1.3758
2021-08-29,1.3758
2021-08-30,1.3758
2021-08-31,1.3747
2021-09-01,1.379
2021-09-02,1.3825
2021-09-03,1.3862
2021-09-04,1.3792
2021-09-05,1.3792
2021-09-06,1.3792
2021-09-07,1.3792
2021-09-08,1.3761
2021-09-09,1.3855
2021-09-10,1.3847
2021-09-11,1.3844
2021-09-12,1.3844
2021-09-13,1.3844
2021-09-14,1.3848
2021-09-15,1.3837
2021-09-16,1.3785
2021-09-17,1.3755
2021-09-18,1.3656
2021-09-19,1.3656
2021-09-20,1.3656
2021-09-21,1.3663
2021-09-22,1.3669
2021-09-23,1.3745
2021-09-24,1.3681
2021-09-25,1.3712
2021-09-26,1.3712
2021-09-27,1.3712
2021-09-28,1.3537
2021-09-29,1.3439
2021-09-30,1.347
2021-10-01,1.3572
2021-10-02,1.3602
2021-10-03,1.3602
2021-10-04,1.3602
2021-10-05,1.364
2021-10-06,1.3569
2021-10-07,1.3634
2021-10-08,1.363
2021-10-09,1.3605
2021-10-10,1.3605
2021-10-11,1.3605
2021-10-12,1.3605
2021-10-13,1.3645
2021-10-14,1.3684
2021-10-15,1.3756
2021-10-16,1.3726
2021-10-17,1.3726
2021-10-18,1.3726
2021-10-19,1.3807
2021-10-20,1.3821
2021-10-21,1.3812
2021-10-22,1.3741
2021-10-23,1.3773
2021-10-24,1.3773
2021-10-25,1.3773
2021-10-26,1.3772
2021-10-27,1.3739
2021-10-28,1.3804
2021-10-29,1.3686
2021-10-30,1.3679
2021-10-31,1.3679
2021-11-01,1.3679
2021-11-02,1.3612
2021-11-03,1.3659
2021-11-04,1.3494
2021-11-05,1.3491
2021-11-06,1.3563
2021-11-07,1.3563
2021-11-08,1.3563
2021-11-09,1.3551
2021-11-10,1.347
2021-11-11,1.3412
2021-11-12,1.3412
2021-11-13,1.3444
2021-11-14,1.3444
2021-11-15,1.3444
2021-11-16,1.3429
2021-11-17,1.3488
2021-11-18,1.3489
2021-11-19,1.3474
2021-11-20,1.3412
2021-11-21,1.3412
2021-11-22,1.3412
2021-11-23,1.3388
2021-11-24,1.3332
2021-11-25,1.3322
2021-11-26,1.3322
2021-11-27,1.3291
2021-11-28,1.3291
2021-11-29,1.3291
2021-11-30,1.3252
2021-12-01,1.3308
2021-12-02,1.3305
2021-12-03,1.3234
2021-12-04,1.3252
2021-12-05,1.3252
2021-12-06,1.3252
2021-12-07,1.3236
2021-12-08,1.3236
2021-12-09,1.3188
2021-12-10,1.3262
2021-12-11,1.3233
2021-12-12,1.3233
2021-12-13,1.3233
2021-12-14,1.3225
2021-12-15,1.3214
2021-12-16,1.3325
2021-12-17,1.3269
2021-12-18,1.3222
2021-12-19,1.3222
2021-12-20,1.3222
2021-12-21,1.3253
2021-12-22,1.3345
2021-12-23,1.341
2021-12-24,1.3438
2021-12-25,1.3438
2021-12-26,1.3438
2021-12-27,1.3438
2021-12-28,1.3432
2021-12-29,1.3475
2021-12-30,1.35
2021-12-31,1.3469
2022-01-01,1.3469
2022-01-02,1.3469
2022-01-03,1.3469
2022-01-04,1.3544
2022-01-05,1.3573
2022-01-06,1.3539
2022-01-07,1.3583
2022-01-08,1.3567
2022-01-09,1.3567
2022-01-10,1.3567
2022-01-11,1.3622
2022-01-12,1.3698
2022-01-13,1.3724
2022-01-14,1.367
2022-01-15,1.3588
2022-01-16,1.3588
2022-01-17,1.3588
2022-01-18,1.3588
2022-01-19,1.3625
2022-01-20,1.3642
2022-01-21,1.3562
2022-01-22,1.3447
2022-01-23,1.3447
2022-01-24,1.3447
2022-01-25,1.3495
2022-01-26,1.3516
2022-01-27,1.3385
2022-01-28,1.3417
2022-01-29,1.3439
2022-01-30,1.3439
2022-01-31,1.3439
2022-02-01,1.3505
2022-02-02,1.3565
2022-02-03,1.3602
2022-02-04,1.3543
2022-02-05,1.3533
2022-02-06,1.3533
2022-02-07,1.3533
2022-02-08,1.3552
2022-02-09,1.354
2022-02-10,1.3636
2022-02-11,1.3601
2022-02-12,1.3516
2022-02-13,1.3516
2022-02-14,1.3516
2022-02-15,1.3539
2022-02-16,1.3585
2022-02-17,1.3624
2022-02-18,1.3585
2022-02-19,1.3597
2022-02-20,1.3597
2022-02-21,1.3597
2022-02-22,1.3597
2022-02-23,1.3555
2022-02-24,1.336
2022-02-25,1.3407
2022-02-26,1.3419
2022-02-27,1.3419
2022-02-28,1.3419
2022-03-01,1.3318
2022-03-02,1.3365
2022-03-03,1.3326
2022-03-04,1.3214
2022-03-05,1.3115
2022-03-06,1.3115
2022-03-07,1.3115
2022-03-08,1.3101
2022-03-09,1.316
2022-03-10,1.3108
2022-03-11,1.3063
2022-03-12,1.3044
2022-03-13,1.3044
2022-03-14,1.3044
2022-03-15,1.3065
2022-03-16,1.3096
2022-03-17,1.3159
2022-03-18,1.3169
2022-03-19,1.3201
2022-03-20,1.3201
2022-03-21,1.3201
2022-03-22,1.3258
2022-03-23,1.3212
2022-03-24,1.3183
2022-03-25,1.3193
2022-03-26,1.3091
2022-03-27,1.3091
2022-03-28,1.3091
2022-03-29,1.3125
2022-03-30,1.3149
2022-03-31,1.3152
2022-04-01,1.3114
2022-04-02,1.3116
2022-04-03,1.3116
2022-04-04,1.3116
2022-04-05,1.3101
2022-04-06,1.3082
2022-04-07,1.306
2022-04-08,1.3032
2022-04-09,1.3033
2022-04-10,1.3033
2022-04-11,1.3033
2022-04-12,1.3031
2022-04-13,1.3072
2022-04-14,1.3052
2022-04-15,1.3066
2022-04-16,1.3019
2022-04-17,1.3019
2022-04-18,1.3019
2022-04-19,1.3009
2022-04-20,1.3055
2022-04-21,1.3042
2022-04-22,1.2848
2022-04-23,1.2698
2022-04-24,1.2698
2022-04-25,1.2698
2022-04-26,1.2617
2022-04-27,1.2547
2022-04-28,1.2443
2022-04-29,1.2565
2022-04-30,1.2523
2022-05-01,1.2523
2022-05-02,1.2523
2022-05-03,1.251
2022-05-04,1.2487
2022-05-05,1.2334
2022-05-06,1.2344
2022-05-07,1.2335
2022-05-08,1.2335
2022-05-09,1.2335
2022-05-10,1.2313
2022-05-11,1.2317
2022-05-12,1.2198
2022-05-13,1.2242
2022-05-14,1.227
2022-05-15,1.227
2022-05-16,1.227
2022-05-17,1.2468
2022-05-18,1.2396
2022-05-19,1.2504
2022-05-20,1.2492
2022-05-21,1.2571
2022-05-22,1.2571
2022-05-23,1.2571
2022-05-24,1.2544
2022-05-25,1.2539
2022-05-26,1.2582
2022-05-27,1.2613
2022-05-28,1.2624
2022-05-29,1.2624
2022-05-30,1.2624
2022-05-31,1.2624
2022-06-01,1.2472
2022-06-02,1.2557
2022-06-03,1.2496
2022-06-04,1.2544
2022-06-05,1.2544
2022-06-06,1.2544
2022-06-07,1.2594
2022-06-08,1.2557
2022-06-09,1.2511
2022-06-10,1.233
2022-06-11,1.217
2022-06-12,1.217
2022-06-13,1.217
2022-06-14,1.2011
2022-06-15,1.2057
2022-06-16,1.2341
2022-06-17,1.2201
2022-06-18,1.2277
2022-06-19,1.2277
2022-06-20,1.2277
2022-06-21,1.2277
2022-06-22,1.228
2022-06-23,1.224
2022-06-24,1.2273
2022-06-25,1.2305
2022-06-26,1.2305
2022-06-27,1.2305
2022-06-28,1.22
2022-06-29,1.2151
2022-06-30,1.2162
2022-07-01,1.2048
2022-07-02,1.1932
2022-07-03,1.1932
2022-07-04,1.1932
2022-07-05,1.1932
2022-07-06,1.1907
2022-07-07,1.1994
2022-07-08,1.2036
2022-07-09,1.1907
2022-07-10,1.1907
2022-07-11,1.1907
2022-07-12,1.1905
2022-07-13,1.1919
2022-07-14,1.1827
2022-07-15,1.1857
2022-07-16,1.1989
2022-07-17,1.1989
2022-07-18,1.1989
2022-07-19,1.2022
2022-07-20,1.1989
2022-07-21,1.1968
2022-07-22,1.2019
2022-07-23,1.2042
2022-07-24,1.2042
2022-07-25,1.2042
2022-07-26,1.2036
2022-07-27,1.2027
2022-07-28,1.2126
2022-07-29,1.2183
2022-07-30,1.2278
2022-07-31,1.2278
2022-08-01,1.2278
2022-08-02,1.2218
2022-08-03,1.2132
2022-08-04,1.2141
2022-08-05,1.2061
2022-08-06,1.2098
2022-08-07,1.2098
2022-08-08,1.2098
2022-08-09,1.2089
2022-08-10,1.2245
2022-08-11,1.223
2022-08-12,1.2132
2022-08-13,1.209
2022-08-14,1.209
2022-08-15,1.209
2022-08-16,1.209
2022-08-17,1.203
2022-08-18,1.197
2022-08-19,1.181
2022-08-20,1.1752
2022-08-21,1.1752
2022-08-22,1.1752
2022-08-23,1.1844
2022-08-24,1.1802
2022-08-25,1.1803
2022-08-26,1.1778
2022-08-27,1.1718
2022-08-28,1.1718
2022-08-29,1.1718
2022-08-30,1.1651
2022-08-31,1.1647
2022-09-01,1.1541
2022-09-02,1.1582
2022-09-03,1.1549
2022-09-04,1.1549
2022-09-05,1.1549
2022-09-06,1.1549
2022-09-07,1.1473
2022-09-08,1.1489
2022-09-09,1.16
2022-09-10,1.1701
2022-09-11,1.1701
2022-09-12,1.1701
2022-09-13,1.1526
2022-09-14,1.1564
2022-09-15,1.1472
2022-09-16,1.1419
2022-09-17,1.1403
2022-09-18,1.1403
2022-09-19,1.1403
2022-09-20,1.1405
2022-09-21,1.133
2022-09-22,1.1269
2022-09-23,1.0921
2022-09-24,1.0703
2022-09-25,1.0703
2022-09-26,1.0703
2022-09-27,1.0753
2022-09-28,1.0832
2022-09-29,1.1048
2022-09-30,1.1134
2022-10-01,1.1272
2022-10-02,1.1272
2022-10-03,1.1272
2022-10-04,1.1446
2022-10-05,1.1275
2022-10-06,1.1133
2022-10-07,1.1116
2022-10-08,1.1168
2022-10-09,1.1168
2022-10-10,1.1168
2022-10-11,1.1168
2022-10-12,1.1096
2022-10-13,1.1344
2022-10-14,1.1208
2022-10-15,1.1427
2022-10-16,1.1427
2022-10-17,1.1427
2022-10-18,1.1307
2022-10-19,1.1232
2022-10-20,1.1288
2022-10-21,1.1292
2022-10-22,1.1295
2022-10-23,1.1295
2022-10-24,1.1295
2022-10-25,1.1469
2022-10-26,1.1615
2022-10-27,1.1574
2022-10-28,1.1573
2022-10-29,1.1515
2022-10-30,1.1515
2022-10-31,1.1515
2022-11-01,1.146
2022-11-02,1.1467
2022-11-03,1.1183
2022-11-04,1.1279
2022-11-05,1.1463
2022-11-06,1.1463
2022-11-07,1.1463
2022-11-08,1.1595
2022-11-09,1.1396
2022-11-10,1.1677
2022-11-11,1.1728
2022-11-12,1.1728
2022-11-13,1.1728
2022-11-14,1.1728
2022-11-15,1.189
2022-11-16,1.1889
2022-11-17,1.1812
2022-11-18,1.1902
2022-11-19,1.1785
2022-11-20,1.1785
2022-11-21,1.1785
2022-11-22,1.188
2022-11-23,1.204
2022-11-24,1.2102
2022-11-25,1.2102
2022-11-26,1.2041
2022-11-27,1.2041
2022-11-28,1.2041
2022-11-29,1.1996
2022-11-30,1.1962
2022-12-01,1.2252
2022-12-02,1.2292
2022-12-03,1.2169
2022-12-04,1.2169
2022-12-05,1.2169
2022-12-06,1.2202
2022-12-07,1.2194
2022-12-08,1.2235
2022-12-09,1.2311
2022-12-10,1.2285
2022-12-11,1.2285
2022-12-12,1.2285
2022-12-13,1.2375
2022-12-14,1.2408
2022-12-15,1.2206
2022-12-16,1.2168
2022-12-17,1.218
2022-12-18,1.218
2022-12-19,1.218
2022-12-20,1.2146
2022-12-21,1.2072
2022-12-22,1.2032
2022-12-23,1.2054
2022-12-24,1.2032
2022-12-25,1.2032
2022-12-26,1.2032
2022-12-27,1.2032
2022-12-28,1.2034
2022-12-29,1.206
2022-12-30,1.2077
2022-12-31,1.197
2023-01-01,1.197
2023-01-02,1.197
2023-01-03,1.197
2023-01-04,1.2063
2023-01-05,1.1902
2023-01-06,1.2064
2023-01-07,1.2206
2023-01-08,1.2206
2023-01-09,1.2206
2023-01-10,1.2155
2023-01-11,1.2125
2023-01-12,1.2182
2023-01-13,1.2194
2023-01-14,1.2264
2023-01-15,1.2264
2023-01-16,1.2264
2023-01-17,1.2264
2023-01-18,1.2369
2023-01-19,1.2366
2023-01-20,1.2374
2023-01-21,1.237
2023-01-22,1.237
2023-01-23,1.237
2023-01-24,1.2323
2023-01-25,1.2374
2023-01-26,1.237
2023-01-27,1.2379
2023-01-28,1.2373
2023-01-29,1.2373
2023-01-30,1.2373
2023-01-31,1.2324
2023-02-01,1.2308
2023-02-02,1.226
2023-02-03,1.2073
2023-02-04,1.2009
2023-02-05,1.2009
2023-02-06,1.2009
2023-02-07,1.2013
2023-02-08,1.2093
2023-02-09,1.2157
2023-02-10,1.2061
2023-02-11,1.2136
2023-02-12,1.2136
2023-02-13,1.2136
2023-02-14,1.2157
2023-02-15,1.2031
2023-02-16,1.2018
2023-02-17,1.2012
2023-02-18,1.2111
2023-02-19,1.2111
2023-02-20,1.2111
2023-02-21,1.2111
2023-02-22,1.2064
2023-02-23,1.2016
2023-02-24,1.1948
2023-02-25,1.2036
2023-02-26,1.2036
2023-02-27,1.2036
2023-02-28,1.2093
2023-03-01,1.2034
2023-03-02,1.1942
2023-03-03,1.1996
2023-03-04,1.2048
2023-03-05,1.2048
2023-03-06,1.2048
2023-03-07,1.1857
2023-03-08,1.1837
2023-03-09,1.1922
2023-03-10,1.2043
2023-03-11,1.216
2023-03-12,1.216
2023-03-13,1.216
2023-03-14,1.2146
2023-03-15,1.2032
2023-03-16,1.2111
2023-03-17,1.2141
2023-03-18,1.2257
2023-03-19,1.2257
2023-03-20,1.2257
2023-03-21,1.2195
2023-03-22,1.2232
2023-03-23,1.2322
2023-03-24,1.2225
2023-03-25,1.2278
2023-03-26,1.2278
2023-03-27,1.2278
2023-03-28,1.2341
2023-03-29,1.2313
2023-03-30,1.2368
2023-03-31,1.2369
2023-04-01,1.2403
2023-04-02,1.2403
2023-04-03,1.2403
2023-04-04,1.2498
2023-04-05,1.2469
2023-04-06,1.2456
2023-04-07,1.2422
2023-04-08,1.2358
2023-04-09,1.2358
2023-04-10,1.2358
2023-04-11,1.2409
2023-04-12,1.2471
2023-04-13,1.2531
2023-04-14,1.2417
2023-04-15,1.2359
2023-04-16,1.2359
2023-04-17,1.2359
2023-04-18,1.2419
2023-04-19,1.2442
2023-04-20,1.2448
2023-04-21,1.2419
2023-04-22,1.2457
2023-04-23,1.2457
2023-04-24,1.2457
2023-04-25,1.2398
2023-04-26,1.2486
2023-04-27,1.2471
2023-04-28,1.2582
2023-04-29,1.2495
2023-04-30,1.2495
2023-05-01,1.2495
2023-05-02,1.2475
2023-05-03,1.2547
2023-05-04,1.258
2023-05-05,1.265
2023-05-06,1.2633
2023-05-07,1.2633
2023-05-08,1.2633
2023-05-09,1.2618
2023-05-10,1.2614
2023-05-11,1.2501
2023-05-12,1.2464
2023-05-13,1.2526
2023-05-14,1.2526
2023-05-15,1.2526
2023-05-16,1.2494
2023-05-17,1.2475
2023-05-18,1.2424
2023-05-19,1.2464
2023-05-20,1.2425
2023-05-21,1.2425
2023-05-22,1.2425
2023-05-23,1.2423
2023-05-24,1.2368
2023-05-25,1.2325
2023-05-26,1.2342
2023-05-27,1.2403
2023-05-28,1.2403
2023-05-29,1.2403
2023-05-30,1.2403
2023-05-31,1.2396
2023-06-01,1.2536
2023-06-02,1.2468
2023-06-03,1.244
2023-06-04,1.244
2023-06-05,1.244
2023-06-06,1.2418
2023-06-07,1.2451
2023-06-08,1.2547
2023-06-09,1.2579
2023-06-10,1.2489
2023-06-11,1.2489
2023-06-12,1.2489
2023-06-13,1.2611
2023-06-14,1.2696
2023-06-15,1.2762
2023-06-16,1.2815
2023-06-17,1.2732
2023-06-18,1.2732
2023-06-19,1.2732
2023-06-20,1.2732
2023-06-21,1.2737
2023-06-22,1.275
2023-06-23,1.2701
2023-06-24,1.2724
2023-06-25,1.2724
2023-06-26,1.2724
2023-06-27,1.2752
2023-06-28,1.2637
2023-06-29,1.2617
2023-06-30,1.2709
2023-07-01,1.2695
2023-07-02,1.2695
2023-07-03,1.2695
2023-07-04,1.271
2023-07-05,1.271
2023-07-06,1.2721
2023-07-07,1.2838
2023-07-08,1.2837
2023-07-09,1.2837
2023-07-10,1.2837
2023-07-11,1.2901
2023-07-12,1.2993
2023-07-13,1.3097
2023-07-14,1.3113
2023-07-15,1.3078
2023-07-16,1.3078
2023-07-17,1.3078
2023-07-18,1.3054
2023-07-19,1.2898
2023-07-20,1.2849
2023-07-21,1.2854
2023-07-22,1.2828
2023-07-23,1.2828
2023-07-24,1.2828
2023-07-25,1.2876
2023-07-26,1.293
2023-07-27,1.287
2023-07-28,1.287
2023-07-29,1.2857
2023-07-30,1.2857
2023-07-31,1.2857
2023-08-01,1.275
2023-08-02,1.2712
2023-08-03,1.2709
2023-08-04,1.2775
2023-08-05,1.2769
2023-08-06,1.2769
2023-08-07,1.2769
2023-08-08,1.2729
2023-08-09,1.2715
2023-08-10,1.2726
2023-08-11,1.2694
2023-08-12,1.2691
2023-08-13,1.2691
2023-08-14,1.2691
2023-08-15,1.2745
2023-08-16,1.2749
2023-08-17,1.2753
2023-08-18,1.2738
2023-08-19,1.2737
2023-08-20,1.2737
2023-08-21,1.2737
2023-08-22,1.2733
2023-08-23,1.2715
2023-08-24,1.2634
2023-08-25,1.257
2023-08-26,1.2592
2023-08-27,1.2592
2023-08-28,1.2592
2023-08-29,1.2614
2023-08-30,1.2726
2023-08-31,1.2667
2023-09-01,1.2594
2023-09-02,1.2583
2023-09-03,1.2583
2023-09-04,1.2583
2023-09-05,1.2583
2023-09-06,1.2498
2023-09-07,1.2485
2023-09-08,1.2476
2023-09-09,1.2529
2023-09-10,1.2529
2023-09-11,1.2529
2023-09-12,1.2477
2023-09-13,1.2488
2023-09-14,1.241
2023-09-15,1.2392
2023-09-16,1.2403
2023-09-17,1.2403
2023-09-18,1.2403
2023-09-19,1.2393
2023-09-20,1.2389
2023-09-21,1.2299
2023-09-22,1.2257
2023-09-23,1.2218
2023-09-24,1.2218
2023-09-25,1.2218
2023-09-26,1.2168
2023-09-27,1.2133
2023-09-28,1.2223
2023-09-29,1.2214
2023-09-30,1.213
2023-10-01,1.213
2023-10-02,1.213
2023-10-03,1.2069
2023-10-04,1.2157
2023-10-05,1.2171
2023-10-06,1.2255
2023-10-07,1.2288
2023-10-08,1.2288
2023-10-09,1.2288
2023-10-10,1.2288
2023-10-11,1.2304
2023-10-12,1.2214
2023-10-13,1.2139
2023-10-14,1.2198
2023-10-15,1.2198
2023-10-16,1.2198
2023-10-17,1.2206
2023-10-18,1.215
2023-10-19,1.2145
2023-10-20,1.2153
2023-10-21,1.2235
2023-10-22,1.2235
2023-10-23,1.2235
2023-10-24,1.217
2023-10-25,1.214
2023-10-26,1.2113
2023-10-27,1.2151
2023-10-28,1.2157
2023-10-29,1.2157
2023-10-30,1.2157
2023-10-31,1.2135
2023-11-01,1.2127
2023-11-02,1.2175
2023-11-03,1.2374
2023-11-04,1.2391
2023-11-05,1.2391
2023-11-06,1.2391
2023-11-07,1.2296
2023-11-08,1.2301
2023-11-09,1.2279
2023-11-10,1.2268
2023-11-11,1.2268
2023-11-12,1.2268
2023-11-13,1.2268
2023-11-14,1.2483
2023-11-15,1.2431
2023-11-16,1.2423
2023-11-17,1.243
2023-11-18,1.2505
2023-11-19,1.2505
2023-11-20,1.2505
2023-11-21,1.254
2023-11-22,1.2468
2023-11-23,1.2601
2023-11-24,1.2601
2023-11-25,1.2613
2023-11-26,1.2613
2023-11-27,1.2613
2023-11-28,1.2713
2023-11-29,1.269
2023-11-30,1.264
2023-12-01,1.2682
2023-12-02,1.2633
2023-12-03,1.2633
2023-12-04,1.2633
2023-12-05,1.259
2023-12-06,1.2589
2023-12-07,1.2582
2023-12-08,1.2539
2023-12-09,1.255
2023-12-10,1.255
2023-12-11,1.255
2023-12-12,1.2549
2023-12-13,1.2527
2023-12-14,1.2767
2023-12-15,1.2709
2023-12-16,1.2632
2023-12-17,1.2632
2023-12-18,1.2632
2023-12-19,1.2751
2023-12-20,1.266
2023-12-21,1.2668
2023-12-22,1.272
2023-12-23,1.2709
2023-12-24,1.2709
2023-12-25,1.2709
2023-12-26,1.2709
2023-12-27,1.2797
2023-12-28,1.2743
2023-12-29,1.2743
2023-12-30,1.2632
2023-12-31,1.2632
2024-01-01,1.2632
2024-01-02,1.2632
2024-01-03,1.2641
2024-01-04,1.2692
2024-01-05,1.274
2024-01-06,1.2766
2024-01-07,1.2766
2024-01-08,1.2766
2024-01-09,1.272
2024-01-10,1.273
2024-01-11,1.2712
2024-01-12,1.2746
2024-01-13,1.2657
2024-01-14,1.2657
2024-01-15,1.2657
2024-01-16,1.2657
2024-01-17,1.2666
2024-01-18,1.2687
2024-01-19,1.2677
2024-01-20,1.2728
2024-01-21,1.2728
2024-01-22,1.2728
2024-01-23,1.2661
2024-01-24,1.2754
2024-01-25,1.27
2024-01-26,1.272
2024-01-27,1.2681
2024-01-28,1.2681
2024-01-29,1.2681
2024-01-30,1.2683
2024-01-31,1.2733
2024-02-01,1.2727
2024-02-02,1.2627
2024-02-03,1.2532
2024-02-04,1.2532
2024-02-05,1.2532
2024-02-06,1.2589
2024-02-07,1.2629
2024-02-08,1.262
2024-02-09,1.2628
2024-02-10,1.2631
2024-02-11,1.2631
2024-02-12,1.2631
2024-02-13,1.2606
2024-02-14,1.2562
2024-02-15,1.258
2024-02-16,1.259
2024-02-17,1.2645
2024-02-18,1.2645
2024-02-19,1.2645
2024-02-20,1.2645
2024-02-21,1.2624
2024-02-22,1.2649
2024-02-23,1.2678
2024-02-24,1.2681
2024-02-25,1.2681
2024-02-26,1.2681
2024-02-27,1.2693
2024-02-28,1.267
2024-02-29,1.2632
2024-03-01,1.2652
2024-03-02,1.2701
2024-03-03,1.2701
2024-03-04,1.2701
2024-03-05,1.2712
2024-03-06,1.2757
2024-03-07,1.2796
2024-03-08,1.2852
2024-03-09,1.2807
2024-03-10,1.2807
2024-03-11,1.2807
2024-03-12,1.2786
2024-03-13,1.2799
2024-03-14,1.2749
2024-03-15,1.2742
2024-03-16,1.2736
2024-03-17,1.2736
2024-03-18,1.2736
2024-03-19,1.2713
2024-03-20,1.2713
2024-03-21,1.267
2024-03-22,1.2603
2024-03-23,1.2648
2024-03-24,1.2648
2024-03-25,1.2648
2024-03-26,1.263
2024-03-27,1.2631
2024-03-28,1.2634
2024-03-29,1.2637
2024-03-30,1.2545
2024-03-31,1.2545
2024-04-01,1.2545
2024-04-02,1.2576
2024-04-03,1.2635
2024-04-04,1.2669
2024-04-05,1.2633
2024-04-06,1.2655
2024-04-07,1.2655
2024-04-08,1.2655
2024-04-09,1.2676
2024-04-10,1.2544
2024-04-11,1.2535
2024-04-12,1.2457
2024-04-13,1.2466
2024-04-14,1.2466
2024-04-15,1.2466
2024-04-16,1.2437
2024-04-17,1.2443
2024-04-18,1.2465
2024-04-19,1.2397
2024-04-20,1.2341
2024-04-21,1.2341
2024-04-22,1.2341
2024-04-23,1.2434
2024-04-24,1.2434
2024-04-25,1.2494
2024-04-26,1.2474
2024-04-27,1.2553
2024-04-28,1.2553
2024-04-29,1.2553
2024-04-30,1.2514
2024-05-01,1.2488
2024-05-02,1.2507
2024-05-03,1.255
2024-05-04,1.2575
2024-05-05,1.2575
2024-05-06,1.2575
2024-05-07,1.2535
2024-05-08,1.2503
2024-05-09,1.2505
2024-05-10,1.2528
2024-05-11,1.2563
2024-05-12,1.2563
2024-05-13,1.2563
2024-05-14,1.2588
2024-05-15,1.2658
2024-05-16,1.2682
2024-05-17,1.2703
2024-05-18,1.2708
2024-05-19,1.2708
2024-05-20,1.2708
2024-05-21,1.271
2024-05-22,1.2739
2024-05-23,1.2717
2024-05-24,1.2746
2024-05-25,1.2786
2024-05-26,1.2786
2024-05-27,1.2786
2024-05-28,1.2786
2024-05-29,1.2714
2024-05-30,1.2739
2024-05-31,1.2738
2024-06-01,1.2795
2024-06-02,1.2795
2024-06-03,1.2795
2024-06-04,1.2785
2024-06-05,1.2771
2024-06-06,1.2786
2024-06-07,1.2727
2024-06-08,1.2733
2024-06-09,1.2733
2024-06-10,1.2733
2024-06-11,1.2725
2024-06-12,1.2843
2024-06-13,1.2764
2024-06-14,1.2685
2024-06-15,1.2689
2024-06-16,1.2689
2024-06-17,1.2689
2024-06-18,1.2699
2024-06-19,1.2671
2024-06-20,1.2671
2024-06-21,1.2645
2024-06-22,1.2684
2024-06-23,1.2684
2024-06-24,1.2684
2024-06-25,1.2677
2024-06-26,1.2625
2024-06-27,1.2653
2024-06-28,1.264
2024-06-29,1.265
2024-06-30,1.265
2024-07-01,1.265
2024-07-02,1.2679
2024-07-03,1.2766
2024-07-04,1.2807
2024-07-05,1.2807
2024-07-06,1.2829
2024-07-07,1.2829
2024-07-08,1.2829
2024-07-09,1.2787
2024-07-10,1.2842
2024-07-11,1.292
2024-07-12,1.2986
2024-07-13,1.2986
2024-07-14,1.2986
2024-07-15,1.2986
2024-07-16,1.2958
2024-07-17,1.3008
2024-07-18,1.2973
2024-07-19,1.2922
2024-07-20,1.2911
2024-07-21,1.2911
2024-07-22,1.2911
2024-07-23,1.2916
2024-07-24,1.2925
2024-07-25,1.2884
2024-07-26,1.2864
2024-07-27,1.2853
2024-07-28,1.2853
2024-07-29,1.2853
2024-07-30,1.2828
2024-07-31,1.284
2024-08-01,1.2772
2024-08-02,1.2798
2024-08-03,1.2765
2024-08-04,1.2765
2024-08-05,1.2765
2024-08-06,1.2695
2024-08-07,1.2718
2024-08-08,1.2741
2024-08-09,1.2766
2024-08-10,1.2776
2024-08-11,1.2776
2024-08-12,1.2776
2024-08-13,1.2828
2024-08-14,1.2849
2024-08-15,1.2863
2024-08-16,1.2906
2024-08-17,1.2984
2024-08-18,1.2984
2024-08-19,1.2984
2024-08-20,1.3027
2024-08-21,1.3077
2024-08-22,1.3094
2024-08-23,1.3197
2024-08-24,1.3185
2024-08-25,1.3185
2024-08-26,1.3185
2024-08-27,1.3235
2024-08-28,1.3201
2024-08-29,1.3186
2024-08-30,1.3132
2024-08-31,1.3103
2024-09-01,1.3103
2024-09-02,1.3103
2024-09-03,1.3103
2024-09-04,1.3142
2024-09-05,1.3165
2024-09-06,1.3136
2024-09-07,1.3083
2024-09-08,1.3083
2024-09-09,1.3083
2024-09-10,1.3065
2024-09-11,1.3027
2024-09-12,1.3081
2024-09-13,1.314
2024-09-14,1.3202
2024-09-15,1.3202
2024-09-16,1.3202
2024-09-17,1.3164
2024-09-18,1.3199
2024-09-19,1.3279
2024-09-20,1.3305
2024-09-21,1.3351
2024-09-22,1.3351
2024-09-23,1.3351
2024-09-24,1.3376
2024-09-25,1.3338
2024-09-26,1.3428
2024-09-27,1.3394
2024-09-28,1.3399
2024-09-29,1.3399
2024-09-30,1.3399
2024-10-01,1.3282
2024-10-02,1.3271
2024-10-03,1.3114
2024-10-04,1.3107
2024-10-05,1.308
2024-10-06,1.308
2024-10-07,1.308
2024-10-08,1.3093
2024-10-09,1.308
2024-10-10,1.3053
2024-10-11,1.307
2024-10-12,1.3083
2024-10-13,1.3083
2024-10-14,1.3083
2024-10-15,1.3083
2024-10-16,1.3
2024-10-17,1.3008
2024-10-18,1.3022
2024-10-19,1.298
2024-10-20,1.298
2024-10-21,1.298
2024-10-22,1.2969
2024-10-23,1.2944
2024-10-24,1.2964
2024-10-25,1.2978
2024-10-26,1.2981
2024-10-27,1.2981
2024-10-28,1.2981
2024-10-29,1.3005
2024-10-30,1.3012
2024-10-31,1.2856
2024-11-01,1.2959
2024-11-02,1.2942
2024-11-03,1.2942
2024-11-04,1.2942
2024-11-05,1.3015
2024-11-06,1.2897
2024-11-07,1.2985
2024-11-08,1.2905
2024-11-09,1.2733
2024-11-10,1.2733
2024-11-11,1.2733
2024-11-12,1.2733
2024-11-13,1.2709
2024-11-14,1.2706
2024-11-15,1.2629
2024-11-16,1.2664
2024-11-17,1.2664
2024-11-18,1.2664
2024-11-19,1.2667
2024-11-20,1.2639
2024-11-21,1.2586
2024-11-22,1.2516
2024-11-23,1.2554
2024-11-24,1.2554
2024-11-25,1.2554
2024-11-26,1.2547
2024-11-27,1.2678
2024-11-28,1.2699
2024-11-29,1.2699
2024-11-30,1.2639
2024-12-01,1.2639
2024-12-02,1.2639
2024-12-03,1.2677
2024-12-04,1.2712
2024-12-05,1.2754
2024-12-06,1.2744
2024-12-07,1.2783
2024-12-08,1.2783
2024-12-09,1.2783
2024-12-10,1.2758
2024-12-11,1.2763
2024-12-12,1.2715
2024-12-13,1.2629
2024-12-14,1.269
2024-12-15,1.269
2024-12-16,1.269
2024-12-17,1.2718
2024-12-18,1.2696
2024-12-19,1.253
2024-12-20,1.2587
2024-12-21,1.2529
2024-12-22,1.2529
2024-12-23,1.2529
2024-12-24,1.2528
2024-12-25,1.2522
2024-12-26,1.2522
2024-12-27,1.2573
2024-12-28,1.2523
2024-12-29,1.2523
2024-12-30,1.2523
2024-12-31,1.2521
2025-01-01,1.2376
2025-01-02,1.2376
2025-01-03,1.2419
2025-01-04,1.253
2025-01-05,1.253
2025-01-06,1.253
2025-01-07,1.2499
2025-01-08,1.2366
2025-01-09,1.2303
2025-01-10,1.2215
2025-01-11,1.2158
2025-01-12,1.2158
2025-01-13,1.2158
2025-01-14,1.2188
2025-01-15,1.2214
2025-01-16,1.2246
2025-01-17,1.2181
2025-01-18,1.2331
2025-01-19,1.2331
2025-01-20,1.2331
2025-01-21,1.2331
2025-01-22,1.2324
2025-01-23,1.2347
2025-01-24,1.2496
2025-01-25,1.2479
2025-01-26,1.2479
2025-01-27,1.2479
2025-01-28,1.2433
2025-01-29,1.2435
2025-01-30,1.2453
2025-01-31,1.2447
2025-02-01,1.2389
2025-02-02,1.2389
2025-02-03,1.2389
2025-02-04,1.2487
2025-02-05,1.2516
2025-02-06,1.2435
2025-02-07,1.2396
2025-02-08,1.2385
2025-02-09,1.2385
2025-02-10,1.2385
2025-02-11,1.2423
2025-02-12,1.2444
2025-02-13,1.2528
2025-02-14,1.2609
2025-02-15,1.2614
2025-02-16,1.2614
2025-02-17,1.2614
2025-02-18,1.2614
2025-02-19,1.2571
2025-02-20,1.2643
2025-02-21,1.2647
2025-02-22,1.264
2025-02-23,1.264
2025-02-24,1.264
2025-02-25,1.2652
2025-02-26,1.2696
2025-02-27,1.2628
2025-02-28,1.2591
